#
# There is insufficient memory for the Java Runtime Environment to continue.
# Native memory allocation (mmap) failed to map 315621376 bytes. Error detail: G1 virtual space
# Possible reasons:
#   The system is out of physical RAM or swap space
#   This process is running with CompressedOops enabled, and the Java Heap may be blocking the growth of the native heap
# Possible solutions:
#   Reduce memory load on the system
#   Increase physical memory or swap space
#   Check if swap backing store is full
#   Decrease Java heap size (-Xmx/-Xms)
#   Decrease number of Java threads
#   Decrease Java thread stack sizes (-Xss)
#   Set larger code cache with -XX:ReservedCodeCacheSize=
#   JVM is running with Unscaled Compressed Oops mode in which the Java heap is
#     placed in the first 4GB address space. The Java Heap base address is the
#     maximum limit for the native heap growth. Please use -XX:HeapBaseMinAddress
#     to set the Java Heap base and to place the Java Heap above 4GB virtual address.
# This output file may be truncated or incomplete.
#
#  Out of Memory Error (os_windows.cpp:3690), pid=6132, tid=17456
#
# JRE version: OpenJDK Runtime Environment Microsoft-13106358 (17.0.18+8) (build 17.0.18+8-LTS)
# Java VM: OpenJDK 64-Bit Server VM Microsoft-13106358 (17.0.18+8-LTS, mixed mode, sharing, tiered, compressed oops, compressed class ptrs, g1 gc, windows-amd64)
# No core dump will be written. Minidumps are not enabled by default on client versions of Windows
#

---------------  S U M M A R Y ------------

Command Line: --add-opens=java.base/java.lang=ALL-UNNAMED --add-opens=java.base/java.lang.invoke=ALL-UNNAMED --add-opens=java.base/java.util=ALL-UNNAMED --add-opens=java.prefs/java.util.prefs=ALL-UNNAMED --add-exports=jdk.compiler/com.sun.tools.javac.api=ALL-UNNAMED --add-exports=jdk.compiler/com.sun.tools.javac.util=ALL-UNNAMED --add-opens=java.base/java.util=ALL-UNNAMED --add-opens=java.prefs/java.util.prefs=ALL-UNNAMED --add-opens=java.base/java.nio.charset=ALL-UNNAMED --add-opens=java.base/java.net=ALL-UNNAMED --add-opens=java.base/java.util.concurrent.atomic=ALL-UNNAMED --add-opens=java.xml/javax.xml.namespace=ALL-UNNAMED -XX:MaxMetaspaceSize=512m -Xmx2048m -Dfile.encoding=windows-1252 -Duser.country=US -Duser.language=en -Duser.variant -javaagent:C:\Users\Sudharani-ITS130\.gradle\wrapper\dists\gradle-8.13-bin\5xuhj0ry160q40clulazy9h7d\gradle-8.13\lib\agents\gradle-instrumentation-agent-8.13.jar org.gradle.launcher.daemon.bootstrap.GradleDaemon 8.13

Host: 11th Gen Intel(R) Core(TM) i5-1135G7 @ 2.40GHz, 8 cores, 15G,  Windows 11 , 64 bit Build 26100 (10.0.26100.8875)
Time: Tue Jul 21 17:13:12 2026 India Standard Time elapsed time: 94.978748 seconds (0d 0h 1m 34s)

---------------  T H R E A D  ---------------

Current thread (0x0000012941ba2b80):  VMThread "VM Thread" [stack: 0x00000026c4100000,0x00000026c4200000] [id=17456]

Stack: [0x00000026c4100000,0x00000026c4200000]
Native frames: (J=compiled Java code, j=interpreted, Vv=VM code, C=native code)
V  [jvm.dll+0x68c879]  (no source info available)
V  [jvm.dll+0x845979]  (no source info available)
V  [jvm.dll+0x8476e8]  (no source info available)
V  [jvm.dll+0x847d73]  (no source info available)
V  [jvm.dll+0x24cf6f]  (no source info available)
V  [jvm.dll+0x68bc79]  (no source info available)
V  [jvm.dll+0x68023a]  (no source info available)
V  [jvm.dll+0x3101a0]  (no source info available)
V  [jvm.dll+0x310042]  (no source info available)
V  [jvm.dll+0x317599]  (no source info available)
V  [jvm.dll+0x369999]  (no source info available)
V  [jvm.dll+0x369bcd]  (no source info available)
V  [jvm.dll+0x2e69aa]  (no source info available)
V  [jvm.dll+0x2e9a28]  (no source info available)
V  [jvm.dll+0x2f4154]  (no source info available)
V  [jvm.dll+0x32913d]  (no source info available)
V  [jvm.dll+0x84c5fd]  (no source info available)
V  [jvm.dll+0x84d313]  (no source info available)
V  [jvm.dll+0x84d844]  (no source info available)
V  [jvm.dll+0x84dc28]  (no source info available)
V  [jvm.dll+0x84dd1e]  (no source info available)
V  [jvm.dll+0x7f5ebc]  (no source info available)
V  [jvm.dll+0x68de17]  (no source info available)
C  [ucrtbase.dll+0x2cd30]  (no source info available)
C  [KERNEL32.DLL+0x2e957]  (no source info available)
C  [ntdll.dll+0xaad6c]  (no source info available)

VM_Operation (0x00000026c3dff450): G1PauseRemark, mode: safepoint, requested by thread 0x0000012921640c10


---------------  P R O C E S S  ---------------

Threads class SMR info:
_java_thread_list=0x000001296d034aa0, length=157, elements={
0x00000129215d33d0, 0x0000012941ba9fd0, 0x0000012941babac0, 0x0000012941bc1a90,
0x0000012941bc1f70, 0x0000012941bc6470, 0x0000012941bca960, 0x0000012941bcd180,
0x0000012941bee410, 0x0000012941bf0d40, 0x0000012941d06b50, 0x0000012941da4cb0,
0x0000012961df69a0, 0x00000129627b35a0, 0x000001296270d610, 0x0000012962710990,
0x000001296277a060, 0x00000129626c73d0, 0x00000129626c5a80, 0x00000129626c5f90,
0x00000129626c4640, 0x00000129626c5060, 0x00000129626c64a0, 0x00000129626c69b0,
0x00000129626c78e0, 0x00000129626c6ec0, 0x00000129626c7df0, 0x00000129626c4b50,
0x00000129635194a0, 0x00000129635199b0, 0x0000012963518570, 0x000001296351a8e0,
0x000001296351a3d0, 0x000001296351b810, 0x000001296351b300, 0x0000012963518a80,
0x0000012962e729d0, 0x0000012962e71fb0, 0x0000012962e72ee0, 0x0000012962e75250,
0x0000012962e75760, 0x0000012962e74d40, 0x0000012962e73e10, 0x0000012962e724c0,
0x0000012962e78f10, 0x0000012962e79930, 0x0000012962e76ba0, 0x0000012962e78a00,
0x0000012962e76180, 0x0000012962e784f0, 0x0000012962e79420, 0x0000012962e770b0,
0x0000012962e76690, 0x0000012962e775c0, 0x0000012962e77ad0, 0x0000012962e77fe0,
0x00000129654f2a80, 0x00000129654f4df0, 0x00000129654f2f90, 0x00000129654f5300,
0x00000129654f34a0, 0x00000129654f2060, 0x00000129654f39b0, 0x00000129654f2570,
0x00000129654f6c50, 0x00000129654f3ec0, 0x00000129654f7670, 0x00000129654f43d0,
0x00000129654f7b80, 0x00000129654f8090, 0x00000129654f8ab0, 0x00000129654f8fc0,
0x00000129654f99e0, 0x00000129654f94d0, 0x0000012965aa52c0, 0x0000012965aa6700,
0x0000012965aa57d0, 0x0000012965aa5ce0, 0x0000012965aa7120, 0x0000012965aa48a0,
0x0000012965aa7630, 0x0000012965aa3e80, 0x0000012965aa61f0, 0x0000012965aa4db0,
0x0000012965aa4390, 0x0000012965aa6c10, 0x00000129637968d0, 0x00000129637959a0,
0x0000012963794a70, 0x0000012963796de0, 0x0000012963797800, 0x0000012963794f80,
0x0000012963794050, 0x00000129637963c0, 0x0000012963794560, 0x0000012963795490,
0x00000129637972f0, 0x0000012963795eb0, 0x0000012961c6ba80, 0x0000012961c6e810,
0x0000012961c6ddf0, 0x0000012961c6c9b0, 0x0000012961c6cec0, 0x0000012961c6d8e0,
0x0000012961c6b060, 0x0000012961c6e300, 0x0000012961c6c4a0, 0x0000012961c6b570,
0x00000129654f6740, 0x00000129662fc1c0, 0x00000129662fe530, 0x00000129662fd600,
0x00000129662fb7a0, 0x00000129662fbcb0, 0x00000129662fea40, 0x00000129662fb290,
0x00000129662fe020, 0x00000129662fef50, 0x00000129662ff460, 0x00000129662fcbe0,
0x00000129662fd0f0, 0x00000129662fc6d0, 0x00000129662ff970, 0x00000129662ffe80,
0x0000012966300390, 0x00000129663008a0, 0x0000012966300db0, 0x00000129663012c0,
0x00000129662fdb10, 0x00000129663017d0, 0x00000129663021f0, 0x0000012966301ce0,
0x0000012966302700, 0x0000012966302c10, 0x0000012961c6bf90, 0x000001296334aa30,
0x00000129633486c0, 0x00000129633490e0, 0x000001296334a010, 0x000001296334af40,
0x000001296334a520, 0x0000012963348bd0, 0x000001296334b450, 0x000001296334b960,
0x000001296334f620, 0x000001296334ec00, 0x000001296334f110, 0x000001296334d7c0,
0x000001296334cda0, 0x000001296334c380, 0x000001296334d2b0, 0x000001296334c890,
0x0000012965d4e5b0, 0x0000012965d4c750, 0x0000012965d50920, 0x000001296f7fec30,
0x000001296f7fe6e0
}

Java Threads: ( => current thread )
  0x00000129215d33d0 JavaThread "main" [_thread_blocked, id=16916, stack(0x00000026c3b00000,0x00000026c3c00000)]
  0x0000012941ba9fd0 JavaThread "Reference Handler" daemon [_thread_blocked, id=17224, stack(0x00000026c4200000,0x00000026c4300000)]
  0x0000012941babac0 JavaThread "Finalizer" daemon [_thread_blocked, id=10604, stack(0x00000026c4300000,0x00000026c4400000)]
  0x0000012941bc1a90 JavaThread "Signal Dispatcher" daemon [_thread_blocked, id=17300, stack(0x00000026c4400000,0x00000026c4500000)]
  0x0000012941bc1f70 JavaThread "Attach Listener" daemon [_thread_blocked, id=11436, stack(0x00000026c4500000,0x00000026c4600000)]
  0x0000012941bc6470 JavaThread "Service Thread" daemon [_thread_blocked, id=18648, stack(0x00000026c4600000,0x00000026c4700000)]
  0x0000012941bca960 JavaThread "Monitor Deflation Thread" daemon [_thread_blocked, id=5000, stack(0x00000026c4700000,0x00000026c4800000)]
  0x0000012941bcd180 JavaThread "C2 CompilerThread0" daemon [_thread_blocked, id=5920, stack(0x00000026c4800000,0x00000026c4900000)]
  0x0000012941bee410 JavaThread "C1 CompilerThread0" daemon [_thread_blocked, id=848, stack(0x00000026c4900000,0x00000026c4a00000)]
  0x0000012941bf0d40 JavaThread "Sweeper thread" daemon [_thread_blocked, id=17432, stack(0x00000026c4a00000,0x00000026c4b00000)]
  0x0000012941d06b50 JavaThread "Common-Cleaner" daemon [_thread_blocked, id=5708, stack(0x00000026c4b00000,0x00000026c4c00000)]
  0x0000012941da4cb0 JavaThread "Notification Thread" daemon [_thread_blocked, id=12320, stack(0x00000026c4c00000,0x00000026c4d00000)]
  0x0000012961df69a0 JavaThread "Daemon health stats" [_thread_blocked, id=11540, stack(0x00000026c5400000,0x00000026c5500000)]
  0x00000129627b35a0 JavaThread "Incoming local TCP Connector on port 49155" [_thread_in_native, id=204, stack(0x00000026c4e00000,0x00000026c4f00000)]
  0x000001296270d610 JavaThread "Daemon periodic checks" [_thread_blocked, id=8148, stack(0x00000026c5500000,0x00000026c5600000)]
  0x0000012962710990 JavaThread "Daemon" [_thread_blocked, id=8684, stack(0x00000026c5600000,0x00000026c5700000)]
  0x000001296277a060 JavaThread "Handler for socket connection from /127.0.0.1:49155 to /127.0.0.1:49156" [_thread_in_native, id=14476, stack(0x00000026c5700000,0x00000026c5800000)]
  0x00000129626c73d0 JavaThread "Cancel handler" [_thread_blocked, id=16080, stack(0x00000026c5800000,0x00000026c5900000)]
  0x00000129626c5a80 JavaThread "Daemon worker" [_thread_blocked, id=17716, stack(0x00000026c5900000,0x00000026c5a00000)]
  0x00000129626c5f90 JavaThread "Asynchronous log dispatcher for DefaultDaemonConnection: socket connection from /127.0.0.1:49155 to /127.0.0.1:49156" [_thread_blocked, id=16992, stack(0x00000026c5a00000,0x00000026c5b00000)]
  0x00000129626c4640 JavaThread "Stdin handler" [_thread_blocked, id=13376, stack(0x00000026c5b00000,0x00000026c5c00000)]
  0x00000129626c5060 JavaThread "Daemon client event forwarder" [_thread_blocked, id=2840, stack(0x00000026c5c00000,0x00000026c5d00000)]
  0x00000129626c64a0 JavaThread "Cache worker for journal cache (C:\Users\Sudharani-ITS130\.gradle\caches\journal-1)" [_thread_blocked, id=11348, stack(0x00000026c5d00000,0x00000026c5e00000)]
  0x00000129626c69b0 JavaThread "File lock request listener" [_thread_in_native, id=19376, stack(0x00000026c5e00000,0x00000026c5f00000)]
  0x00000129626c78e0 JavaThread "Cache worker for file hash cache (C:\Users\Sudharani-ITS130\.gradle\caches\8.13\fileHashes)" [_thread_blocked, id=14604, stack(0x00000026c5f00000,0x00000026c6000000)]
  0x00000129626c6ec0 JavaThread "Cache worker for file hash cache (D:\DelPart\delivery_partner_frontend\android\.gradle\8.13\fileHashes)" [_thread_blocked, id=2756, stack(0x00000026c6000000,0x00000026c6100000)]
  0x00000129626c7df0 JavaThread "Cache worker for Build Output Cleanup Cache (D:\DelPart\delivery_partner_frontend\android\.gradle\buildOutputCleanup)" [_thread_blocked, id=15656, stack(0x00000026c6100000,0x00000026c6200000)]
  0x00000129626c4b50 JavaThread "File watcher server" daemon [_thread_blocked, id=15752, stack(0x00000026c6600000,0x00000026c6700000)]
  0x00000129635194a0 JavaThread "File watcher consumer" daemon [_thread_blocked, id=16264, stack(0x00000026c6700000,0x00000026c6800000)]
  0x00000129635199b0 JavaThread "jar transforms" [_thread_blocked, id=8860, stack(0x00000026c6800000,0x00000026c6900000)]
  0x0000012963518570 JavaThread "Cache worker for checksums cache (D:\DelPart\delivery_partner_frontend\android\.gradle\8.13\checksums)" [_thread_blocked, id=10900, stack(0x00000026c6900000,0x00000026c6a00000)]
  0x000001296351a8e0 JavaThread "Cache worker for file content cache (C:\Users\Sudharani-ITS130\.gradle\caches\8.13\fileContent)" [_thread_blocked, id=15652, stack(0x00000026c6a00000,0x00000026c6b00000)]
  0x000001296351a3d0 JavaThread "Cache worker for cache directory md-supplier (C:\Users\Sudharani-ITS130\.gradle\caches\8.13\md-supplier)" [_thread_blocked, id=15108, stack(0x00000026c6b00000,0x00000026c6c00000)]
  0x000001296351b810 JavaThread "Cache worker for cache directory md-rule (C:\Users\Sudharani-ITS130\.gradle\caches\8.13\md-rule)" [_thread_blocked, id=5244, stack(0x00000026c6c00000,0x00000026c6d00000)]
  0x000001296351b300 JavaThread "Cache worker for Build Output Cleanup Cache (D:\DelPart\delivery_partner_frontend\node_modules\@react-native\gradle-plugin\.gradle\buildOutputCleanup)" [_thread_blocked, id=8544, stack(0x00000026c6d00000,0x00000026c6e00000)]
  0x0000012963518a80 JavaThread "Unconstrained build operations" [_thread_blocked, id=4376, stack(0x00000026c6f00000,0x00000026c7000000)]
  0x0000012962e729d0 JavaThread "Unconstrained build operations Thread 2" [_thread_blocked, id=12928, stack(0x00000026c7000000,0x00000026c7100000)]
  0x0000012962e71fb0 JavaThread "Unconstrained build operations Thread 3" [_thread_blocked, id=4316, stack(0x00000026c7100000,0x00000026c7200000)]
  0x0000012962e72ee0 JavaThread "Unconstrained build operations Thread 4" [_thread_blocked, id=14168, stack(0x00000026c7200000,0x00000026c7300000)]
  0x0000012962e75250 JavaThread "Unconstrained build operations Thread 5" [_thread_blocked, id=4048, stack(0x00000026c7300000,0x00000026c7400000)]
  0x0000012962e75760 JavaThread "Unconstrained build operations Thread 6" [_thread_blocked, id=6512, stack(0x00000026c7400000,0x00000026c7500000)]
  0x0000012962e74d40 JavaThread "Unconstrained build operations Thread 7" [_thread_blocked, id=14672, stack(0x00000026c7600000,0x00000026c7700000)]
  0x0000012962e73e10 JavaThread "Unconstrained build operations Thread 8" [_thread_blocked, id=3492, stack(0x00000026c7700000,0x00000026c7800000)]
  0x0000012962e724c0 JavaThread "Unconstrained build operations Thread 9" [_thread_blocked, id=18108, stack(0x00000026c7800000,0x00000026c7900000)]
  0x0000012962e78f10 JavaThread "Unconstrained build operations Thread 10" [_thread_blocked, id=13724, stack(0x00000026c7900000,0x00000026c7a00000)]
  0x0000012962e79930 JavaThread "Unconstrained build operations Thread 11" [_thread_blocked, id=5460, stack(0x00000026c7a00000,0x00000026c7b00000)]
  0x0000012962e76ba0 JavaThread "Unconstrained build operations Thread 12" [_thread_blocked, id=13040, stack(0x00000026c7b00000,0x00000026c7c00000)]
  0x0000012962e78a00 JavaThread "Unconstrained build operations Thread 13" [_thread_blocked, id=8524, stack(0x00000026c7c00000,0x00000026c7d00000)]
  0x0000012962e76180 JavaThread "Unconstrained build operations Thread 14" [_thread_blocked, id=11888, stack(0x00000026c7d00000,0x00000026c7e00000)]
  0x0000012962e784f0 JavaThread "Unconstrained build operations Thread 15" [_thread_blocked, id=15516, stack(0x00000026c7e00000,0x00000026c7f00000)]
  0x0000012962e79420 JavaThread "Unconstrained build operations Thread 16" [_thread_blocked, id=16028, stack(0x00000026c7f00000,0x00000026c8000000)]
  0x0000012962e770b0 JavaThread "Unconstrained build operations Thread 17" [_thread_blocked, id=2336, stack(0x00000026c8000000,0x00000026c8100000)]
  0x0000012962e76690 JavaThread "Unconstrained build operations Thread 18" [_thread_blocked, id=12592, stack(0x00000026c8100000,0x00000026c8200000)]
  0x0000012962e775c0 JavaThread "Unconstrained build operations Thread 19" [_thread_blocked, id=13828, stack(0x00000026c8200000,0x00000026c8300000)]
  0x0000012962e77ad0 JavaThread "Unconstrained build operations Thread 20" [_thread_blocked, id=17212, stack(0x00000026c8300000,0x00000026c8400000)]
  0x0000012962e77fe0 JavaThread "Unconstrained build operations Thread 21" [_thread_blocked, id=18704, stack(0x00000026c8400000,0x00000026c8500000)]
  0x00000129654f2a80 JavaThread "Unconstrained build operations Thread 22" [_thread_blocked, id=18996, stack(0x00000026c8500000,0x00000026c8600000)]
  0x00000129654f4df0 JavaThread "Unconstrained build operations Thread 23" [_thread_blocked, id=8788, stack(0x00000026c8600000,0x00000026c8700000)]
  0x00000129654f2f90 JavaThread "Unconstrained build operations Thread 24" [_thread_blocked, id=18296, stack(0x00000026c8700000,0x00000026c8800000)]
  0x00000129654f5300 JavaThread "Unconstrained build operations Thread 25" [_thread_blocked, id=11500, stack(0x00000026c8800000,0x00000026c8900000)]
  0x00000129654f34a0 JavaThread "Unconstrained build operations Thread 26" [_thread_blocked, id=12368, stack(0x00000026c8900000,0x00000026c8a00000)]
  0x00000129654f2060 JavaThread "Unconstrained build operations Thread 27" [_thread_blocked, id=11748, stack(0x00000026c8a00000,0x00000026c8b00000)]
  0x00000129654f39b0 JavaThread "build event listener" [_thread_blocked, id=13308, stack(0x00000026c8b00000,0x00000026c8c00000)]
  0x00000129654f2570 JavaThread "Memory manager" [_thread_blocked, id=7192, stack(0x00000026c8c00000,0x00000026c8d00000)]
  0x00000129654f6c50 JavaThread "ForkJoinPool.commonPool-worker-1" daemon [_thread_blocked, id=10568, stack(0x00000026c8e00000,0x00000026c8f00000)]
  0x00000129654f3ec0 JavaThread "ForkJoinPool.commonPool-worker-2" daemon [_thread_blocked, id=6364, stack(0x00000026c8f00000,0x00000026c9000000)]
  0x00000129654f7670 JavaThread "ForkJoinPool.commonPool-worker-4" daemon [_thread_blocked, id=3768, stack(0x00000026c9100000,0x00000026c9200000)]
  0x00000129654f43d0 JavaThread "ForkJoinPool.commonPool-worker-5" daemon [_thread_blocked, id=13880, stack(0x00000026c9200000,0x00000026c9300000)]
  0x00000129654f7b80 JavaThread "ForkJoinPool.commonPool-worker-6" daemon [_thread_blocked, id=18640, stack(0x00000026c9300000,0x00000026c9400000)]
  0x00000129654f8090 JavaThread "ForkJoinPool.commonPool-worker-7" daemon [_thread_blocked, id=2816, stack(0x00000026c9400000,0x00000026c9500000)]
  0x00000129654f8ab0 JavaThread "included builds" [_thread_blocked, id=7704, stack(0x00000026c9500000,0x00000026c9600000)]
  0x00000129654f8fc0 JavaThread "Execution worker" [_thread_blocked, id=16984, stack(0x00000026c9600000,0x00000026c9700000)]
  0x00000129654f99e0 JavaThread "Execution worker Thread 2" [_thread_blocked, id=1284, stack(0x00000026c9700000,0x00000026c9800000)]
  0x00000129654f94d0 JavaThread "Execution worker Thread 3" [_thread_blocked, id=3388, stack(0x00000026c9800000,0x00000026c9900000)]
  0x0000012965aa52c0 JavaThread "Execution worker Thread 4" [_thread_blocked, id=8464, stack(0x00000026c9900000,0x00000026c9a00000)]
  0x0000012965aa6700 JavaThread "Execution worker Thread 5" [_thread_blocked, id=17216, stack(0x00000026c9a00000,0x00000026c9b00000)]
  0x0000012965aa57d0 JavaThread "Execution worker Thread 6" [_thread_blocked, id=17392, stack(0x00000026c9b00000,0x00000026c9c00000)]
  0x0000012965aa5ce0 JavaThread "Execution worker Thread 7" [_thread_blocked, id=1928, stack(0x00000026c9c00000,0x00000026c9d00000)]
  0x0000012965aa7120 JavaThread "Cache worker for execution history cache (D:\DelPart\delivery_partner_frontend\node_modules\@react-native\gradle-plugin\.gradle\8.13\executionHistory)" [_thread_blocked, id=18188, stack(0x00000026c9d00000,0x00000026c9e00000)]
  0x0000012965aa48a0 JavaThread "Unconstrained build operations Thread 28" [_thread_blocked, id=9648, stack(0x00000026c6e00000,0x00000026c6f00000)]
  0x0000012965aa7630 JavaThread "Unconstrained build operations Thread 29" [_thread_blocked, id=12704, stack(0x00000026c8d00000,0x00000026c8e00000)]
  0x0000012965aa3e80 JavaThread "Unconstrained build operations Thread 30" [_thread_blocked, id=19072, stack(0x00000026c9e00000,0x00000026c9f00000)]
  0x0000012965aa61f0 JavaThread "Unconstrained build operations Thread 31" [_thread_blocked, id=15916, stack(0x00000026c9f00000,0x00000026ca000000)]
  0x0000012965aa4db0 JavaThread "Unconstrained build operations Thread 32" [_thread_blocked, id=3868, stack(0x00000026ca000000,0x00000026ca100000)]
  0x0000012965aa4390 JavaThread "Unconstrained build operations Thread 33" [_thread_blocked, id=13928, stack(0x00000026ca100000,0x00000026ca200000)]
  0x0000012965aa6c10 JavaThread "Unconstrained build operations Thread 34" [_thread_blocked, id=3024, stack(0x00000026ca200000,0x00000026ca300000)]
  0x00000129637968d0 JavaThread "Unconstrained build operations Thread 35" [_thread_blocked, id=7556, stack(0x00000026ca300000,0x00000026ca400000)]
  0x00000129637959a0 JavaThread "Unconstrained build operations Thread 36" [_thread_blocked, id=14972, stack(0x00000026ca400000,0x00000026ca500000)]
  0x0000012963794a70 JavaThread "Unconstrained build operations Thread 37" [_thread_blocked, id=17748, stack(0x00000026ca500000,0x00000026ca600000)]
  0x0000012963796de0 JavaThread "Unconstrained build operations Thread 38" [_thread_blocked, id=17376, stack(0x00000026ca600000,0x00000026ca700000)]
  0x0000012963797800 JavaThread "Unconstrained build operations Thread 39" [_thread_blocked, id=19132, stack(0x00000026ca700000,0x00000026ca800000)]
  0x0000012963794f80 JavaThread "Unconstrained build operations Thread 40" [_thread_blocked, id=19460, stack(0x00000026ca800000,0x00000026ca900000)]
  0x0000012963794050 JavaThread "Unconstrained build operations Thread 41" [_thread_blocked, id=19464, stack(0x00000026ca900000,0x00000026caa00000)]
  0x00000129637963c0 JavaThread "Unconstrained build operations Thread 42" [_thread_blocked, id=19468, stack(0x00000026caa00000,0x00000026cab00000)]
  0x0000012963794560 JavaThread "Unconstrained build operations Thread 43" [_thread_blocked, id=19472, stack(0x00000026cab00000,0x00000026cac00000)]
  0x0000012963795490 JavaThread "Unconstrained build operations Thread 44" [_thread_blocked, id=19476, stack(0x00000026cac00000,0x00000026cad00000)]
  0x00000129637972f0 JavaThread "Unconstrained build operations Thread 45" [_thread_blocked, id=19480, stack(0x00000026cad00000,0x00000026cae00000)]
  0x0000012963795eb0 JavaThread "Unconstrained build operations Thread 46" [_thread_blocked, id=19484, stack(0x00000026cae00000,0x00000026caf00000)]
  0x0000012961c6ba80 JavaThread "Unconstrained build operations Thread 47" [_thread_blocked, id=19488, stack(0x00000026caf00000,0x00000026cb000000)]
  0x0000012961c6e810 JavaThread "Unconstrained build operations Thread 48" [_thread_blocked, id=19492, stack(0x00000026cb000000,0x00000026cb100000)]
  0x0000012961c6ddf0 JavaThread "WorkerExecutor Queue" [_thread_blocked, id=19548, stack(0x00000026cb200000,0x00000026cb300000)]
  0x0000012961c6c9b0 JavaThread "RMI Scheduler(0)" daemon [_thread_blocked, id=19812, stack(0x00000026cb100000,0x00000026cb200000)]
  0x0000012961c6cec0 JavaThread "RMI GC Daemon" daemon [_thread_blocked, id=19824, stack(0x00000026cb400000,0x00000026cb500000)]
  0x0000012961c6d8e0 JavaThread "RMI TCP Accept-0" daemon [_thread_in_native, id=19836, stack(0x00000026cb600000,0x00000026cb700000)]
  0x0000012961c6b060 JavaThread "RMI Reaper" [_thread_blocked, id=19840, stack(0x00000026cb700000,0x00000026cb800000)]
  0x0000012961c6e300 JavaThread "RMI TCP Connection(idle)" daemon [_thread_blocked, id=19848, stack(0x00000026cb800000,0x00000026cb900000)]
  0x0000012961c6c4a0 JavaThread "Unconstrained build operations Thread 49" [_thread_blocked, id=20296, stack(0x00000026cb900000,0x00000026cba00000)]
  0x0000012961c6b570 JavaThread "Unconstrained build operations Thread 50" [_thread_blocked, id=20300, stack(0x00000026cba00000,0x00000026cbb00000)]
  0x00000129654f6740 JavaThread "Unconstrained build operations Thread 51" [_thread_blocked, id=20280, stack(0x00000026cbb00000,0x00000026cbc00000)]
  0x00000129662fc1c0 JavaThread "Unconstrained build operations Thread 52" [_thread_blocked, id=20412, stack(0x00000026cbc00000,0x00000026cbd00000)]
  0x00000129662fe530 JavaThread "Unconstrained build operations Thread 53" [_thread_blocked, id=20420, stack(0x00000026cbd00000,0x00000026cbe00000)]
  0x00000129662fd600 JavaThread "Unconstrained build operations Thread 54" [_thread_blocked, id=20408, stack(0x00000026cbe00000,0x00000026cbf00000)]
  0x00000129662fb7a0 JavaThread "Unconstrained build operations Thread 55" [_thread_blocked, id=20416, stack(0x00000026cbf00000,0x00000026cc000000)]
  0x00000129662fbcb0 JavaThread "Unconstrained build operations Thread 56" [_thread_blocked, id=20424, stack(0x00000026cc000000,0x00000026cc100000)]
  0x00000129662fea40 JavaThread "WorkerExecutor Queue Thread 2" [_thread_blocked, id=20044, stack(0x00000026cc100000,0x00000026cc200000)]
  0x00000129662fb290 JavaThread "RMI TCP Connection(idle)" daemon [_thread_blocked, id=19540, stack(0x00000026cc300000,0x00000026cc400000)]
  0x00000129662fe020 JavaThread "Unconstrained build operations Thread 57" [_thread_blocked, id=6444, stack(0x00000026cb300000,0x00000026cb400000)]
  0x00000129662fef50 JavaThread "Unconstrained build operations Thread 58" [_thread_blocked, id=11068, stack(0x00000026cc200000,0x00000026cc300000)]
  0x00000129662ff460 JavaThread "Unconstrained build operations Thread 59" [_thread_blocked, id=17552, stack(0x00000026cc400000,0x00000026cc500000)]
  0x00000129662fcbe0 JavaThread "Unconstrained build operations Thread 60" [_thread_blocked, id=6160, stack(0x00000026cc500000,0x00000026cc600000)]
  0x00000129662fd0f0 JavaThread "Unconstrained build operations Thread 61" [_thread_blocked, id=4988, stack(0x00000026cc600000,0x00000026cc700000)]
  0x00000129662fc6d0 JavaThread "Unconstrained build operations Thread 62" [_thread_blocked, id=19964, stack(0x00000026cc700000,0x00000026cc800000)]
  0x00000129662ff970 JavaThread "Unconstrained build operations Thread 63" [_thread_blocked, id=8488, stack(0x00000026cc800000,0x00000026cc900000)]
  0x00000129662ffe80 JavaThread "Unconstrained build operations Thread 64" [_thread_blocked, id=5884, stack(0x00000026cc900000,0x00000026cca00000)]
  0x0000012966300390 JavaThread "Unconstrained build operations Thread 65" [_thread_blocked, id=10912, stack(0x00000026cca00000,0x00000026ccb00000)]
  0x00000129663008a0 JavaThread "Unconstrained build operations Thread 66" [_thread_blocked, id=14796, stack(0x00000026ccb00000,0x00000026ccc00000)]
  0x0000012966300db0 JavaThread "Unconstrained build operations Thread 67" [_thread_blocked, id=16776, stack(0x00000026ccc00000,0x00000026ccd00000)]
  0x00000129663012c0 JavaThread "Unconstrained build operations Thread 68" [_thread_blocked, id=20428, stack(0x00000026ccd00000,0x00000026cce00000)]
  0x00000129662fdb10 JavaThread "Unconstrained build operations Thread 69" [_thread_blocked, id=18016, stack(0x00000026cce00000,0x00000026ccf00000)]
  0x00000129663017d0 JavaThread "Unconstrained build operations Thread 70" [_thread_blocked, id=7336, stack(0x00000026ccf00000,0x00000026cd000000)]
  0x00000129663021f0 JavaThread "Unconstrained build operations Thread 71" [_thread_blocked, id=18048, stack(0x00000026cd000000,0x00000026cd100000)]
  0x0000012966301ce0 JavaThread "Unconstrained build operations Thread 72" [_thread_blocked, id=19868, stack(0x00000026cd100000,0x00000026cd200000)]
  0x0000012966302700 JavaThread "Unconstrained build operations Thread 73" [_thread_blocked, id=18452, stack(0x00000026cd200000,0x00000026cd300000)]
  0x0000012966302c10 JavaThread "Unconstrained build operations Thread 74" [_thread_blocked, id=19588, stack(0x00000026cd300000,0x00000026cd400000)]
  0x0000012961c6bf90 JavaThread "Unconstrained build operations Thread 75" [_thread_blocked, id=1800, stack(0x00000026cd400000,0x00000026cd500000)]
  0x000001296334aa30 JavaThread "Unconstrained build operations Thread 76" [_thread_blocked, id=1848, stack(0x00000026cd500000,0x00000026cd600000)]
  0x00000129633486c0 JavaThread "Unconstrained build operations Thread 77" [_thread_blocked, id=16688, stack(0x00000026cd600000,0x00000026cd700000)]
  0x00000129633490e0 JavaThread "jar transforms Thread 2" [_thread_blocked, id=18368, stack(0x00000026cd700000,0x00000026cd800000)]
  0x000001296334a010 JavaThread "jar transforms Thread 3" [_thread_blocked, id=6856, stack(0x00000026cd800000,0x00000026cd900000)]
  0x000001296334af40 JavaThread "Unconstrained build operations Thread 78" [_thread_blocked, id=8316, stack(0x00000026cd900000,0x00000026cda00000)]
  0x000001296334a520 JavaThread "Unconstrained build operations Thread 79" [_thread_blocked, id=16952, stack(0x00000026cda00000,0x00000026cdb00000)]
  0x0000012963348bd0 JavaThread "Unconstrained build operations Thread 80" [_thread_blocked, id=20028, stack(0x00000026cdb00000,0x00000026cdc00000)]
  0x000001296334b450 JavaThread "WorkerExecutor Queue Thread 3" [_thread_blocked, id=8360, stack(0x00000026cdc00000,0x00000026cdd00000)]
  0x000001296334b960 JavaThread "RMI TCP Connection(idle)" daemon [_thread_blocked, id=4648, stack(0x00000026cde00000,0x00000026cdf00000)]
  0x000001296334f620 JavaThread "jar transforms Thread 4" [_thread_blocked, id=20808, stack(0x00000026ce100000,0x00000026ce200000)]
  0x000001296334ec00 JavaThread "jar transforms Thread 5" [_thread_blocked, id=20828, stack(0x00000026ce200000,0x00000026ce300000)]
  0x000001296334f110 JavaThread "jar transforms Thread 6" [_thread_blocked, id=20832, stack(0x00000026ce300000,0x00000026ce400000)]
  0x000001296334d7c0 JavaThread "build event listener" [_thread_blocked, id=21352, stack(0x00000026ce000000,0x00000026ce100000)]
  0x000001296334cda0 JavaThread "jar transforms Thread 7" [_thread_blocked, id=21356, stack(0x00000026ce400000,0x00000026ce500000)]
  0x000001296334c380 JavaThread "jar transforms Thread 8" [_thread_blocked, id=21360, stack(0x00000026ce500000,0x00000026ce600000)]
  0x000001296334d2b0 JavaThread "Problems report writer" [_thread_blocked, id=21376, stack(0x00000026ce600000,0x00000026ce700000)]
  0x000001296334c890 JavaThread "Exec process" [_thread_blocked, id=21296, stack(0x00000026c3900000,0x00000026c3a00000)]
  0x0000012965d4e5b0 JavaThread "Exec process Thread 2" [_thread_blocked, id=19900, stack(0x00000026cdf00000,0x00000026ce000000)]
  0x0000012965d4c750 JavaThread "Exec process Thread 3" [_thread_blocked, id=19884, stack(0x00000026ce700000,0x00000026ce800000)]
  0x0000012965d50920 JavaThread "Cache worker for execution history cache (D:\DelPart\delivery_partner_frontend\android\.gradle\8.13\executionHistory)" [_thread_blocked, id=21616, stack(0x00000026c3800000,0x00000026c3900000)]
  0x000001296f7fec30 JavaThread "C2 CompilerThread1" daemon [_thread_blocked, id=22520, stack(0x00000026c7500000,0x00000026c7600000)]
  0x000001296f7fe6e0 JavaThread "C2 CompilerThread2" daemon [_thread_blocked, id=21756, stack(0x00000026c9000000,0x00000026c9100000)]

Other Threads:
=>0x0000012941ba2b80 VMThread "VM Thread" [stack: 0x00000026c4100000,0x00000026c4200000] [id=17456]
  0x00000129215d3f00 WatcherThread [stack: 0x00000026c4d00000,0x00000026c4e00000] [id=18720]
  0x000001292162fc40 GCTaskThread "GC Thread#0" [stack: 0x00000026c3c00000,0x00000026c3d00000] [id=10880]
  0x000001296112fae0 GCTaskThread "GC Thread#1" [stack: 0x00000026c4f00000,0x00000026c5000000] [id=11556]
  0x0000012961126590 GCTaskThread "GC Thread#2" [stack: 0x00000026c5000000,0x00000026c5100000] [id=7236]
  0x0000012961071ca0 GCTaskThread "GC Thread#3" [stack: 0x00000026c5100000,0x00000026c5200000] [id=13012]
  0x0000012961070350 GCTaskThread "GC Thread#4" [stack: 0x00000026c5200000,0x00000026c5300000] [id=2964]
  0x0000012941d848a0 GCTaskThread "GC Thread#5" [stack: 0x00000026c6200000,0x00000026c6300000] [id=10920]
  0x0000012941d82140 GCTaskThread "GC Thread#6" [stack: 0x00000026c6300000,0x00000026c6400000] [id=2704]
  0x0000012941d81330 GCTaskThread "GC Thread#7" [stack: 0x00000026c6400000,0x00000026c6500000] [id=10464]
  0x0000012921640c10 ConcurrentGCThread "G1 Main Marker" [stack: 0x00000026c3d00000,0x00000026c3e00000] [id=8604]
  0x0000012921642f60 ConcurrentGCThread "G1 Conc#0" [stack: 0x00000026c3e00000,0x00000026c3f00000] [id=16408]
  0x0000012941d82f50 ConcurrentGCThread "G1 Conc#1" [stack: 0x00000026c6500000,0x00000026c6600000] [id=9296]
  0x0000012941a5d230 ConcurrentGCThread "G1 Refine#0" [stack: 0x00000026c3f00000,0x00000026c4000000] [id=14464]
  0x00000129614a1890 ConcurrentGCThread "G1 Refine#1" [stack: 0x00000026c5300000,0x00000026c5400000] [id=12000]
  0x0000012941a5d530 ConcurrentGCThread "G1 Service" [stack: 0x00000026c4000000,0x00000026c4100000] [id=17268]

Threads with active compile tasks:

VM state: at safepoint (normal execution)

VM Mutex/Monitor currently owned by a thread:  ([mutex/lock_event])
[0x00000129212f34e0] Threads_lock - owner thread: 0x0000012941ba2b80
[0x00000129215cfae0] Heap_lock - owner thread: 0x0000012921640c10

Heap address: 0x0000000080000000, size: 2048 MB, Compressed Oops mode: 32-bit

CDS archive(s) mapped at: [0x0000012942000000-0x0000012942bb0000-0x0000012942bb0000), size 12255232, SharedBaseAddress: 0x0000012942000000, ArchiveRelocationMode: 1.
Compressed class space mapped at: 0x0000012943000000-0x000001295d000000, reserved size: 436207616
Narrow klass base: 0x0000012942000000, Narrow klass shift: 0, Narrow klass range: 0x100000000

GC Precious Log:
 CPUs: 8 total, 8 available
 Memory: 15781M
 Large Page Support: Disabled
 NUMA Support: Disabled
 Compressed Oops: Enabled (32-bit)
 Heap Region Size: 1M
 Heap Min Capacity: 8M
 Heap Initial Capacity: 248M
 Heap Max Capacity: 2G
 Pre-touch: Disabled
 Parallel Workers: 8
 Concurrent Workers: 2
 Concurrent Refinement Workers: 8
 Periodic GC: Disabled

Heap:
 garbage-first heap   total 576512K, used 526721K [0x0000000080000000, 0x0000000100000000)
  region size 1024K, 22 young (22528K), 4 survivors (4096K)
 Metaspace       used 134622K, committed 137344K, reserved 557056K
  class space    used 18492K, committed 19712K, reserved 425984K

Heap Regions: E=young(eden), S=young(survivor), O=old, HS=humongous(starts), HC=humongous(continues), CS=collection set, F=free, OA=open archive, CA=closed archive, TAMS=top-at-mark-start (previous, next)
|   0|0x0000000080000000, 0x0000000080100000, 0x0000000080100000|100%|HS|  |TAMS 0x0000000080100000, 0x0000000080000000| Complete 
|   1|0x0000000080100000, 0x0000000080200000, 0x0000000080200000|100%|HC|  |TAMS 0x0000000080200000, 0x0000000080100000| Complete 
|   2|0x0000000080200000, 0x0000000080300000, 0x0000000080300000|100%|HC|  |TAMS 0x0000000080300000, 0x0000000080200000| Complete 
|   3|0x0000000080300000, 0x0000000080400000, 0x0000000080400000|100%| O|  |TAMS 0x0000000080400000, 0x0000000080300000| Untracked 
|   4|0x0000000080400000, 0x0000000080500000, 0x0000000080500000|100%| O|  |TAMS 0x0000000080500000, 0x0000000080400000| Untracked 
|   5|0x0000000080500000, 0x0000000080600000, 0x0000000080600000|100%| O|  |TAMS 0x0000000080600000, 0x0000000080500000| Untracked 
|   6|0x0000000080600000, 0x0000000080700000, 0x0000000080700000|100%|HS|  |TAMS 0x0000000080700000, 0x0000000080600000| Complete 
|   7|0x0000000080700000, 0x0000000080800000, 0x0000000080800000|100%| O|  |TAMS 0x0000000080800000, 0x0000000080700000| Untracked 
|   8|0x0000000080800000, 0x0000000080900000, 0x0000000080900000|100%| O|  |TAMS 0x0000000080900000, 0x0000000080800000| Untracked 
|   9|0x0000000080900000, 0x0000000080a00000, 0x0000000080a00000|100%| O|  |TAMS 0x0000000080a00000, 0x0000000080900000| Untracked 
|  10|0x0000000080a00000, 0x0000000080b00000, 0x0000000080b00000|100%| O|  |TAMS 0x0000000080b00000, 0x0000000080a00000| Untracked 
|  11|0x0000000080b00000, 0x0000000080c00000, 0x0000000080c00000|100%| O|  |TAMS 0x0000000080c00000, 0x0000000080b00000| Untracked 
|  12|0x0000000080c00000, 0x0000000080d00000, 0x0000000080d00000|100%| O|  |TAMS 0x0000000080d00000, 0x0000000080c00000| Updating 
|  13|0x0000000080d00000, 0x0000000080e00000, 0x0000000080e00000|100%| O|  |TAMS 0x0000000080e00000, 0x0000000080d00000| Untracked 
|  14|0x0000000080e00000, 0x0000000080f00000, 0x0000000080f00000|100%| O|  |TAMS 0x0000000080f00000, 0x0000000080e00000| Untracked 
|  15|0x0000000080f00000, 0x0000000081000000, 0x0000000081000000|100%| O|  |TAMS 0x0000000081000000, 0x0000000080f00000| Untracked 
|  16|0x0000000081000000, 0x0000000081100000, 0x0000000081100000|100%| O|  |TAMS 0x0000000081100000, 0x0000000081000000| Untracked 
|  17|0x0000000081100000, 0x0000000081200000, 0x0000000081200000|100%| O|  |TAMS 0x0000000081200000, 0x0000000081100000| Untracked 
|  18|0x0000000081200000, 0x0000000081300000, 0x0000000081300000|100%| O|  |TAMS 0x0000000081300000, 0x0000000081200000| Untracked 
|  19|0x0000000081300000, 0x0000000081400000, 0x0000000081400000|100%| O|  |TAMS 0x0000000081400000, 0x0000000081300000| Untracked 
|  20|0x0000000081400000, 0x0000000081500000, 0x0000000081500000|100%| O|  |TAMS 0x0000000081500000, 0x0000000081400000| Untracked 
|  21|0x0000000081500000, 0x0000000081600000, 0x0000000081600000|100%| O|  |TAMS 0x0000000081600000, 0x0000000081500000| Untracked 
|  22|0x0000000081600000, 0x0000000081700000, 0x0000000081700000|100%| O|  |TAMS 0x0000000081700000, 0x0000000081600000| Untracked 
|  23|0x0000000081700000, 0x0000000081800000, 0x0000000081800000|100%| O|  |TAMS 0x0000000081800000, 0x0000000081700000| Untracked 
|  24|0x0000000081800000, 0x0000000081900000, 0x0000000081900000|100%| O|  |TAMS 0x0000000081900000, 0x0000000081800000| Untracked 
|  25|0x0000000081900000, 0x0000000081a00000, 0x0000000081a00000|100%| O|  |TAMS 0x0000000081a00000, 0x0000000081900000| Untracked 
|  26|0x0000000081a00000, 0x0000000081b00000, 0x0000000081b00000|100%| O|  |TAMS 0x0000000081b00000, 0x0000000081a00000| Untracked 
|  27|0x0000000081b00000, 0x0000000081c00000, 0x0000000081c00000|100%| O|  |TAMS 0x0000000081c00000, 0x0000000081b00000| Updating 
|  28|0x0000000081c00000, 0x0000000081d00000, 0x0000000081d00000|100%| O|  |TAMS 0x0000000081d00000, 0x0000000081c00000| Untracked 
|  29|0x0000000081d00000, 0x0000000081e00000, 0x0000000081e00000|100%| O|  |TAMS 0x0000000081e00000, 0x0000000081d00000| Untracked 
|  30|0x0000000081e00000, 0x0000000081f00000, 0x0000000081f00000|100%| O|  |TAMS 0x0000000081f00000, 0x0000000081e00000| Updating 
|  31|0x0000000081f00000, 0x0000000082000000, 0x0000000082000000|100%| O|  |TAMS 0x0000000082000000, 0x0000000081f00000| Updating 
|  32|0x0000000082000000, 0x0000000082100000, 0x0000000082100000|100%| O|  |TAMS 0x0000000082100000, 0x0000000082000000| Updating 
|  33|0x0000000082100000, 0x0000000082200000, 0x0000000082200000|100%| O|  |TAMS 0x0000000082200000, 0x0000000082100000| Untracked 
|  34|0x0000000082200000, 0x0000000082300000, 0x0000000082300000|100%| O|  |TAMS 0x0000000082300000, 0x0000000082200000| Untracked 
|  35|0x0000000082300000, 0x0000000082400000, 0x0000000082400000|100%| O|  |TAMS 0x0000000082400000, 0x0000000082300000| Untracked 
|  36|0x0000000082400000, 0x0000000082500000, 0x0000000082500000|100%| O|  |TAMS 0x0000000082500000, 0x0000000082400000| Updating 
|  37|0x0000000082500000, 0x0000000082600000, 0x0000000082600000|100%| O|  |TAMS 0x0000000082600000, 0x0000000082500000| Untracked 
|  38|0x0000000082600000, 0x0000000082700000, 0x0000000082700000|100%| O|  |TAMS 0x0000000082700000, 0x0000000082600000| Updating 
|  39|0x0000000082700000, 0x0000000082800000, 0x0000000082800000|100%| O|  |TAMS 0x0000000082800000, 0x0000000082700000| Updating 
|  40|0x0000000082800000, 0x0000000082900000, 0x0000000082900000|100%| O|  |TAMS 0x0000000082900000, 0x0000000082800000| Untracked 
|  41|0x0000000082900000, 0x0000000082a00000, 0x0000000082a00000|100%| O|  |TAMS 0x0000000082a00000, 0x0000000082900000| Untracked 
|  42|0x0000000082a00000, 0x0000000082b00000, 0x0000000082b00000|100%| O|  |TAMS 0x0000000082b00000, 0x0000000082a00000| Untracked 
|  43|0x0000000082b00000, 0x0000000082c00000, 0x0000000082c00000|100%| O|  |TAMS 0x0000000082c00000, 0x0000000082b00000| Updating 
|  44|0x0000000082c00000, 0x0000000082d00000, 0x0000000082d00000|100%|HS|  |TAMS 0x0000000082d00000, 0x0000000082c00000| Complete 
|  45|0x0000000082d00000, 0x0000000082e00000, 0x0000000082e00000|100%|HC|  |TAMS 0x0000000082e00000, 0x0000000082d00000| Complete 
|  46|0x0000000082e00000, 0x0000000082f00000, 0x0000000082f00000|100%|HC|  |TAMS 0x0000000082f00000, 0x0000000082e00000| Complete 
|  47|0x0000000082f00000, 0x0000000083000000, 0x0000000083000000|100%|HS|  |TAMS 0x0000000083000000, 0x0000000082f00000| Complete 
|  48|0x0000000083000000, 0x0000000083100000, 0x0000000083100000|100%|HC|  |TAMS 0x0000000083100000, 0x0000000083000000| Complete 
|  49|0x0000000083100000, 0x0000000083200000, 0x0000000083200000|100%|HC|  |TAMS 0x0000000083200000, 0x0000000083100000| Complete 
|  50|0x0000000083200000, 0x0000000083300000, 0x0000000083300000|100%|HS|  |TAMS 0x0000000083300000, 0x0000000083200000| Complete 
|  51|0x0000000083300000, 0x0000000083400000, 0x0000000083400000|100%| O|  |TAMS 0x0000000083400000, 0x0000000083300000| Updating 
|  52|0x0000000083400000, 0x0000000083500000, 0x0000000083500000|100%|HS|  |TAMS 0x0000000083500000, 0x0000000083400000| Complete 
|  53|0x0000000083500000, 0x0000000083600000, 0x0000000083600000|100%| O|  |TAMS 0x0000000083600000, 0x0000000083500000| Untracked 
|  54|0x0000000083600000, 0x0000000083700000, 0x0000000083700000|100%| O|  |TAMS 0x0000000083700000, 0x0000000083600000| Updating 
|  55|0x0000000083700000, 0x0000000083800000, 0x0000000083800000|100%| O|  |TAMS 0x0000000083800000, 0x0000000083700000| Updating 
|  56|0x0000000083800000, 0x0000000083900000, 0x0000000083900000|100%| O|  |TAMS 0x0000000083900000, 0x0000000083800000| Untracked 
|  57|0x0000000083900000, 0x0000000083a00000, 0x0000000083a00000|100%| O|  |TAMS 0x0000000083a00000, 0x0000000083900000| Untracked 
|  58|0x0000000083a00000, 0x0000000083b00000, 0x0000000083b00000|100%| O|  |TAMS 0x0000000083b00000, 0x0000000083a00000| Untracked 
|  59|0x0000000083b00000, 0x0000000083c00000, 0x0000000083c00000|100%| O|  |TAMS 0x0000000083c00000, 0x0000000083b00000| Untracked 
|  60|0x0000000083c00000, 0x0000000083d00000, 0x0000000083d00000|100%| O|  |TAMS 0x0000000083d00000, 0x0000000083c00000| Untracked 
|  61|0x0000000083d00000, 0x0000000083e00000, 0x0000000083e00000|100%| O|  |TAMS 0x0000000083e00000, 0x0000000083d00000| Untracked 
|  62|0x0000000083e00000, 0x0000000083f00000, 0x0000000083f00000|100%| O|  |TAMS 0x0000000083f00000, 0x0000000083e00000| Updating 
|  63|0x0000000083f00000, 0x0000000084000000, 0x0000000084000000|100%|HS|  |TAMS 0x0000000084000000, 0x0000000083f00000| Complete 
|  64|0x0000000084000000, 0x0000000084100000, 0x0000000084100000|100%|HC|  |TAMS 0x0000000084100000, 0x0000000084000000| Complete 
|  65|0x0000000084100000, 0x0000000084200000, 0x0000000084200000|100%|HC|  |TAMS 0x0000000084200000, 0x0000000084100000| Complete 
|  66|0x0000000084200000, 0x0000000084300000, 0x0000000084300000|100%| O|  |TAMS 0x0000000084300000, 0x0000000084200000| Untracked 
|  67|0x0000000084300000, 0x0000000084400000, 0x0000000084400000|100%| O|  |TAMS 0x0000000084400000, 0x0000000084300000| Updating 
|  68|0x0000000084400000, 0x0000000084500000, 0x0000000084500000|100%| O|  |TAMS 0x0000000084500000, 0x0000000084400000| Updating 
|  69|0x0000000084500000, 0x0000000084600000, 0x0000000084600000|100%| O|  |TAMS 0x0000000084600000, 0x0000000084500000| Updating 
|  70|0x0000000084600000, 0x0000000084700000, 0x0000000084700000|100%| O|  |TAMS 0x0000000084700000, 0x0000000084600000| Updating 
|  71|0x0000000084700000, 0x0000000084800000, 0x0000000084800000|100%| O|  |TAMS 0x0000000084800000, 0x0000000084700000| Updating 
|  72|0x0000000084800000, 0x0000000084900000, 0x0000000084900000|100%| O|  |TAMS 0x0000000084900000, 0x0000000084800000| Updating 
|  73|0x0000000084900000, 0x0000000084a00000, 0x0000000084a00000|100%| O|  |TAMS 0x0000000084a00000, 0x0000000084900000| Updating 
|  74|0x0000000084a00000, 0x0000000084b00000, 0x0000000084b00000|100%| O|  |TAMS 0x0000000084b00000, 0x0000000084a00000| Updating 
|  75|0x0000000084b00000, 0x0000000084c00000, 0x0000000084c00000|100%| O|  |TAMS 0x0000000084c00000, 0x0000000084b00000| Untracked 
|  76|0x0000000084c00000, 0x0000000084d00000, 0x0000000084d00000|100%| O|  |TAMS 0x0000000084d00000, 0x0000000084c00000| Untracked 
|  77|0x0000000084d00000, 0x0000000084e00000, 0x0000000084e00000|100%| O|  |TAMS 0x0000000084e00000, 0x0000000084d00000| Untracked 
|  78|0x0000000084e00000, 0x0000000084f00000, 0x0000000084f00000|100%| O|  |TAMS 0x0000000084f00000, 0x0000000084e00000| Updating 
|  79|0x0000000084f00000, 0x0000000085000000, 0x0000000085000000|100%| O|  |TAMS 0x0000000085000000, 0x0000000084f00000| Updating 
|  80|0x0000000085000000, 0x0000000085100000, 0x0000000085100000|100%| O|  |TAMS 0x0000000085100000, 0x0000000085000000| Untracked 
|  81|0x0000000085100000, 0x0000000085200000, 0x0000000085200000|100%| O|  |TAMS 0x0000000085200000, 0x0000000085100000| Untracked 
|  82|0x0000000085200000, 0x0000000085300000, 0x0000000085300000|100%| O|  |TAMS 0x0000000085300000, 0x0000000085200000| Untracked 
|  83|0x0000000085300000, 0x0000000085400000, 0x0000000085400000|100%| O|  |TAMS 0x0000000085400000, 0x0000000085300000| Untracked 
|  84|0x0000000085400000, 0x0000000085500000, 0x0000000085500000|100%| O|  |TAMS 0x0000000085500000, 0x0000000085400000| Untracked 
|  85|0x0000000085500000, 0x0000000085600000, 0x0000000085600000|100%| O|  |TAMS 0x0000000085600000, 0x0000000085500000| Updating 
|  86|0x0000000085600000, 0x0000000085700000, 0x0000000085700000|100%| O|  |TAMS 0x0000000085700000, 0x0000000085600000| Updating 
|  87|0x0000000085700000, 0x0000000085800000, 0x0000000085800000|100%|HS|  |TAMS 0x0000000085800000, 0x0000000085700000| Complete 
|  88|0x0000000085800000, 0x0000000085900000, 0x0000000085900000|100%|HS|  |TAMS 0x0000000085900000, 0x0000000085800000| Complete 
|  89|0x0000000085900000, 0x0000000085a00000, 0x0000000085a00000|100%|HS|  |TAMS 0x0000000085a00000, 0x0000000085900000| Complete 
|  90|0x0000000085a00000, 0x0000000085b00000, 0x0000000085b00000|100%|HS|  |TAMS 0x0000000085b00000, 0x0000000085a00000| Complete 
|  91|0x0000000085b00000, 0x0000000085c00000, 0x0000000085c00000|100%|HS|  |TAMS 0x0000000085c00000, 0x0000000085b00000| Complete 
|  92|0x0000000085c00000, 0x0000000085d00000, 0x0000000085d00000|100%|HS|  |TAMS 0x0000000085d00000, 0x0000000085c00000| Complete 
|  93|0x0000000085d00000, 0x0000000085e00000, 0x0000000085e00000|100%| O|  |TAMS 0x0000000085e00000, 0x0000000085d00000| Updating 
|  94|0x0000000085e00000, 0x0000000085f00000, 0x0000000085f00000|100%| O|  |TAMS 0x0000000085f00000, 0x0000000085e00000| Updating 
|  95|0x0000000085f00000, 0x0000000086000000, 0x0000000086000000|100%| O|  |TAMS 0x0000000086000000, 0x0000000085f00000| Untracked 
|  96|0x0000000086000000, 0x0000000086100000, 0x0000000086100000|100%| O|  |TAMS 0x0000000086100000, 0x0000000086000000| Untracked 
|  97|0x0000000086100000, 0x0000000086200000, 0x0000000086200000|100%| O|  |TAMS 0x0000000086200000, 0x0000000086100000| Untracked 
|  98|0x0000000086200000, 0x0000000086300000, 0x0000000086300000|100%| O|  |TAMS 0x0000000086300000, 0x0000000086200000| Untracked 
|  99|0x0000000086300000, 0x0000000086400000, 0x0000000086400000|100%| O|  |TAMS 0x0000000086400000, 0x0000000086300000| Untracked 
| 100|0x0000000086400000, 0x0000000086500000, 0x0000000086500000|100%| O|  |TAMS 0x0000000086500000, 0x0000000086400000| Updating 
| 101|0x0000000086500000, 0x0000000086600000, 0x0000000086600000|100%| O|  |TAMS 0x0000000086600000, 0x0000000086500000| Updating 
| 102|0x0000000086600000, 0x0000000086700000, 0x0000000086700000|100%| O|  |TAMS 0x0000000086700000, 0x0000000086600000| Updating 
| 103|0x0000000086700000, 0x0000000086800000, 0x0000000086800000|100%| O|  |TAMS 0x0000000086800000, 0x0000000086700000| Updating 
| 104|0x0000000086800000, 0x0000000086900000, 0x0000000086900000|100%|HS|  |TAMS 0x0000000086900000, 0x0000000086800000| Complete 
| 105|0x0000000086900000, 0x0000000086a00000, 0x0000000086a00000|100%|HC|  |TAMS 0x0000000086a00000, 0x0000000086900000| Complete 
| 106|0x0000000086a00000, 0x0000000086b00000, 0x0000000086b00000|100%|HC|  |TAMS 0x0000000086b00000, 0x0000000086a00000| Complete 
| 107|0x0000000086b00000, 0x0000000086c00000, 0x0000000086c00000|100%| O|  |TAMS 0x0000000086c00000, 0x0000000086b00000| Untracked 
| 108|0x0000000086c00000, 0x0000000086d00000, 0x0000000086d00000|100%|HS|  |TAMS 0x0000000086d00000, 0x0000000086c00000| Complete 
| 109|0x0000000086d00000, 0x0000000086e00000, 0x0000000086e00000|100%| O|  |TAMS 0x0000000086e00000, 0x0000000086d00000| Untracked 
| 110|0x0000000086e00000, 0x0000000086f00000, 0x0000000086f00000|100%| O|  |TAMS 0x0000000086f00000, 0x0000000086e00000| Untracked 
| 111|0x0000000086f00000, 0x0000000087000000, 0x0000000087000000|100%| O|  |TAMS 0x0000000087000000, 0x0000000086f00000| Untracked 
| 112|0x0000000087000000, 0x0000000087100000, 0x0000000087100000|100%| O|  |TAMS 0x0000000087100000, 0x0000000087000000| Untracked 
| 113|0x0000000087100000, 0x0000000087200000, 0x0000000087200000|100%| O|  |TAMS 0x0000000087200000, 0x0000000087100000| Untracked 
| 114|0x0000000087200000, 0x0000000087300000, 0x0000000087300000|100%| O|  |TAMS 0x0000000087300000, 0x0000000087200000| Updating 
| 115|0x0000000087300000, 0x0000000087400000, 0x0000000087400000|100%| O|  |TAMS 0x0000000087400000, 0x0000000087300000| Untracked 
| 116|0x0000000087400000, 0x0000000087500000, 0x0000000087500000|100%| O|  |TAMS 0x0000000087500000, 0x0000000087400000| Untracked 
| 117|0x0000000087500000, 0x0000000087600000, 0x0000000087600000|100%| O|  |TAMS 0x0000000087600000, 0x0000000087500000| Untracked 
| 118|0x0000000087600000, 0x0000000087700000, 0x0000000087700000|100%| O|  |TAMS 0x0000000087700000, 0x0000000087600000| Untracked 
| 119|0x0000000087700000, 0x0000000087800000, 0x0000000087800000|100%| O|  |TAMS 0x0000000087800000, 0x0000000087700000| Updating 
| 120|0x0000000087800000, 0x0000000087900000, 0x0000000087900000|100%| O|  |TAMS 0x0000000087900000, 0x0000000087800000| Updating 
| 121|0x0000000087900000, 0x0000000087a00000, 0x0000000087a00000|100%| O|  |TAMS 0x0000000087a00000, 0x0000000087900000| Untracked 
| 122|0x0000000087a00000, 0x0000000087b00000, 0x0000000087b00000|100%| O|  |TAMS 0x0000000087b00000, 0x0000000087a00000| Untracked 
| 123|0x0000000087b00000, 0x0000000087c00000, 0x0000000087c00000|100%| O|  |TAMS 0x0000000087c00000, 0x0000000087b00000| Untracked 
| 124|0x0000000087c00000, 0x0000000087d00000, 0x0000000087d00000|100%| O|  |TAMS 0x0000000087d00000, 0x0000000087c00000| Untracked 
| 125|0x0000000087d00000, 0x0000000087e00000, 0x0000000087e00000|100%| O|  |TAMS 0x0000000087e00000, 0x0000000087d00000| Untracked 
| 126|0x0000000087e00000, 0x0000000087f00000, 0x0000000087f00000|100%| O|  |TAMS 0x0000000087f00000, 0x0000000087e00000| Updating 
| 127|0x0000000087f00000, 0x0000000088000000, 0x0000000088000000|100%| O|  |TAMS 0x0000000088000000, 0x0000000087f00000| Untracked 
| 128|0x0000000088000000, 0x0000000088100000, 0x0000000088100000|100%| O|  |TAMS 0x0000000088100000, 0x0000000088000000| Untracked 
| 129|0x0000000088100000, 0x0000000088200000, 0x0000000088200000|100%| O|  |TAMS 0x0000000088200000, 0x0000000088100000| Updating 
| 130|0x0000000088200000, 0x0000000088300000, 0x0000000088300000|100%| O|  |TAMS 0x0000000088300000, 0x0000000088200000| Updating 
| 131|0x0000000088300000, 0x0000000088400000, 0x0000000088400000|100%| O|  |TAMS 0x0000000088400000, 0x0000000088300000| Updating 
| 132|0x0000000088400000, 0x0000000088500000, 0x0000000088500000|100%| O|  |TAMS 0x0000000088500000, 0x0000000088400000| Updating 
| 133|0x0000000088500000, 0x0000000088600000, 0x0000000088600000|100%| O|  |TAMS 0x0000000088600000, 0x0000000088500000| Untracked 
| 134|0x0000000088600000, 0x0000000088700000, 0x0000000088700000|100%| O|  |TAMS 0x0000000088700000, 0x0000000088600000| Untracked 
| 135|0x0000000088700000, 0x0000000088800000, 0x0000000088800000|100%| O|  |TAMS 0x0000000088800000, 0x0000000088700000| Untracked 
| 136|0x0000000088800000, 0x0000000088900000, 0x0000000088900000|100%| O|  |TAMS 0x0000000088900000, 0x0000000088800000| Untracked 
| 137|0x0000000088900000, 0x0000000088a00000, 0x0000000088a00000|100%| O|  |TAMS 0x0000000088a00000, 0x0000000088900000| Untracked 
| 138|0x0000000088a00000, 0x0000000088b00000, 0x0000000088b00000|100%| O|  |TAMS 0x0000000088b00000, 0x0000000088a00000| Untracked 
| 139|0x0000000088b00000, 0x0000000088c00000, 0x0000000088c00000|100%| O|  |TAMS 0x0000000088c00000, 0x0000000088b00000| Untracked 
| 140|0x0000000088c00000, 0x0000000088d00000, 0x0000000088d00000|100%| O|  |TAMS 0x0000000088d00000, 0x0000000088c00000| Updating 
| 141|0x0000000088d00000, 0x0000000088e00000, 0x0000000088e00000|100%|HS|  |TAMS 0x0000000088e00000, 0x0000000088d00000| Complete 
| 142|0x0000000088e00000, 0x0000000088f00000, 0x0000000088f00000|100%|HC|  |TAMS 0x0000000088f00000, 0x0000000088e00000| Complete 
| 143|0x0000000088f00000, 0x0000000089000000, 0x0000000089000000|100%| O|  |TAMS 0x0000000089000000, 0x0000000088f00000| Updating 
| 144|0x0000000089000000, 0x0000000089100000, 0x0000000089100000|100%| O|  |TAMS 0x0000000089100000, 0x0000000089000000| Untracked 
| 145|0x0000000089100000, 0x0000000089200000, 0x0000000089200000|100%| O|  |TAMS 0x0000000089200000, 0x0000000089100000| Untracked 
| 146|0x0000000089200000, 0x0000000089300000, 0x0000000089300000|100%| O|  |TAMS 0x0000000089300000, 0x0000000089200000| Updating 
| 147|0x0000000089300000, 0x0000000089400000, 0x0000000089400000|100%| O|  |TAMS 0x0000000089400000, 0x0000000089300000| Untracked 
| 148|0x0000000089400000, 0x0000000089500000, 0x0000000089500000|100%| O|  |TAMS 0x0000000089500000, 0x0000000089400000| Untracked 
| 149|0x0000000089500000, 0x0000000089600000, 0x0000000089600000|100%| O|  |TAMS 0x0000000089600000, 0x0000000089500000| Untracked 
| 150|0x0000000089600000, 0x0000000089700000, 0x0000000089700000|100%| O|  |TAMS 0x0000000089700000, 0x0000000089600000| Untracked 
| 151|0x0000000089700000, 0x0000000089800000, 0x0000000089800000|100%| O|  |TAMS 0x0000000089800000, 0x0000000089700000| Untracked 
| 152|0x0000000089800000, 0x0000000089900000, 0x0000000089900000|100%| O|  |TAMS 0x0000000089900000, 0x0000000089800000| Updating 
| 153|0x0000000089900000, 0x0000000089a00000, 0x0000000089a00000|100%| O|  |TAMS 0x0000000089a00000, 0x0000000089900000| Updating 
| 154|0x0000000089a00000, 0x0000000089b00000, 0x0000000089b00000|100%| O|  |TAMS 0x0000000089b00000, 0x0000000089a00000| Untracked 
| 155|0x0000000089b00000, 0x0000000089c00000, 0x0000000089c00000|100%| O|  |TAMS 0x0000000089c00000, 0x0000000089b00000| Untracked 
| 156|0x0000000089c00000, 0x0000000089d00000, 0x0000000089d00000|100%| O|  |TAMS 0x0000000089d00000, 0x0000000089c00000| Untracked 
| 157|0x0000000089d00000, 0x0000000089e00000, 0x0000000089e00000|100%| O|  |TAMS 0x0000000089e00000, 0x0000000089d00000| Updating 
| 158|0x0000000089e00000, 0x0000000089f00000, 0x0000000089f00000|100%|HS|  |TAMS 0x0000000089f00000, 0x0000000089e00000| Complete 
| 159|0x0000000089f00000, 0x000000008a000000, 0x000000008a000000|100%| O|  |TAMS 0x000000008a000000, 0x0000000089f00000| Untracked 
| 160|0x000000008a000000, 0x000000008a100000, 0x000000008a100000|100%| O|  |TAMS 0x000000008a100000, 0x000000008a000000| Untracked 
| 161|0x000000008a100000, 0x000000008a200000, 0x000000008a200000|100%| O|  |TAMS 0x000000008a200000, 0x000000008a100000| Untracked 
| 162|0x000000008a200000, 0x000000008a300000, 0x000000008a300000|100%| O|  |TAMS 0x000000008a300000, 0x000000008a200000| Updating 
| 163|0x000000008a300000, 0x000000008a400000, 0x000000008a400000|100%| O|  |TAMS 0x000000008a400000, 0x000000008a300000| Untracked 
| 164|0x000000008a400000, 0x000000008a500000, 0x000000008a500000|100%| O|  |TAMS 0x000000008a500000, 0x000000008a400000| Untracked 
| 165|0x000000008a500000, 0x000000008a600000, 0x000000008a600000|100%| O|  |TAMS 0x000000008a600000, 0x000000008a500000| Untracked 
| 166|0x000000008a600000, 0x000000008a700000, 0x000000008a700000|100%| O|  |TAMS 0x000000008a700000, 0x000000008a600000| Untracked 
| 167|0x000000008a700000, 0x000000008a800000, 0x000000008a800000|100%| O|  |TAMS 0x000000008a800000, 0x000000008a700000| Untracked 
| 168|0x000000008a800000, 0x000000008a900000, 0x000000008a900000|100%| O|  |TAMS 0x000000008a900000, 0x000000008a800000| Untracked 
| 169|0x000000008a900000, 0x000000008aa00000, 0x000000008aa00000|100%| O|  |TAMS 0x000000008aa00000, 0x000000008a900000| Updating 
| 170|0x000000008aa00000, 0x000000008ab00000, 0x000000008ab00000|100%| O|  |TAMS 0x000000008ab00000, 0x000000008aa00000| Updating 
| 171|0x000000008ab00000, 0x000000008ac00000, 0x000000008ac00000|100%| O|  |TAMS 0x000000008ac00000, 0x000000008ab00000| Updating 
| 172|0x000000008ac00000, 0x000000008ad00000, 0x000000008ad00000|100%|HS|  |TAMS 0x000000008ad00000, 0x000000008ac00000| Complete 
| 173|0x000000008ad00000, 0x000000008ae00000, 0x000000008ae00000|100%|HS|  |TAMS 0x000000008ae00000, 0x000000008ad00000| Complete 
| 174|0x000000008ae00000, 0x000000008af00000, 0x000000008af00000|100%| O|  |TAMS 0x000000008af00000, 0x000000008ae00000| Untracked 
| 175|0x000000008af00000, 0x000000008b000000, 0x000000008b000000|100%| O|  |TAMS 0x000000008b000000, 0x000000008af00000| Updating 
| 176|0x000000008b000000, 0x000000008b100000, 0x000000008b100000|100%| O|  |TAMS 0x000000008b100000, 0x000000008b000000| Updating 
| 177|0x000000008b100000, 0x000000008b200000, 0x000000008b200000|100%| O|  |TAMS 0x000000008b200000, 0x000000008b100000| Untracked 
| 178|0x000000008b200000, 0x000000008b300000, 0x000000008b300000|100%| O|  |TAMS 0x000000008b300000, 0x000000008b200000| Untracked 
| 179|0x000000008b300000, 0x000000008b400000, 0x000000008b400000|100%| O|  |TAMS 0x000000008b400000, 0x000000008b300000| Untracked 
| 180|0x000000008b400000, 0x000000008b500000, 0x000000008b500000|100%| O|  |TAMS 0x000000008b500000, 0x000000008b400000| Updating 
| 181|0x000000008b500000, 0x000000008b600000, 0x000000008b600000|100%| O|  |TAMS 0x000000008b600000, 0x000000008b500000| Updating 
| 182|0x000000008b600000, 0x000000008b700000, 0x000000008b700000|100%| O|  |TAMS 0x000000008b700000, 0x000000008b600000| Untracked 
| 183|0x000000008b700000, 0x000000008b800000, 0x000000008b800000|100%| O|  |TAMS 0x000000008b800000, 0x000000008b700000| Untracked 
| 184|0x000000008b800000, 0x000000008b900000, 0x000000008b900000|100%| O|  |TAMS 0x000000008b900000, 0x000000008b800000| Updating 
| 185|0x000000008b900000, 0x000000008ba00000, 0x000000008ba00000|100%| O|  |TAMS 0x000000008ba00000, 0x000000008b900000| Untracked 
| 186|0x000000008ba00000, 0x000000008bb00000, 0x000000008bb00000|100%| O|  |TAMS 0x000000008bb00000, 0x000000008ba00000| Untracked 
| 187|0x000000008bb00000, 0x000000008bc00000, 0x000000008bc00000|100%| O|  |TAMS 0x000000008bc00000, 0x000000008bb00000| Untracked 
| 188|0x000000008bc00000, 0x000000008bd00000, 0x000000008bd00000|100%| O|  |TAMS 0x000000008bd00000, 0x000000008bc00000| Updating 
| 189|0x000000008bd00000, 0x000000008be00000, 0x000000008be00000|100%| O|  |TAMS 0x000000008be00000, 0x000000008bd00000| Updating 
| 190|0x000000008be00000, 0x000000008bf00000, 0x000000008bf00000|100%| O|  |TAMS 0x000000008bf00000, 0x000000008be00000| Updating 
| 191|0x000000008bf00000, 0x000000008c000000, 0x000000008c000000|100%| O|  |TAMS 0x000000008c000000, 0x000000008bf00000| Updating 
| 192|0x000000008c000000, 0x000000008c100000, 0x000000008c100000|100%|HS|  |TAMS 0x000000008c100000, 0x000000008c000000| Complete 
| 193|0x000000008c100000, 0x000000008c200000, 0x000000008c200000|100%|HC|  |TAMS 0x000000008c200000, 0x000000008c100000| Complete 
| 194|0x000000008c200000, 0x000000008c300000, 0x000000008c300000|100%|HS|  |TAMS 0x000000008c300000, 0x000000008c200000| Complete 
| 195|0x000000008c300000, 0x000000008c400000, 0x000000008c400000|100%|HC|  |TAMS 0x000000008c400000, 0x000000008c300000| Complete 
| 196|0x000000008c400000, 0x000000008c500000, 0x000000008c500000|100%| O|  |TAMS 0x000000008c500000, 0x000000008c400000| Updating 
| 197|0x000000008c500000, 0x000000008c600000, 0x000000008c600000|100%| O|  |TAMS 0x000000008c600000, 0x000000008c500000| Updating 
| 198|0x000000008c600000, 0x000000008c700000, 0x000000008c700000|100%| O|  |TAMS 0x000000008c700000, 0x000000008c600000| Updating 
| 199|0x000000008c700000, 0x000000008c800000, 0x000000008c800000|100%| O|  |TAMS 0x000000008c800000, 0x000000008c700000| Updating 
| 200|0x000000008c800000, 0x000000008c900000, 0x000000008c900000|100%| O|  |TAMS 0x000000008c900000, 0x000000008c800000| Updating 
| 201|0x000000008c900000, 0x000000008ca00000, 0x000000008ca00000|100%| O|  |TAMS 0x000000008ca00000, 0x000000008c900000| Untracked 
| 202|0x000000008ca00000, 0x000000008cb00000, 0x000000008cb00000|100%| O|  |TAMS 0x000000008cb00000, 0x000000008ca00000| Untracked 
| 203|0x000000008cb00000, 0x000000008cc00000, 0x000000008cc00000|100%| O|  |TAMS 0x000000008cc00000, 0x000000008cb00000| Updating 
| 204|0x000000008cc00000, 0x000000008cd00000, 0x000000008cd00000|100%| O|  |TAMS 0x000000008cd00000, 0x000000008cc00000| Updating 
| 205|0x000000008cd00000, 0x000000008ce00000, 0x000000008ce00000|100%| O|  |TAMS 0x000000008ce00000, 0x000000008cd00000| Untracked 
| 206|0x000000008ce00000, 0x000000008cf00000, 0x000000008cf00000|100%| O|  |TAMS 0x000000008cf00000, 0x000000008ce00000| Updating 
| 207|0x000000008cf00000, 0x000000008d000000, 0x000000008d000000|100%| O|  |TAMS 0x000000008d000000, 0x000000008cf00000| Updating 
| 208|0x000000008d000000, 0x000000008d100000, 0x000000008d100000|100%| O|  |TAMS 0x000000008d100000, 0x000000008d000000| Updating 
| 209|0x000000008d100000, 0x000000008d200000, 0x000000008d200000|100%| O|  |TAMS 0x000000008d200000, 0x000000008d100000| Updating 
| 210|0x000000008d200000, 0x000000008d300000, 0x000000008d300000|100%| O|  |TAMS 0x000000008d300000, 0x000000008d200000| Updating 
| 211|0x000000008d300000, 0x000000008d400000, 0x000000008d400000|100%| O|  |TAMS 0x000000008d400000, 0x000000008d300000| Updating 
| 212|0x000000008d400000, 0x000000008d500000, 0x000000008d500000|100%| O|  |TAMS 0x000000008d500000, 0x000000008d400000| Updating 
| 213|0x000000008d500000, 0x000000008d600000, 0x000000008d600000|100%| O|  |TAMS 0x000000008d600000, 0x000000008d500000| Untracked 
| 214|0x000000008d600000, 0x000000008d700000, 0x000000008d700000|100%| O|  |TAMS 0x000000008d700000, 0x000000008d600000| Untracked 
| 215|0x000000008d700000, 0x000000008d800000, 0x000000008d800000|100%| O|  |TAMS 0x000000008d800000, 0x000000008d700000| Untracked 
| 216|0x000000008d800000, 0x000000008d900000, 0x000000008d900000|100%| O|  |TAMS 0x000000008d900000, 0x000000008d800000| Untracked 
| 217|0x000000008d900000, 0x000000008da00000, 0x000000008da00000|100%| O|  |TAMS 0x000000008da00000, 0x000000008d900000| Untracked 
| 218|0x000000008da00000, 0x000000008db00000, 0x000000008db00000|100%| O|  |TAMS 0x000000008db00000, 0x000000008da00000| Untracked 
| 219|0x000000008db00000, 0x000000008dc00000, 0x000000008dc00000|100%| O|  |TAMS 0x000000008dc00000, 0x000000008db00000| Untracked 
| 220|0x000000008dc00000, 0x000000008dd00000, 0x000000008dd00000|100%| O|  |TAMS 0x000000008dd00000, 0x000000008dc00000| Untracked 
| 221|0x000000008dd00000, 0x000000008de00000, 0x000000008de00000|100%| O|  |TAMS 0x000000008de00000, 0x000000008dd00000| Untracked 
| 222|0x000000008de00000, 0x000000008df00000, 0x000000008df00000|100%| O|  |TAMS 0x000000008df00000, 0x000000008de00000| Untracked 
| 223|0x000000008df00000, 0x000000008e000000, 0x000000008e000000|100%| O|  |TAMS 0x000000008e000000, 0x000000008df00000| Untracked 
| 224|0x000000008e000000, 0x000000008e100000, 0x000000008e100000|100%| O|  |TAMS 0x000000008e100000, 0x000000008e000000| Updating 
| 225|0x000000008e100000, 0x000000008e200000, 0x000000008e200000|100%| O|  |TAMS 0x000000008e200000, 0x000000008e100000| Untracked 
| 226|0x000000008e200000, 0x000000008e300000, 0x000000008e300000|100%| O|  |TAMS 0x000000008e300000, 0x000000008e200000| Untracked 
| 227|0x000000008e300000, 0x000000008e400000, 0x000000008e400000|100%| O|  |TAMS 0x000000008e400000, 0x000000008e300000| Updating 
| 228|0x000000008e400000, 0x000000008e500000, 0x000000008e500000|100%| O|  |TAMS 0x000000008e500000, 0x000000008e400000| Untracked 
| 229|0x000000008e500000, 0x000000008e600000, 0x000000008e600000|100%| O|  |TAMS 0x000000008e600000, 0x000000008e500000| Updating 
| 230|0x000000008e600000, 0x000000008e700000, 0x000000008e700000|100%|HS|  |TAMS 0x000000008e700000, 0x000000008e600000| Complete 
| 231|0x000000008e700000, 0x000000008e800000, 0x000000008e800000|100%| O|  |TAMS 0x000000008e800000, 0x000000008e700000| Updating 
| 232|0x000000008e800000, 0x000000008e900000, 0x000000008e900000|100%| O|  |TAMS 0x000000008e900000, 0x000000008e800000| Updating 
| 233|0x000000008e900000, 0x000000008ea00000, 0x000000008ea00000|100%| O|  |TAMS 0x000000008ea00000, 0x000000008e900000| Updating 
| 234|0x000000008ea00000, 0x000000008eb00000, 0x000000008eb00000|100%| O|  |TAMS 0x000000008eb00000, 0x000000008ea00000| Updating 
| 235|0x000000008eb00000, 0x000000008ec00000, 0x000000008ec00000|100%| O|  |TAMS 0x000000008ec00000, 0x000000008eb00000| Updating 
| 236|0x000000008ec00000, 0x000000008ed00000, 0x000000008ed00000|100%| O|  |TAMS 0x000000008ed00000, 0x000000008ec00000| Untracked 
| 237|0x000000008ed00000, 0x000000008ee00000, 0x000000008ee00000|100%| O|  |TAMS 0x000000008ee00000, 0x000000008ed00000| Untracked 
| 238|0x000000008ee00000, 0x000000008ef00000, 0x000000008ef00000|100%| O|  |TAMS 0x000000008ef00000, 0x000000008ee00000| Updating 
| 239|0x000000008ef00000, 0x000000008f000000, 0x000000008f000000|100%| O|  |TAMS 0x000000008f000000, 0x000000008ef00000| Untracked 
| 240|0x000000008f000000, 0x000000008f100000, 0x000000008f100000|100%| O|  |TAMS 0x000000008f100000, 0x000000008f000000| Untracked 
| 241|0x000000008f100000, 0x000000008f200000, 0x000000008f200000|100%| O|  |TAMS 0x000000008f200000, 0x000000008f100000| Untracked 
| 242|0x000000008f200000, 0x000000008f300000, 0x000000008f300000|100%| O|  |TAMS 0x000000008f300000, 0x000000008f200000| Updating 
| 243|0x000000008f300000, 0x000000008f400000, 0x000000008f400000|100%| O|  |TAMS 0x000000008f400000, 0x000000008f300000| Updating 
| 244|0x000000008f400000, 0x000000008f500000, 0x000000008f500000|100%| O|  |TAMS 0x000000008f500000, 0x000000008f400000| Updating 
| 245|0x000000008f500000, 0x000000008f600000, 0x000000008f600000|100%| O|  |TAMS 0x000000008f600000, 0x000000008f500000| Updating 
| 246|0x000000008f600000, 0x000000008f700000, 0x000000008f700000|100%|HS|  |TAMS 0x000000008f700000, 0x000000008f600000| Complete 
| 247|0x000000008f700000, 0x000000008f800000, 0x000000008f800000|100%|HS|  |TAMS 0x000000008f800000, 0x000000008f700000| Complete 
| 248|0x000000008f800000, 0x000000008f900000, 0x000000008f900000|100%|HS|  |TAMS 0x000000008f900000, 0x000000008f800000| Complete 
| 249|0x000000008f900000, 0x000000008fa00000, 0x000000008fa00000|100%|HS|  |TAMS 0x000000008fa00000, 0x000000008f900000| Complete 
| 250|0x000000008fa00000, 0x000000008fb00000, 0x000000008fb00000|100%| O|  |TAMS 0x000000008fb00000, 0x000000008fa00000| Untracked 
| 251|0x000000008fb00000, 0x000000008fc00000, 0x000000008fc00000|100%| O|  |TAMS 0x000000008fc00000, 0x000000008fb00000| Updating 
| 252|0x000000008fc00000, 0x000000008fd00000, 0x000000008fd00000|100%| O|  |TAMS 0x000000008fd00000, 0x000000008fc00000| Updating 
| 253|0x000000008fd00000, 0x000000008fe00000, 0x000000008fe00000|100%| O|  |TAMS 0x000000008fe00000, 0x000000008fd00000| Updating 
| 254|0x000000008fe00000, 0x000000008ff00000, 0x000000008ff00000|100%| O|  |TAMS 0x000000008ff00000, 0x000000008fe00000| Untracked 
| 255|0x000000008ff00000, 0x0000000090000000, 0x0000000090000000|100%| O|  |TAMS 0x0000000090000000, 0x000000008ff00000| Untracked 
| 256|0x0000000090000000, 0x0000000090100000, 0x0000000090100000|100%| O|  |TAMS 0x0000000090100000, 0x0000000090000000| Untracked 
| 257|0x0000000090100000, 0x0000000090200000, 0x0000000090200000|100%| O|  |TAMS 0x0000000090200000, 0x0000000090100000| Untracked 
| 258|0x0000000090200000, 0x0000000090300000, 0x0000000090300000|100%| O|  |TAMS 0x0000000090300000, 0x0000000090200000| Updating 
| 259|0x0000000090300000, 0x0000000090400000, 0x0000000090400000|100%| O|  |TAMS 0x0000000090400000, 0x0000000090300000| Updating 
| 260|0x0000000090400000, 0x0000000090500000, 0x0000000090500000|100%| O|  |TAMS 0x0000000090500000, 0x0000000090400000| Untracked 
| 261|0x0000000090500000, 0x0000000090600000, 0x0000000090600000|100%| O|  |TAMS 0x0000000090600000, 0x0000000090500000| Untracked 
| 262|0x0000000090600000, 0x0000000090700000, 0x0000000090700000|100%| O|  |TAMS 0x0000000090700000, 0x0000000090600000| Untracked 
| 263|0x0000000090700000, 0x0000000090800000, 0x0000000090800000|100%| O|  |TAMS 0x0000000090800000, 0x0000000090700000| Untracked 
| 264|0x0000000090800000, 0x0000000090900000, 0x0000000090900000|100%| O|  |TAMS 0x0000000090900000, 0x0000000090800000| Untracked 
| 265|0x0000000090900000, 0x0000000090a00000, 0x0000000090a00000|100%| O|  |TAMS 0x0000000090a00000, 0x0000000090900000| Untracked 
| 266|0x0000000090a00000, 0x0000000090b00000, 0x0000000090b00000|100%| O|  |TAMS 0x0000000090b00000, 0x0000000090a00000| Updating 
| 267|0x0000000090b00000, 0x0000000090c00000, 0x0000000090c00000|100%| O|  |TAMS 0x0000000090c00000, 0x0000000090b00000| Untracked 
| 268|0x0000000090c00000, 0x0000000090d00000, 0x0000000090d00000|100%| O|  |TAMS 0x0000000090d00000, 0x0000000090c00000| Untracked 
| 269|0x0000000090d00000, 0x0000000090e00000, 0x0000000090e00000|100%| O|  |TAMS 0x0000000090e00000, 0x0000000090d00000| Untracked 
| 270|0x0000000090e00000, 0x0000000090f00000, 0x0000000090f00000|100%| O|  |TAMS 0x0000000090f00000, 0x0000000090e00000| Updating 
| 271|0x0000000090f00000, 0x0000000091000000, 0x0000000091000000|100%| O|  |TAMS 0x0000000091000000, 0x0000000090f00000| Untracked 
| 272|0x0000000091000000, 0x0000000091100000, 0x0000000091100000|100%| O|  |TAMS 0x0000000091100000, 0x0000000091000000| Untracked 
| 273|0x0000000091100000, 0x0000000091200000, 0x0000000091200000|100%| O|  |TAMS 0x0000000091200000, 0x0000000091100000| Untracked 
| 274|0x0000000091200000, 0x0000000091300000, 0x0000000091300000|100%| O|  |TAMS 0x0000000091300000, 0x0000000091200000| Untracked 
| 275|0x0000000091300000, 0x0000000091400000, 0x0000000091400000|100%| O|  |TAMS 0x0000000091400000, 0x0000000091300000| Untracked 
| 276|0x0000000091400000, 0x0000000091500000, 0x0000000091500000|100%| O|  |TAMS 0x0000000091500000, 0x0000000091400000| Untracked 
| 277|0x0000000091500000, 0x0000000091600000, 0x0000000091600000|100%| O|  |TAMS 0x0000000091600000, 0x0000000091500000| Updating 
| 278|0x0000000091600000, 0x0000000091700000, 0x0000000091700000|100%| O|  |TAMS 0x0000000091700000, 0x0000000091600000| Untracked 
| 279|0x0000000091700000, 0x0000000091800000, 0x0000000091800000|100%| O|  |TAMS 0x0000000091800000, 0x0000000091700000| Updating 
| 280|0x0000000091800000, 0x0000000091900000, 0x0000000091900000|100%|HS|  |TAMS 0x0000000091900000, 0x0000000091800000| Complete 
| 281|0x0000000091900000, 0x0000000091a00000, 0x0000000091a00000|100%|HS|  |TAMS 0x0000000091a00000, 0x0000000091900000| Complete 
| 282|0x0000000091a00000, 0x0000000091b00000, 0x0000000091b00000|100%|HS|  |TAMS 0x0000000091b00000, 0x0000000091a00000| Complete 
| 283|0x0000000091b00000, 0x0000000091c00000, 0x0000000091c00000|100%| O|  |TAMS 0x0000000091c00000, 0x0000000091b00000| Updating 
| 284|0x0000000091c00000, 0x0000000091d00000, 0x0000000091d00000|100%| O|  |TAMS 0x0000000091d00000, 0x0000000091c00000| Updating 
| 285|0x0000000091d00000, 0x0000000091e00000, 0x0000000091e00000|100%| O|  |TAMS 0x0000000091e00000, 0x0000000091d00000| Updating 
| 286|0x0000000091e00000, 0x0000000091f00000, 0x0000000091f00000|100%| O|  |TAMS 0x0000000091f00000, 0x0000000091e00000| Updating 
| 287|0x0000000091f00000, 0x0000000092000000, 0x0000000092000000|100%| O|  |TAMS 0x0000000092000000, 0x0000000091f00000| Updating 
| 288|0x0000000092000000, 0x0000000092100000, 0x0000000092100000|100%| O|  |TAMS 0x0000000092100000, 0x0000000092000000| Untracked 
| 289|0x0000000092100000, 0x0000000092200000, 0x0000000092200000|100%| O|  |TAMS 0x0000000092200000, 0x0000000092100000| Untracked 
| 290|0x0000000092200000, 0x0000000092300000, 0x0000000092300000|100%| O|  |TAMS 0x0000000092300000, 0x0000000092200000| Updating 
| 291|0x0000000092300000, 0x0000000092400000, 0x0000000092400000|100%| O|  |TAMS 0x0000000092400000, 0x0000000092300000| Updating 
| 292|0x0000000092400000, 0x0000000092500000, 0x0000000092500000|100%| O|  |TAMS 0x0000000092500000, 0x0000000092400000| Untracked 
| 293|0x0000000092500000, 0x0000000092600000, 0x0000000092600000|100%| O|  |TAMS 0x0000000092600000, 0x0000000092500000| Untracked 
| 294|0x0000000092600000, 0x0000000092700000, 0x0000000092700000|100%| O|  |TAMS 0x0000000092700000, 0x0000000092600000| Untracked 
| 295|0x0000000092700000, 0x0000000092800000, 0x0000000092800000|100%| O|  |TAMS 0x0000000092800000, 0x0000000092700000| Untracked 
| 296|0x0000000092800000, 0x0000000092900000, 0x0000000092900000|100%| O|  |TAMS 0x0000000092900000, 0x0000000092800000| Untracked 
| 297|0x0000000092900000, 0x0000000092a00000, 0x0000000092a00000|100%| O|  |TAMS 0x0000000092a00000, 0x0000000092900000| Updating 
| 298|0x0000000092a00000, 0x0000000092b00000, 0x0000000092b00000|100%| O|  |TAMS 0x0000000092b00000, 0x0000000092a00000| Updating 
| 299|0x0000000092b00000, 0x0000000092c00000, 0x0000000092c00000|100%| O|  |TAMS 0x0000000092c00000, 0x0000000092b00000| Untracked 
| 300|0x0000000092c00000, 0x0000000092d00000, 0x0000000092d00000|100%| O|  |TAMS 0x0000000092d00000, 0x0000000092c00000| Updating 
| 301|0x0000000092d00000, 0x0000000092e00000, 0x0000000092e00000|100%| O|  |TAMS 0x0000000092e00000, 0x0000000092d00000| Updating 
| 302|0x0000000092e00000, 0x0000000092f00000, 0x0000000092f00000|100%| O|  |TAMS 0x0000000092f00000, 0x0000000092e00000| Untracked 
| 303|0x0000000092f00000, 0x0000000093000000, 0x0000000093000000|100%| O|  |TAMS 0x0000000093000000, 0x0000000092f00000| Untracked 
| 304|0x0000000093000000, 0x0000000093100000, 0x0000000093100000|100%| O|  |TAMS 0x0000000093100000, 0x0000000093000000| Untracked 
| 305|0x0000000093100000, 0x0000000093200000, 0x0000000093200000|100%| O|  |TAMS 0x0000000093200000, 0x0000000093100000| Updating 
| 306|0x0000000093200000, 0x0000000093300000, 0x0000000093300000|100%| O|  |TAMS 0x0000000093300000, 0x0000000093200000| Updating 
| 307|0x0000000093300000, 0x0000000093400000, 0x0000000093400000|100%| O|  |TAMS 0x0000000093400000, 0x0000000093300000| Updating 
| 308|0x0000000093400000, 0x0000000093500000, 0x0000000093500000|100%|HS|  |TAMS 0x0000000093500000, 0x0000000093400000| Complete 
| 309|0x0000000093500000, 0x0000000093600000, 0x0000000093600000|100%|HS|  |TAMS 0x0000000093600000, 0x0000000093500000| Complete 
| 310|0x0000000093600000, 0x0000000093700000, 0x0000000093700000|100%| O|  |TAMS 0x0000000093700000, 0x0000000093600000| Untracked 
| 311|0x0000000093700000, 0x0000000093800000, 0x0000000093800000|100%| O|  |TAMS 0x0000000093800000, 0x0000000093700000| Updating 
| 312|0x0000000093800000, 0x0000000093900000, 0x0000000093900000|100%| O|  |TAMS 0x0000000093900000, 0x0000000093800000| Updating 
| 313|0x0000000093900000, 0x0000000093a00000, 0x0000000093a00000|100%| O|  |TAMS 0x0000000093a00000, 0x0000000093900000| Updating 
| 314|0x0000000093a00000, 0x0000000093b00000, 0x0000000093b00000|100%| O|  |TAMS 0x0000000093b00000, 0x0000000093a00000| Untracked 
| 315|0x0000000093b00000, 0x0000000093c00000, 0x0000000093c00000|100%| O|  |TAMS 0x0000000093c00000, 0x0000000093b00000| Updating 
| 316|0x0000000093c00000, 0x0000000093d00000, 0x0000000093d00000|100%| O|  |TAMS 0x0000000093d00000, 0x0000000093c00000| Untracked 
| 317|0x0000000093d00000, 0x0000000093e00000, 0x0000000093e00000|100%| O|  |TAMS 0x0000000093e00000, 0x0000000093d00000| Untracked 
| 318|0x0000000093e00000, 0x0000000093f00000, 0x0000000093f00000|100%| O|  |TAMS 0x0000000093f00000, 0x0000000093e00000| Updating 
| 319|0x0000000093f00000, 0x0000000094000000, 0x0000000094000000|100%| O|  |TAMS 0x0000000094000000, 0x0000000093f00000| Updating 
| 320|0x0000000094000000, 0x0000000094100000, 0x0000000094100000|100%| O|  |TAMS 0x0000000094100000, 0x0000000094000000| Updating 
| 321|0x0000000094100000, 0x0000000094200000, 0x0000000094200000|100%|HS|  |TAMS 0x0000000094200000, 0x0000000094100000| Complete 
| 322|0x0000000094200000, 0x0000000094300000, 0x0000000094300000|100%|HS|  |TAMS 0x0000000094300000, 0x0000000094200000| Complete 
| 323|0x0000000094300000, 0x0000000094400000, 0x0000000094400000|100%| O|  |TAMS 0x0000000094400000, 0x0000000094300000| Untracked 
| 324|0x0000000094400000, 0x0000000094500000, 0x0000000094500000|100%| O|  |TAMS 0x0000000094500000, 0x0000000094400000| Untracked 
| 325|0x0000000094500000, 0x0000000094600000, 0x0000000094600000|100%| O|  |TAMS 0x0000000094600000, 0x0000000094500000| Untracked 
| 326|0x0000000094600000, 0x0000000094700000, 0x0000000094700000|100%| O|  |TAMS 0x0000000094700000, 0x0000000094600000| Updating 
| 327|0x0000000094700000, 0x0000000094800000, 0x0000000094800000|100%| O|  |TAMS 0x0000000094800000, 0x0000000094700000| Untracked 
| 328|0x0000000094800000, 0x0000000094900000, 0x0000000094900000|100%| O|  |TAMS 0x0000000094900000, 0x0000000094800000| Untracked 
| 329|0x0000000094900000, 0x0000000094a00000, 0x0000000094a00000|100%| O|  |TAMS 0x0000000094a00000, 0x0000000094900000| Untracked 
| 330|0x0000000094a00000, 0x0000000094b00000, 0x0000000094b00000|100%| O|  |TAMS 0x0000000094b00000, 0x0000000094a00000| Updating 
| 331|0x0000000094b00000, 0x0000000094c00000, 0x0000000094c00000|100%| O|  |TAMS 0x0000000094c00000, 0x0000000094b00000| Updating 
| 332|0x0000000094c00000, 0x0000000094d00000, 0x0000000094d00000|100%|HS|  |TAMS 0x0000000094d00000, 0x0000000094c00000| Complete 
| 333|0x0000000094d00000, 0x0000000094e00000, 0x0000000094e00000|100%|HS|  |TAMS 0x0000000094e00000, 0x0000000094d00000| Complete 
| 334|0x0000000094e00000, 0x0000000094f00000, 0x0000000094f00000|100%| O|  |TAMS 0x0000000094f00000, 0x0000000094e00000| Untracked 
| 335|0x0000000094f00000, 0x0000000095000000, 0x0000000095000000|100%| O|  |TAMS 0x0000000095000000, 0x0000000094f00000| Untracked 
| 336|0x0000000095000000, 0x0000000095100000, 0x0000000095100000|100%| O|  |TAMS 0x0000000095100000, 0x0000000095000000| Untracked 
| 337|0x0000000095100000, 0x0000000095200000, 0x0000000095200000|100%| O|  |TAMS 0x0000000095200000, 0x0000000095100000| Untracked 
| 338|0x0000000095200000, 0x0000000095300000, 0x0000000095300000|100%| O|  |TAMS 0x0000000095300000, 0x0000000095200000| Untracked 
| 339|0x0000000095300000, 0x0000000095400000, 0x0000000095400000|100%| O|  |TAMS 0x0000000095400000, 0x0000000095300000| Updating 
| 340|0x0000000095400000, 0x0000000095500000, 0x0000000095500000|100%| O|  |TAMS 0x0000000095500000, 0x0000000095400000| Updating 
| 341|0x0000000095500000, 0x0000000095600000, 0x0000000095600000|100%| O|  |TAMS 0x0000000095600000, 0x0000000095500000| Updating 
| 342|0x0000000095600000, 0x0000000095700000, 0x0000000095700000|100%| O|  |TAMS 0x0000000095700000, 0x0000000095600000| Updating 
| 343|0x0000000095700000, 0x0000000095800000, 0x0000000095800000|100%| O|  |TAMS 0x0000000095800000, 0x0000000095700000| Untracked 
| 344|0x0000000095800000, 0x0000000095900000, 0x0000000095900000|100%| O|  |TAMS 0x0000000095900000, 0x0000000095800000| Untracked 
| 345|0x0000000095900000, 0x0000000095a00000, 0x0000000095a00000|100%| O|  |TAMS 0x0000000095a00000, 0x0000000095900000| Updating 
| 346|0x0000000095a00000, 0x0000000095b00000, 0x0000000095b00000|100%| O|  |TAMS 0x0000000095b00000, 0x0000000095a00000| Untracked 
| 347|0x0000000095b00000, 0x0000000095c00000, 0x0000000095c00000|100%| O|  |TAMS 0x0000000095c00000, 0x0000000095b00000| Untracked 
| 348|0x0000000095c00000, 0x0000000095d00000, 0x0000000095d00000|100%| O|  |TAMS 0x0000000095d00000, 0x0000000095c00000| Untracked 
| 349|0x0000000095d00000, 0x0000000095e00000, 0x0000000095e00000|100%| O|  |TAMS 0x0000000095e00000, 0x0000000095d00000| Untracked 
| 350|0x0000000095e00000, 0x0000000095f00000, 0x0000000095f00000|100%| O|  |TAMS 0x0000000095f00000, 0x0000000095e00000| Untracked 
| 351|0x0000000095f00000, 0x0000000096000000, 0x0000000096000000|100%| O|  |TAMS 0x0000000096000000, 0x0000000095f00000| Untracked 
| 352|0x0000000096000000, 0x0000000096100000, 0x0000000096100000|100%| O|  |TAMS 0x0000000096100000, 0x0000000096000000| Untracked 
| 353|0x0000000096100000, 0x0000000096200000, 0x0000000096200000|100%| O|  |TAMS 0x0000000096200000, 0x0000000096100000| Updating 
| 354|0x0000000096200000, 0x0000000096300000, 0x0000000096300000|100%|HS|  |TAMS 0x0000000096300000, 0x0000000096200000| Complete 
| 355|0x0000000096300000, 0x0000000096400000, 0x0000000096400000|100%|HS|  |TAMS 0x0000000096400000, 0x0000000096300000| Complete 
| 356|0x0000000096400000, 0x0000000096500000, 0x0000000096500000|100%| O|  |TAMS 0x0000000096500000, 0x0000000096400000| Untracked 
| 357|0x0000000096500000, 0x0000000096600000, 0x0000000096600000|100%| O|  |TAMS 0x0000000096600000, 0x0000000096500000| Updating 
| 358|0x0000000096600000, 0x0000000096700000, 0x0000000096700000|100%| O|  |TAMS 0x0000000096700000, 0x0000000096600000| Untracked 
| 359|0x0000000096700000, 0x0000000096800000, 0x0000000096800000|100%| O|  |TAMS 0x0000000096800000, 0x0000000096700000| Updating 
| 360|0x0000000096800000, 0x0000000096900000, 0x0000000096900000|100%| O|  |TAMS 0x0000000096900000, 0x0000000096800000| Untracked 
| 361|0x0000000096900000, 0x0000000096a00000, 0x0000000096a00000|100%| O|  |TAMS 0x0000000096a00000, 0x0000000096900000| Untracked 
| 362|0x0000000096a00000, 0x0000000096b00000, 0x0000000096b00000|100%| O|  |TAMS 0x0000000096b00000, 0x0000000096a00000| Untracked 
| 363|0x0000000096b00000, 0x0000000096c00000, 0x0000000096c00000|100%| O|  |TAMS 0x0000000096c00000, 0x0000000096b00000| Untracked 
| 364|0x0000000096c00000, 0x0000000096d00000, 0x0000000096d00000|100%| O|  |TAMS 0x0000000096d00000, 0x0000000096c00000| Untracked 
| 365|0x0000000096d00000, 0x0000000096e00000, 0x0000000096e00000|100%| O|  |TAMS 0x0000000096e00000, 0x0000000096d00000| Updating 
| 366|0x0000000096e00000, 0x0000000096f00000, 0x0000000096f00000|100%| O|  |TAMS 0x0000000096f00000, 0x0000000096e00000| Updating 
| 367|0x0000000096f00000, 0x0000000097000000, 0x0000000097000000|100%|HS|  |TAMS 0x0000000097000000, 0x0000000096f00000| Complete 
| 368|0x0000000097000000, 0x0000000097100000, 0x0000000097100000|100%|HS|  |TAMS 0x0000000097100000, 0x0000000097000000| Complete 
| 369|0x0000000097100000, 0x0000000097200000, 0x0000000097200000|100%|HS|  |TAMS 0x0000000097200000, 0x0000000097100000| Complete 
| 370|0x0000000097200000, 0x0000000097300000, 0x0000000097300000|100%| O|  |TAMS 0x0000000097300000, 0x0000000097200000| Untracked 
| 371|0x0000000097300000, 0x0000000097400000, 0x0000000097400000|100%| O|  |TAMS 0x0000000097400000, 0x0000000097300000| Updating 
| 372|0x0000000097400000, 0x0000000097500000, 0x0000000097500000|100%| O|  |TAMS 0x0000000097500000, 0x0000000097400000| Updating 
| 373|0x0000000097500000, 0x0000000097600000, 0x0000000097600000|100%| O|  |TAMS 0x0000000097600000, 0x0000000097500000| Updating 
| 374|0x0000000097600000, 0x0000000097700000, 0x0000000097700000|100%| O|  |TAMS 0x0000000097700000, 0x0000000097600000| Untracked 
| 375|0x0000000097700000, 0x0000000097800000, 0x0000000097800000|100%| O|  |TAMS 0x0000000097800000, 0x0000000097700000| Updating 
| 376|0x0000000097800000, 0x0000000097900000, 0x0000000097900000|100%| O|  |TAMS 0x0000000097900000, 0x0000000097800000| Untracked 
| 377|0x0000000097900000, 0x0000000097a00000, 0x0000000097a00000|100%| O|  |TAMS 0x0000000097a00000, 0x0000000097900000| Untracked 
| 378|0x0000000097a00000, 0x0000000097b00000, 0x0000000097b00000|100%| O|  |TAMS 0x0000000097b00000, 0x0000000097a00000| Updating 
| 379|0x0000000097b00000, 0x0000000097c00000, 0x0000000097c00000|100%| O|  |TAMS 0x0000000097c00000, 0x0000000097b00000| Updating 
| 380|0x0000000097c00000, 0x0000000097d00000, 0x0000000097d00000|100%| O|  |TAMS 0x0000000097d00000, 0x0000000097c00000| Updating 
| 381|0x0000000097d00000, 0x0000000097e00000, 0x0000000097e00000|100%|HS|  |TAMS 0x0000000097e00000, 0x0000000097d00000| Complete 
| 382|0x0000000097e00000, 0x0000000097f00000, 0x0000000097f00000|100%|HS|  |TAMS 0x0000000097f00000, 0x0000000097e00000| Complete 
| 383|0x0000000097f00000, 0x0000000098000000, 0x0000000098000000|100%| O|  |TAMS 0x0000000098000000, 0x0000000097f00000| Untracked 
| 384|0x0000000098000000, 0x0000000098100000, 0x0000000098100000|100%| O|  |TAMS 0x0000000098100000, 0x0000000098000000| Untracked 
| 385|0x0000000098100000, 0x0000000098200000, 0x0000000098200000|100%| O|  |TAMS 0x0000000098200000, 0x0000000098100000| Untracked 
| 386|0x0000000098200000, 0x0000000098300000, 0x0000000098300000|100%| O|  |TAMS 0x0000000098300000, 0x0000000098200000| Untracked 
| 387|0x0000000098300000, 0x0000000098400000, 0x0000000098400000|100%| O|  |TAMS 0x0000000098400000, 0x0000000098300000| Untracked 
| 388|0x0000000098400000, 0x0000000098500000, 0x0000000098500000|100%| O|  |TAMS 0x0000000098500000, 0x0000000098400000| Updating 
| 389|0x0000000098500000, 0x0000000098600000, 0x0000000098600000|100%| O|  |TAMS 0x0000000098600000, 0x0000000098500000| Untracked 
| 390|0x0000000098600000, 0x0000000098700000, 0x0000000098700000|100%| O|  |TAMS 0x0000000098700000, 0x0000000098600000| Untracked 
| 391|0x0000000098700000, 0x0000000098800000, 0x0000000098800000|100%| O|  |TAMS 0x0000000098800000, 0x0000000098700000| Untracked 
| 392|0x0000000098800000, 0x0000000098900000, 0x0000000098900000|100%| O|  |TAMS 0x0000000098900000, 0x0000000098800000| Untracked 
| 393|0x0000000098900000, 0x0000000098a00000, 0x0000000098a00000|100%| O|  |TAMS 0x0000000098a00000, 0x0000000098900000| Untracked 
| 394|0x0000000098a00000, 0x0000000098b00000, 0x0000000098b00000|100%| O|  |TAMS 0x0000000098b00000, 0x0000000098a00000| Untracked 
| 395|0x0000000098b00000, 0x0000000098c00000, 0x0000000098c00000|100%| O|  |TAMS 0x0000000098c00000, 0x0000000098b00000| Untracked 
| 396|0x0000000098c00000, 0x0000000098d00000, 0x0000000098d00000|100%| O|  |TAMS 0x0000000098d00000, 0x0000000098c00000| Updating 
| 397|0x0000000098d00000, 0x0000000098e00000, 0x0000000098e00000|100%| O|  |TAMS 0x0000000098e00000, 0x0000000098d00000| Updating 
| 398|0x0000000098e00000, 0x0000000098f00000, 0x0000000098f00000|100%| O|  |TAMS 0x0000000098f00000, 0x0000000098e00000| Updating 
| 399|0x0000000098f00000, 0x0000000099000000, 0x0000000099000000|100%| O|  |TAMS 0x0000000099000000, 0x0000000098f00000| Updating 
| 400|0x0000000099000000, 0x0000000099100000, 0x0000000099100000|100%| O|  |TAMS 0x0000000099100000, 0x0000000099000000| Updating 
| 401|0x0000000099100000, 0x0000000099200000, 0x0000000099200000|100%| O|  |TAMS 0x0000000099200000, 0x0000000099100000| Untracked 
| 402|0x0000000099200000, 0x0000000099300000, 0x0000000099300000|100%| O|  |TAMS 0x0000000099300000, 0x0000000099200000| Untracked 
| 403|0x0000000099300000, 0x0000000099400000, 0x0000000099400000|100%| O|  |TAMS 0x0000000099400000, 0x0000000099300000| Untracked 
| 404|0x0000000099400000, 0x0000000099500000, 0x0000000099500000|100%| O|  |TAMS 0x0000000099500000, 0x0000000099400000| Untracked 
| 405|0x0000000099500000, 0x0000000099600000, 0x0000000099600000|100%| O|  |TAMS 0x0000000099600000, 0x0000000099500000| Untracked 
| 406|0x0000000099600000, 0x0000000099700000, 0x0000000099700000|100%| O|  |TAMS 0x0000000099700000, 0x0000000099600000| Untracked 
| 407|0x0000000099700000, 0x0000000099800000, 0x0000000099800000|100%| O|  |TAMS 0x0000000099800000, 0x0000000099700000| Untracked 
| 408|0x0000000099800000, 0x0000000099900000, 0x0000000099900000|100%| O|  |TAMS 0x0000000099900000, 0x0000000099800000| Untracked 
| 409|0x0000000099900000, 0x0000000099a00000, 0x0000000099a00000|100%| O|  |TAMS 0x0000000099a00000, 0x0000000099900000| Updating 
| 410|0x0000000099a00000, 0x0000000099b00000, 0x0000000099b00000|100%| O|  |TAMS 0x0000000099b00000, 0x0000000099a00000| Untracked 
| 411|0x0000000099b00000, 0x0000000099c00000, 0x0000000099c00000|100%| O|  |TAMS 0x0000000099c00000, 0x0000000099b00000| Updating 
| 412|0x0000000099c00000, 0x0000000099d00000, 0x0000000099d00000|100%| O|  |TAMS 0x0000000099d00000, 0x0000000099c00000| Untracked 
| 413|0x0000000099d00000, 0x0000000099e00000, 0x0000000099e00000|100%| O|  |TAMS 0x0000000099e00000, 0x0000000099d00000| Untracked 
| 414|0x0000000099e00000, 0x0000000099f00000, 0x0000000099f00000|100%| O|  |TAMS 0x0000000099f00000, 0x0000000099e00000| Untracked 
| 415|0x0000000099f00000, 0x000000009a000000, 0x000000009a000000|100%| O|  |TAMS 0x000000009a000000, 0x0000000099f00000| Untracked 
| 416|0x000000009a000000, 0x000000009a100000, 0x000000009a100000|100%| O|  |TAMS 0x000000009a100000, 0x000000009a000000| Updating 
| 417|0x000000009a100000, 0x000000009a200000, 0x000000009a200000|100%| O|  |TAMS 0x000000009a200000, 0x000000009a100000| Untracked 
| 418|0x000000009a200000, 0x000000009a300000, 0x000000009a300000|100%| O|  |TAMS 0x000000009a300000, 0x000000009a200000| Untracked 
| 419|0x000000009a300000, 0x000000009a400000, 0x000000009a400000|100%| O|  |TAMS 0x000000009a400000, 0x000000009a300000| Untracked 
| 420|0x000000009a400000, 0x000000009a500000, 0x000000009a500000|100%| O|  |TAMS 0x000000009a500000, 0x000000009a400000| Untracked 
| 421|0x000000009a500000, 0x000000009a600000, 0x000000009a600000|100%| O|  |TAMS 0x000000009a600000, 0x000000009a500000| Untracked 
| 422|0x000000009a600000, 0x000000009a700000, 0x000000009a700000|100%| O|  |TAMS 0x000000009a700000, 0x000000009a600000| Untracked 
| 423|0x000000009a700000, 0x000000009a800000, 0x000000009a800000|100%| O|  |TAMS 0x000000009a800000, 0x000000009a700000| Untracked 
| 424|0x000000009a800000, 0x000000009a900000, 0x000000009a900000|100%| O|  |TAMS 0x000000009a900000, 0x000000009a800000| Untracked 
| 425|0x000000009a900000, 0x000000009aa00000, 0x000000009aa00000|100%| O|  |TAMS 0x000000009aa00000, 0x000000009a900000| Untracked 
| 426|0x000000009aa00000, 0x000000009ab00000, 0x000000009ab00000|100%| O|  |TAMS 0x000000009ab00000, 0x000000009aa00000| Updating 
| 427|0x000000009ab00000, 0x000000009ac00000, 0x000000009ac00000|100%| O|  |TAMS 0x000000009ac00000, 0x000000009ab00000| Updating 
| 428|0x000000009ac00000, 0x000000009ad00000, 0x000000009ad00000|100%| O|  |TAMS 0x000000009ad00000, 0x000000009ac00000| Untracked 
| 429|0x000000009ad00000, 0x000000009ae00000, 0x000000009ae00000|100%| O|  |TAMS 0x000000009ae00000, 0x000000009ad00000| Untracked 
| 430|0x000000009ae00000, 0x000000009af00000, 0x000000009af00000|100%| O|  |TAMS 0x000000009af00000, 0x000000009ae00000| Untracked 
| 431|0x000000009af00000, 0x000000009b000000, 0x000000009b000000|100%| O|  |TAMS 0x000000009b000000, 0x000000009af00000| Untracked 
| 432|0x000000009b000000, 0x000000009b100000, 0x000000009b100000|100%| O|  |TAMS 0x000000009b100000, 0x000000009b000000| Untracked 
| 433|0x000000009b100000, 0x000000009b200000, 0x000000009b200000|100%| O|  |TAMS 0x000000009b200000, 0x000000009b100000| Untracked 
| 434|0x000000009b200000, 0x000000009b300000, 0x000000009b300000|100%| O|  |TAMS 0x000000009b300000, 0x000000009b200000| Untracked 
| 435|0x000000009b300000, 0x000000009b400000, 0x000000009b400000|100%| O|  |TAMS 0x000000009b400000, 0x000000009b300000| Untracked 
| 436|0x000000009b400000, 0x000000009b500000, 0x000000009b500000|100%| O|  |TAMS 0x000000009b500000, 0x000000009b400000| Untracked 
| 437|0x000000009b500000, 0x000000009b600000, 0x000000009b600000|100%| O|  |TAMS 0x000000009b600000, 0x000000009b500000| Updating 
| 438|0x000000009b600000, 0x000000009b700000, 0x000000009b700000|100%| O|  |TAMS 0x000000009b700000, 0x000000009b600000| Updating 
| 439|0x000000009b700000, 0x000000009b800000, 0x000000009b800000|100%| O|  |TAMS 0x000000009b800000, 0x000000009b700000| Updating 
| 440|0x000000009b800000, 0x000000009b900000, 0x000000009b900000|100%| O|  |TAMS 0x000000009b900000, 0x000000009b800000| Untracked 
| 441|0x000000009b900000, 0x000000009ba00000, 0x000000009ba00000|100%| O|  |TAMS 0x000000009ba00000, 0x000000009b900000| Untracked 
| 442|0x000000009ba00000, 0x000000009bb00000, 0x000000009bb00000|100%| O|  |TAMS 0x000000009bb00000, 0x000000009ba00000| Untracked 
| 443|0x000000009bb00000, 0x000000009bc00000, 0x000000009bc00000|100%| O|  |TAMS 0x000000009bc00000, 0x000000009bb00000| Untracked 
| 444|0x000000009bc00000, 0x000000009bd00000, 0x000000009bd00000|100%| O|  |TAMS 0x000000009bd00000, 0x000000009bc00000| Untracked 
| 445|0x000000009bd00000, 0x000000009be00000, 0x000000009be00000|100%| O|  |TAMS 0x000000009be00000, 0x000000009bd00000| Updating 
| 446|0x000000009be00000, 0x000000009bf00000, 0x000000009bf00000|100%| O|  |TAMS 0x000000009bf00000, 0x000000009be00000| Untracked 
| 447|0x000000009bf00000, 0x000000009c000000, 0x000000009c000000|100%| O|  |TAMS 0x000000009c000000, 0x000000009bf00000| Untracked 
| 448|0x000000009c000000, 0x000000009c100000, 0x000000009c100000|100%| O|  |TAMS 0x000000009c100000, 0x000000009c000000| Untracked 
| 449|0x000000009c100000, 0x000000009c200000, 0x000000009c200000|100%| O|  |TAMS 0x000000009c200000, 0x000000009c100000| Updating 
| 450|0x000000009c200000, 0x000000009c300000, 0x000000009c300000|100%| O|  |TAMS 0x000000009c300000, 0x000000009c200000| Updating 
| 451|0x000000009c300000, 0x000000009c400000, 0x000000009c400000|100%| O|  |TAMS 0x000000009c400000, 0x000000009c300000| Untracked 
| 452|0x000000009c400000, 0x000000009c500000, 0x000000009c500000|100%| O|  |TAMS 0x000000009c500000, 0x000000009c400000| Untracked 
| 453|0x000000009c500000, 0x000000009c600000, 0x000000009c600000|100%| O|  |TAMS 0x000000009c600000, 0x000000009c500000| Updating 
| 454|0x000000009c600000, 0x000000009c700000, 0x000000009c700000|100%| O|  |TAMS 0x000000009c700000, 0x000000009c600000| Untracked 
| 455|0x000000009c700000, 0x000000009c800000, 0x000000009c800000|100%| O|  |TAMS 0x000000009c800000, 0x000000009c700000| Updating 
| 456|0x000000009c800000, 0x000000009c900000, 0x000000009c900000|100%| O|  |TAMS 0x000000009c900000, 0x000000009c800000| Updating 
| 457|0x000000009c900000, 0x000000009ca00000, 0x000000009ca00000|100%| O|  |TAMS 0x000000009ca00000, 0x000000009c900000| Untracked 
| 458|0x000000009ca00000, 0x000000009cb00000, 0x000000009cb00000|100%| O|  |TAMS 0x000000009cb00000, 0x000000009ca00000| Untracked 
| 459|0x000000009cb00000, 0x000000009cc00000, 0x000000009cc00000|100%| O|  |TAMS 0x000000009cc00000, 0x000000009cb00000| Updating 
| 460|0x000000009cc00000, 0x000000009cd00000, 0x000000009cd00000|100%| O|  |TAMS 0x000000009cd00000, 0x000000009cc00000| Untracked 
| 461|0x000000009cd00000, 0x000000009ce00000, 0x000000009ce00000|100%| O|  |TAMS 0x000000009ce00000, 0x000000009cd00000| Untracked 
| 462|0x000000009ce00000, 0x000000009cf00000, 0x000000009cf00000|100%| O|  |TAMS 0x000000009cf00000, 0x000000009ce00000| Updating 
| 463|0x000000009cf00000, 0x000000009d000000, 0x000000009d000000|100%| O|  |TAMS 0x000000009d000000, 0x000000009cf00000| Updating 
| 464|0x000000009d000000, 0x000000009d100000, 0x000000009d100000|100%| O|  |TAMS 0x000000009d100000, 0x000000009d000000| Untracked 
| 465|0x000000009d100000, 0x000000009d200000, 0x000000009d200000|100%| O|  |TAMS 0x000000009d200000, 0x000000009d100000| Updating 
| 466|0x000000009d200000, 0x000000009d300000, 0x000000009d300000|100%| O|  |TAMS 0x000000009d300000, 0x000000009d200000| Updating 
| 467|0x000000009d300000, 0x000000009d400000, 0x000000009d400000|100%| O|  |TAMS 0x000000009d400000, 0x000000009d300000| Updating 
| 468|0x000000009d400000, 0x000000009d500000, 0x000000009d500000|100%| O|  |TAMS 0x000000009d500000, 0x000000009d400000| Untracked 
| 469|0x000000009d500000, 0x000000009d600000, 0x000000009d600000|100%| O|  |TAMS 0x000000009d600000, 0x000000009d500000| Untracked 
| 470|0x000000009d600000, 0x000000009d700000, 0x000000009d700000|100%| O|  |TAMS 0x000000009d700000, 0x000000009d600000| Untracked 
| 471|0x000000009d700000, 0x000000009d800000, 0x000000009d800000|100%| O|  |TAMS 0x000000009d800000, 0x000000009d700000| Updating 
| 472|0x000000009d800000, 0x000000009d900000, 0x000000009d900000|100%| O|  |TAMS 0x000000009d900000, 0x000000009d800000| Untracked 
| 473|0x000000009d900000, 0x000000009da00000, 0x000000009da00000|100%| O|  |TAMS 0x000000009da00000, 0x000000009d900000| Untracked 
| 474|0x000000009da00000, 0x000000009db00000, 0x000000009db00000|100%| O|  |TAMS 0x000000009db00000, 0x000000009da00000| Updating 
| 475|0x000000009db00000, 0x000000009dc00000, 0x000000009dc00000|100%| O|  |TAMS 0x000000009dc00000, 0x000000009db00000| Updating 
| 476|0x000000009dc00000, 0x000000009dd00000, 0x000000009dd00000|100%| O|  |TAMS 0x000000009dd00000, 0x000000009dc00000| Untracked 
| 477|0x000000009dd00000, 0x000000009de00000, 0x000000009de00000|100%| O|  |TAMS 0x000000009de00000, 0x000000009dd00000| Updating 
| 478|0x000000009de00000, 0x000000009df00000, 0x000000009df00000|100%| O|  |TAMS 0x000000009df00000, 0x000000009de00000| Updating 
| 479|0x000000009df00000, 0x000000009e000000, 0x000000009e000000|100%| O|  |TAMS 0x000000009e000000, 0x000000009df00000| Updating 
| 480|0x000000009e000000, 0x000000009e100000, 0x000000009e100000|100%| O|  |TAMS 0x000000009e100000, 0x000000009e000000| Untracked 
| 481|0x000000009e100000, 0x000000009e200000, 0x000000009e200000|100%| O|  |TAMS 0x000000009e200000, 0x000000009e100000| Untracked 
| 482|0x000000009e200000, 0x000000009e300000, 0x000000009e300000|100%| O|  |TAMS 0x000000009e300000, 0x000000009e200000| Updating 
| 483|0x000000009e300000, 0x000000009e400000, 0x000000009e400000|100%| O|  |TAMS 0x000000009e400000, 0x000000009e300000| Updating 
| 484|0x000000009e400000, 0x000000009e500000, 0x000000009e500000|100%| O|  |TAMS 0x000000009e500000, 0x000000009e400000| Updating 
| 485|0x000000009e500000, 0x000000009e600000, 0x000000009e600000|100%| O|  |TAMS 0x000000009e600000, 0x000000009e500000| Updating 
| 486|0x000000009e600000, 0x000000009e700000, 0x000000009e700000|100%| O|  |TAMS 0x000000009e700000, 0x000000009e600000| Updating 
| 487|0x000000009e700000, 0x000000009e800000, 0x000000009e800000|100%| O|  |TAMS 0x000000009e800000, 0x000000009e700000| Updating 
| 488|0x000000009e800000, 0x000000009e900000, 0x000000009e900000|100%| O|  |TAMS 0x000000009e900000, 0x000000009e800000| Untracked 
| 489|0x000000009e900000, 0x000000009ea00000, 0x000000009ea00000|100%| O|  |TAMS 0x000000009ea00000, 0x000000009e900000| Updating 
| 490|0x000000009ea00000, 0x000000009eb00000, 0x000000009eb00000|100%| O|  |TAMS 0x000000009eb00000, 0x000000009ea00000| Updating 
| 491|0x000000009eb00000, 0x000000009ec00000, 0x000000009ec00000|100%| O|  |TAMS 0x000000009ec00000, 0x000000009eb00000| Updating 
| 492|0x000000009ec00000, 0x000000009ed00000, 0x000000009ed00000|100%| O|  |TAMS 0x000000009ec8e200, 0x000000009ec00000| Updating 
| 493|0x000000009ed00000, 0x000000009ee00000, 0x000000009ee00000|100%| O|  |TAMS 0x000000009ed00000, 0x000000009ed00000| Untracked 
| 494|0x000000009ee00000, 0x000000009ef00000, 0x000000009ef00000|100%| O|  |TAMS 0x000000009ee00000, 0x000000009ee00000| Untracked 
| 495|0x000000009ef00000, 0x000000009ef29600, 0x000000009f000000| 16%| O|  |TAMS 0x000000009ef00000, 0x000000009ef00000| Updating 
| 496|0x000000009f000000, 0x000000009f000000, 0x000000009f100000|  0%| F|  |TAMS 0x000000009f000000, 0x000000009f000000| Untracked 
| 497|0x000000009f100000, 0x000000009f100000, 0x000000009f200000|  0%| F|  |TAMS 0x000000009f100000, 0x000000009f100000| Untracked 
| 498|0x000000009f200000, 0x000000009f200000, 0x000000009f300000|  0%| F|  |TAMS 0x000000009f200000, 0x000000009f200000| Untracked 
| 499|0x000000009f300000, 0x000000009f300000, 0x000000009f400000|  0%| F|  |TAMS 0x000000009f300000, 0x000000009f300000| Untracked 
| 500|0x000000009f400000, 0x000000009f400000, 0x000000009f500000|  0%| F|  |TAMS 0x000000009f400000, 0x000000009f400000| Untracked 
| 501|0x000000009f500000, 0x000000009f500000, 0x000000009f600000|  0%| F|  |TAMS 0x000000009f500000, 0x000000009f500000| Untracked 
| 502|0x000000009f600000, 0x000000009f600000, 0x000000009f700000|  0%| F|  |TAMS 0x000000009f600000, 0x000000009f600000| Untracked 
| 503|0x000000009f700000, 0x000000009f700000, 0x000000009f800000|  0%| F|  |TAMS 0x000000009f700000, 0x000000009f700000| Untracked 
| 504|0x000000009f800000, 0x000000009f800000, 0x000000009f900000|  0%| F|  |TAMS 0x000000009f800000, 0x000000009f800000| Untracked 
| 505|0x000000009f900000, 0x000000009f900000, 0x000000009fa00000|  0%| F|  |TAMS 0x000000009f900000, 0x000000009f900000| Untracked 
| 506|0x000000009fa00000, 0x000000009fa00000, 0x000000009fb00000|  0%| F|  |TAMS 0x000000009fa00000, 0x000000009fa00000| Untracked 
| 507|0x000000009fb00000, 0x000000009fb00000, 0x000000009fc00000|  0%| F|  |TAMS 0x000000009fb00000, 0x000000009fb00000| Untracked 
| 508|0x000000009fc00000, 0x000000009fc00000, 0x000000009fd00000|  0%| F|  |TAMS 0x000000009fc00000, 0x000000009fc00000| Untracked 
| 509|0x000000009fd00000, 0x000000009fd00000, 0x000000009fe00000|  0%| F|  |TAMS 0x000000009fd00000, 0x000000009fd00000| Untracked 
| 510|0x000000009fe00000, 0x000000009fe00000, 0x000000009ff00000|  0%| F|  |TAMS 0x000000009fe00000, 0x000000009fe00000| Untracked 
| 511|0x000000009ff00000, 0x000000009ff00000, 0x00000000a0000000|  0%| F|  |TAMS 0x000000009ff00000, 0x000000009ff00000| Untracked 
| 512|0x00000000a0000000, 0x00000000a0000000, 0x00000000a0100000|  0%| F|  |TAMS 0x00000000a0000000, 0x00000000a0000000| Untracked 
| 513|0x00000000a0100000, 0x00000000a0100000, 0x00000000a0200000|  0%| F|  |TAMS 0x00000000a0100000, 0x00000000a0100000| Untracked 
| 514|0x00000000a0200000, 0x00000000a0200000, 0x00000000a0300000|  0%| F|  |TAMS 0x00000000a0200000, 0x00000000a0200000| Untracked 
| 515|0x00000000a0300000, 0x00000000a0300000, 0x00000000a0400000|  0%| F|  |TAMS 0x00000000a0300000, 0x00000000a0300000| Untracked 
| 516|0x00000000a0400000, 0x00000000a0400000, 0x00000000a0500000|  0%| F|  |TAMS 0x00000000a0400000, 0x00000000a0400000| Untracked 
| 517|0x00000000a0500000, 0x00000000a0500000, 0x00000000a0600000|  0%| F|  |TAMS 0x00000000a0500000, 0x00000000a0500000| Untracked 
| 518|0x00000000a0600000, 0x00000000a0600000, 0x00000000a0700000|  0%| F|  |TAMS 0x00000000a0600000, 0x00000000a0600000| Untracked 
| 519|0x00000000a0700000, 0x00000000a0700000, 0x00000000a0800000|  0%| F|  |TAMS 0x00000000a0700000, 0x00000000a0700000| Untracked 
| 520|0x00000000a0800000, 0x00000000a0800000, 0x00000000a0900000|  0%| F|  |TAMS 0x00000000a0800000, 0x00000000a0800000| Untracked 
| 521|0x00000000a0900000, 0x00000000a0900000, 0x00000000a0a00000|  0%| F|  |TAMS 0x00000000a0900000, 0x00000000a0900000| Untracked 
| 522|0x00000000a0a00000, 0x00000000a0a00000, 0x00000000a0b00000|  0%| F|  |TAMS 0x00000000a0a00000, 0x00000000a0a00000| Untracked 
| 523|0x00000000a0b00000, 0x00000000a0b00000, 0x00000000a0c00000|  0%| F|  |TAMS 0x00000000a0b00000, 0x00000000a0b00000| Untracked 
| 524|0x00000000a0c00000, 0x00000000a0c00000, 0x00000000a0d00000|  0%| F|  |TAMS 0x00000000a0c00000, 0x00000000a0c00000| Untracked 
| 525|0x00000000a0d00000, 0x00000000a0d00000, 0x00000000a0e00000|  0%| F|  |TAMS 0x00000000a0d00000, 0x00000000a0d00000| Untracked 
| 526|0x00000000a0e00000, 0x00000000a0e00000, 0x00000000a0f00000|  0%| F|  |TAMS 0x00000000a0e00000, 0x00000000a0e00000| Untracked 
| 527|0x00000000a0f00000, 0x00000000a0f00000, 0x00000000a1000000|  0%| F|  |TAMS 0x00000000a0f00000, 0x00000000a0f00000| Untracked 
| 528|0x00000000a1000000, 0x00000000a1000000, 0x00000000a1100000|  0%| F|  |TAMS 0x00000000a1000000, 0x00000000a1000000| Untracked 
| 529|0x00000000a1100000, 0x00000000a1100000, 0x00000000a1200000|  0%| F|  |TAMS 0x00000000a1100000, 0x00000000a1100000| Untracked 
| 530|0x00000000a1200000, 0x00000000a1200000, 0x00000000a1300000|  0%| F|  |TAMS 0x00000000a1200000, 0x00000000a1200000| Untracked 
| 531|0x00000000a1300000, 0x00000000a1300000, 0x00000000a1400000|  0%| F|  |TAMS 0x00000000a1300000, 0x00000000a1300000| Untracked 
| 532|0x00000000a1400000, 0x00000000a1400000, 0x00000000a1500000|  0%| F|  |TAMS 0x00000000a1400000, 0x00000000a1400000| Untracked 
| 533|0x00000000a1500000, 0x00000000a1500000, 0x00000000a1600000|  0%| F|  |TAMS 0x00000000a1500000, 0x00000000a1500000| Untracked 
| 534|0x00000000a1600000, 0x00000000a1600000, 0x00000000a1700000|  0%| F|  |TAMS 0x00000000a1600000, 0x00000000a1600000| Untracked 
| 535|0x00000000a1700000, 0x00000000a1737050, 0x00000000a1800000| 21%| S|CS|TAMS 0x00000000a1700000, 0x00000000a1700000| Complete 
| 536|0x00000000a1800000, 0x00000000a1900000, 0x00000000a1900000|100%| S|CS|TAMS 0x00000000a1800000, 0x00000000a1800000| Complete 
| 537|0x00000000a1900000, 0x00000000a1a00000, 0x00000000a1a00000|100%| S|CS|TAMS 0x00000000a1900000, 0x00000000a1900000| Complete 
| 538|0x00000000a1a00000, 0x00000000a1b00000, 0x00000000a1b00000|100%| S|CS|TAMS 0x00000000a1a00000, 0x00000000a1a00000| Complete 
| 539|0x00000000a1b00000, 0x00000000a1b00000, 0x00000000a1c00000|  0%| F|  |TAMS 0x00000000a1b00000, 0x00000000a1b00000| Untracked 
| 540|0x00000000a1c00000, 0x00000000a1c00000, 0x00000000a1d00000|  0%| F|  |TAMS 0x00000000a1c00000, 0x00000000a1c00000| Untracked 
| 541|0x00000000a1d00000, 0x00000000a1d00000, 0x00000000a1e00000|  0%| F|  |TAMS 0x00000000a1d00000, 0x00000000a1d00000| Untracked 
| 542|0x00000000a1e00000, 0x00000000a1e00000, 0x00000000a1f00000|  0%| F|  |TAMS 0x00000000a1e00000, 0x00000000a1e00000| Untracked 
| 543|0x00000000a1f00000, 0x00000000a1f00000, 0x00000000a2000000|  0%| F|  |TAMS 0x00000000a1f00000, 0x00000000a1f00000| Untracked 
| 544|0x00000000a2000000, 0x00000000a2000000, 0x00000000a2100000|  0%| F|  |TAMS 0x00000000a2000000, 0x00000000a2000000| Untracked 
| 545|0x00000000a2100000, 0x00000000a21ffda8, 0x00000000a2200000| 99%| E|  |TAMS 0x00000000a2100000, 0x00000000a2100000| Complete 
| 546|0x00000000a2200000, 0x00000000a2300000, 0x00000000a2300000|100%| E|CS|TAMS 0x00000000a2200000, 0x00000000a2200000| Complete 
| 547|0x00000000a2300000, 0x00000000a2400000, 0x00000000a2400000|100%| E|  |TAMS 0x00000000a2300000, 0x00000000a2300000| Complete 
| 548|0x00000000a2400000, 0x00000000a2500000, 0x00000000a2500000|100%| E|CS|TAMS 0x00000000a2400000, 0x00000000a2400000| Complete 
| 549|0x00000000a2500000, 0x00000000a2600000, 0x00000000a2600000|100%| E|CS|TAMS 0x00000000a2500000, 0x00000000a2500000| Complete 
| 550|0x00000000a2600000, 0x00000000a2700000, 0x00000000a2700000|100%| E|CS|TAMS 0x00000000a2600000, 0x00000000a2600000| Complete 
| 551|0x00000000a2700000, 0x00000000a2800000, 0x00000000a2800000|100%| E|CS|TAMS 0x00000000a2700000, 0x00000000a2700000| Complete 
| 552|0x00000000a2800000, 0x00000000a2900000, 0x00000000a2900000|100%| E|CS|TAMS 0x00000000a2800000, 0x00000000a2800000| Complete 
| 553|0x00000000a2900000, 0x00000000a2a00000, 0x00000000a2a00000|100%| E|CS|TAMS 0x00000000a2900000, 0x00000000a2900000| Complete 
| 554|0x00000000a2a00000, 0x00000000a2b00000, 0x00000000a2b00000|100%| E|CS|TAMS 0x00000000a2a00000, 0x00000000a2a00000| Complete 
| 555|0x00000000a2b00000, 0x00000000a2c00000, 0x00000000a2c00000|100%| E|CS|TAMS 0x00000000a2b00000, 0x00000000a2b00000| Complete 
| 556|0x00000000a2c00000, 0x00000000a2d00000, 0x00000000a2d00000|100%| E|CS|TAMS 0x00000000a2c00000, 0x00000000a2c00000| Complete 
| 557|0x00000000a2d00000, 0x00000000a2e00000, 0x00000000a2e00000|100%| E|CS|TAMS 0x00000000a2d00000, 0x00000000a2d00000| Complete 
| 558|0x00000000a2e00000, 0x00000000a2f00000, 0x00000000a2f00000|100%| E|CS|TAMS 0x00000000a2e00000, 0x00000000a2e00000| Complete 
| 559|0x00000000a2f00000, 0x00000000a3000000, 0x00000000a3000000|100%| E|CS|TAMS 0x00000000a2f00000, 0x00000000a2f00000| Complete 
| 560|0x00000000a3000000, 0x00000000a3100000, 0x00000000a3100000|100%| E|CS|TAMS 0x00000000a3000000, 0x00000000a3000000| Complete 
| 561|0x00000000a3100000, 0x00000000a3200000, 0x00000000a3200000|100%| E|CS|TAMS 0x00000000a3100000, 0x00000000a3100000| Complete 
| 562|0x00000000a3200000, 0x00000000a3300000, 0x00000000a3300000|100%| E|CS|TAMS 0x00000000a3200000, 0x00000000a3200000| Complete 

Card table byte_map: [0x000001293a8a0000,0x000001293aca0000] _byte_map_base: 0x000001293a4a0000

Marking Bits (Prev, Next): (CMBitMap*) 0x0000012921630180, (CMBitMap*) 0x00000129216301c0
 Prev Bits: [0x000001293b0a0000, 0x000001293d0a0000)
 Next Bits: [0x000001293d0a0000, 0x000001293f0a0000)

Polling page: 0x0000012921a20000

Metaspace:

Usage:
  Non-class:    113.41 MB used.
      Class:     18.06 MB used.
       Both:    131.47 MB used.

Virtual space:
  Non-class space:      128.00 MB reserved,     114.88 MB ( 90%) committed,  2 nodes.
      Class space:      416.00 MB reserved,      19.25 MB (  5%) committed,  1 nodes.
             Both:      544.00 MB reserved,     134.12 MB ( 25%) committed. 

Chunk freelists:
   Non-Class:  12.83 MB
       Class:  12.78 MB
        Both:  25.61 MB

MaxMetaspaceSize: 512.00 MB
CompressedClassSpaceSize: 416.00 MB
Initial GC threshold: 21.00 MB
Current GC threshold: 181.25 MB
CDS: on
MetaspaceReclaimPolicy: balanced
 - commit_granule_bytes: 65536.
 - commit_granule_words: 8192.
 - virtual_space_node_default_size: 8388608.
 - enlarge_chunks_in_place: 1.
 - new_chunks_are_fully_committed: 0.
 - uncommit_free_chunks: 1.
 - use_allocation_guard: 0.
 - handle_deallocations: 1.


Internal statistics:

num_allocs_failed_limit: 12.
num_arena_births: 3256.
num_arena_deaths: 0.
num_vsnodes_births: 3.
num_vsnodes_deaths: 0.
num_space_committed: 2146.
num_space_uncommitted: 0.
num_chunks_returned_to_freelist: 12.
num_chunks_taken_from_freelist: 10145.
num_chunk_merges: 12.
num_chunk_splits: 6095.
num_chunks_enlarged: 3321.
num_inconsistent_stats: 0.

CodeHeap 'non-profiled nmethods': size=120000Kb used=15377Kb max_used=16079Kb free=104622Kb
 bounds [0x0000012932500000, 0x00000129334c0000, 0x0000012939a30000]
CodeHeap 'profiled nmethods': size=120000Kb used=36581Kb max_used=37025Kb free=83418Kb
 bounds [0x000001292aa30000, 0x000001292ce70000, 0x0000012931f60000]
CodeHeap 'non-nmethods': size=5760Kb used=2509Kb max_used=2570Kb free=3250Kb
 bounds [0x0000012931f60000, 0x00000129321f0000, 0x0000012932500000]
 total_blobs=20614 nmethods=19565 adapters=960
 compilation: enabled
              stopped_count=0, restarted_count=0
 full_count=0

Compilation events (20 events):
Event: 92.587 Thread 0x000001296f7fec30 24353       4       org.gradle.api.internal.artifacts.ivyservice.resolveengine.artifact.EndCollection::visit (11 bytes)
Event: 92.588 Thread 0x0000012941bcd180 nmethod 24352 0x0000012933131390 code [0x0000012933131540, 0x00000129331317f8]
Event: 92.588 Thread 0x0000012941bcd180 24354       4       org.gradle.internal.snapshot.AbstractFileSystemLocationSnapshot::getSnapshot (7 bytes)
Event: 92.592 Thread 0x0000012941bcd180 nmethod 24354 0x00000129329d4d90 code [0x00000129329d4f60, 0x00000129329d5228]
Event: 92.592 Thread 0x0000012941bcd180 24358       4       org.gradle.api.internal.artifacts.transform.TransformingAsyncArtifactListener$TransformedArtifact::prepareForVisitingIfNotAlready (40 bytes)
Event: 92.600 Thread 0x000001296f7fec30 nmethod 24353 0x0000012932de7810 code [0x0000012932de79c0, 0x0000012932de8038]
Event: 92.600 Thread 0x000001296f7fec30 24359       4       org.gradle.api.internal.artifacts.transform.NonNormalizedIdentityImmutableTransformExecution::createIdentity (69 bytes)
Event: 92.602 Thread 0x000001296f7fe6e0 nmethod 24351 0x0000012932a25f10 code [0x0000012932a26100, 0x0000012932a26c78]
Event: 92.602 Thread 0x000001296f7fe6e0 24356       4       org.gradle.internal.component.model.DefaultExternalModuleComponentGraphResolveState$DefaultConfigurationArtifactResolveState::getArtifactVariants (10 bytes)
Event: 92.604 Thread 0x000001296f7fe6e0 nmethod 24356 0x0000012933060a10 code [0x0000012933060bc0, 0x0000012933060d88]
Event: 92.604 Thread 0x000001296f7fe6e0 24355       4       org.gradle.internal.snapshot.DirectorySnapshot::getChildSnapshot (30 bytes)
Event: 92.608 Thread 0x000001296f7fe6e0 nmethod 24355 0x00000129329d4590 code [0x00000129329d4760, 0x00000129329d4a08]
Event: 92.608 Thread 0x000001296f7fe6e0 24360       4       org.gradle.internal.hash.HashCode$HashCode128::bytes (5 bytes)
Event: 92.610 Thread 0x000001296f7fe6e0 nmethod 24360 0x0000012932de7290 code [0x0000012932de7420, 0x0000012932de7638]
Event: 92.610 Thread 0x000001296f7fe6e0 24357       4       org.gradle.api.internal.artifacts.transform.TransformWorkspaceIdentity::<init> (18 bytes)
Event: 92.619 Thread 0x000001296f7fe6e0 nmethod 24357 0x0000012933372f90 code [0x0000012933373160, 0x0000012933373a18]
Event: 92.627 Thread 0x000001296f7fec30 nmethod 24359 0x000001293331b410 code [0x000001293331b6e0, 0x000001293331c8a8]
Event: 92.640 Thread 0x0000012941bcd180 nmethod 24358 0x0000012932e33f90 code [0x0000012932e34240, 0x0000012932e35820]
Event: 92.694 Thread 0x0000012941bcd180 24361       4       org.gradle.internal.execution.steps.ExecuteWorkBuildOperationFiringStep::execute (10 bytes)
Event: 92.709 Thread 0x0000012941bcd180 nmethod 24361 0x0000012932985690 code [0x0000012932985880, 0x0000012932985f88]

GC Heap History (20 events):
Event: 90.214 GC heap before
{Heap before GC invocations=126 (full 0):
 garbage-first heap   total 576512K, used 520342K [0x0000000080000000, 0x0000000100000000)
  region size 1024K, 28 young (28672K), 4 survivors (4096K)
 Metaspace       used 134255K, committed 136960K, reserved 557056K
  class space    used 18469K, committed 19712K, reserved 425984K
}
Event: 90.218 GC heap after
{Heap after GC invocations=127 (full 0):
 garbage-first heap   total 576512K, used 496297K [0x0000000080000000, 0x0000000100000000)
  region size 1024K, 4 young (4096K), 4 survivors (4096K)
 Metaspace       used 134255K, committed 136960K, reserved 557056K
  class space    used 18469K, committed 19712K, reserved 425984K
}
Event: 90.451 GC heap before
{Heap before GC invocations=127 (full 0):
 garbage-first heap   total 576512K, used 519849K [0x0000000080000000, 0x0000000100000000)
  region size 1024K, 28 young (28672K), 4 survivors (4096K)
 Metaspace       used 134256K, committed 136960K, reserved 557056K
  class space    used 18469K, committed 19712K, reserved 425984K
}
Event: 90.454 GC heap after
{Heap after GC invocations=128 (full 0):
 garbage-first heap   total 576512K, used 496914K [0x0000000080000000, 0x0000000100000000)
  region size 1024K, 4 young (4096K), 4 survivors (4096K)
 Metaspace       used 134256K, committed 136960K, reserved 557056K
  class space    used 18469K, committed 19712K, reserved 425984K
}
Event: 90.630 GC heap before
{Heap before GC invocations=128 (full 0):
 garbage-first heap   total 576512K, used 520466K [0x0000000080000000, 0x0000000100000000)
  region size 1024K, 28 young (28672K), 4 survivors (4096K)
 Metaspace       used 134256K, committed 136960K, reserved 557056K
  class space    used 18469K, committed 19712K, reserved 425984K
}
Event: 90.633 GC heap after
{Heap after GC invocations=129 (full 0):
 garbage-first heap   total 576512K, used 497647K [0x0000000080000000, 0x0000000100000000)
  region size 1024K, 4 young (4096K), 4 survivors (4096K)
 Metaspace       used 134256K, committed 136960K, reserved 557056K
  class space    used 18469K, committed 19712K, reserved 425984K
}
Event: 90.761 GC heap before
{Heap before GC invocations=129 (full 0):
 garbage-first heap   total 576512K, used 521199K [0x0000000080000000, 0x0000000100000000)
  region size 1024K, 28 young (28672K), 4 survivors (4096K)
 Metaspace       used 134260K, committed 136960K, reserved 557056K
  class space    used 18470K, committed 19712K, reserved 425984K
}
Event: 90.765 GC heap after
{Heap after GC invocations=130 (full 0):
 garbage-first heap   total 576512K, used 497913K [0x0000000080000000, 0x0000000100000000)
  region size 1024K, 4 young (4096K), 4 survivors (4096K)
 Metaspace       used 134260K, committed 136960K, reserved 557056K
  class space    used 18470K, committed 19712K, reserved 425984K
}
Event: 91.116 GC heap before
{Heap before GC invocations=130 (full 0):
 garbage-first heap   total 576512K, used 521465K [0x0000000080000000, 0x0000000100000000)
  region size 1024K, 28 young (28672K), 4 survivors (4096K)
 Metaspace       used 134478K, committed 137152K, reserved 557056K
  class space    used 18488K, committed 19712K, reserved 425984K
}
Event: 91.121 GC heap after
{Heap after GC invocations=131 (full 0):
 garbage-first heap   total 576512K, used 499494K [0x0000000080000000, 0x0000000100000000)
  region size 1024K, 3 young (3072K), 3 survivors (3072K)
 Metaspace       used 134478K, committed 137152K, reserved 557056K
  class space    used 18488K, committed 19712K, reserved 425984K
}
Event: 91.386 GC heap before
{Heap before GC invocations=131 (full 0):
 garbage-first heap   total 576512K, used 524070K [0x0000000080000000, 0x0000000100000000)
  region size 1024K, 28 young (28672K), 3 survivors (3072K)
 Metaspace       used 134523K, committed 137280K, reserved 557056K
  class space    used 18488K, committed 19712K, reserved 425984K
}
Event: 91.391 GC heap after
{Heap after GC invocations=132 (full 0):
 garbage-first heap   total 576512K, used 502196K [0x0000000080000000, 0x0000000100000000)
  region size 1024K, 4 young (4096K), 4 survivors (4096K)
 Metaspace       used 134523K, committed 137280K, reserved 557056K
  class space    used 18488K, committed 19712K, reserved 425984K
}
Event: 91.860 GC heap before
{Heap before GC invocations=132 (full 0):
 garbage-first heap   total 576512K, used 526772K [0x0000000080000000, 0x0000000100000000)
  region size 1024K, 28 young (28672K), 4 survivors (4096K)
 Metaspace       used 134528K, committed 137280K, reserved 557056K
  class space    used 18488K, committed 19712K, reserved 425984K
}
Event: 91.869 GC heap after
{Heap after GC invocations=133 (full 0):
 garbage-first heap   total 576512K, used 504706K [0x0000000080000000, 0x0000000100000000)
  region size 1024K, 4 young (4096K), 4 survivors (4096K)
 Metaspace       used 134528K, committed 137280K, reserved 557056K
  class space    used 18488K, committed 19712K, reserved 425984K
}
Event: 92.153 GC heap before
{Heap before GC invocations=133 (full 0):
 garbage-first heap   total 576512K, used 528258K [0x0000000080000000, 0x0000000100000000)
  region size 1024K, 28 young (28672K), 4 survivors (4096K)
 Metaspace       used 134619K, committed 137344K, reserved 557056K
  class space    used 18492K, committed 19712K, reserved 425984K
}
Event: 92.158 GC heap after
{Heap after GC invocations=134 (full 0):
 garbage-first heap   total 576512K, used 506112K [0x0000000080000000, 0x0000000100000000)
  region size 1024K, 2 young (2048K), 2 survivors (2048K)
 Metaspace       used 134619K, committed 137344K, reserved 557056K
  class space    used 18492K, committed 19712K, reserved 425984K
}
Event: 92.414 GC heap before
{Heap before GC invocations=134 (full 0):
 garbage-first heap   total 576512K, used 531712K [0x0000000080000000, 0x0000000100000000)
  region size 1024K, 28 young (28672K), 2 survivors (2048K)
 Metaspace       used 134622K, committed 137344K, reserved 557056K
  class space    used 18492K, committed 19712K, reserved 425984K
}
Event: 92.434 GC heap after
{Heap after GC invocations=135 (full 0):
 garbage-first heap   total 576512K, used 509288K [0x0000000080000000, 0x0000000100000000)
  region size 1024K, 4 young (4096K), 4 survivors (4096K)
 Metaspace       used 134622K, committed 137344K, reserved 557056K
  class space    used 18492K, committed 19712K, reserved 425984K
}
Event: 92.702 GC heap before
{Heap before GC invocations=135 (full 0):
 garbage-first heap   total 576512K, used 532840K [0x0000000080000000, 0x0000000100000000)
  region size 1024K, 28 young (28672K), 4 survivors (4096K)
 Metaspace       used 134622K, committed 137344K, reserved 557056K
  class space    used 18492K, committed 19712K, reserved 425984K
}
Event: 92.709 GC heap after
{Heap after GC invocations=136 (full 0):
 garbage-first heap   total 576512K, used 510337K [0x0000000080000000, 0x0000000100000000)
  region size 1024K, 4 young (4096K), 4 survivors (4096K)
 Metaspace       used 134622K, committed 137344K, reserved 557056K
  class space    used 18492K, committed 19712K, reserved 425984K
}

Dll operation events (16 events):
Event: 0.009 Loaded shared library C:\Program Files\Microsoft\jdk-17.0.18.8-hotspot\bin\java.dll
Event: 0.033 Loaded shared library C:\Program Files\Microsoft\jdk-17.0.18.8-hotspot\bin\jsvml.dll
Event: 0.097 Loaded shared library C:\Program Files\Microsoft\jdk-17.0.18.8-hotspot\bin\zip.dll
Event: 0.101 Loaded shared library C:\Program Files\Microsoft\jdk-17.0.18.8-hotspot\bin\instrument.dll
Event: 0.107 Loaded shared library C:\Program Files\Microsoft\jdk-17.0.18.8-hotspot\bin\net.dll
Event: 0.109 Loaded shared library C:\Program Files\Microsoft\jdk-17.0.18.8-hotspot\bin\nio.dll
Event: 0.112 Loaded shared library C:\Program Files\Microsoft\jdk-17.0.18.8-hotspot\bin\zip.dll
Event: 0.491 Loaded shared library C:\Program Files\Microsoft\jdk-17.0.18.8-hotspot\bin\jimage.dll
Event: 0.807 Loaded shared library C:\Program Files\Microsoft\jdk-17.0.18.8-hotspot\bin\verify.dll
Event: 0.931 Loaded shared library C:\Users\Sudharani-ITS130\.gradle\native\1def1411415f61bf3af743bc5b6707747c0891f09f0c88961ee8f79bc544acac\windows-amd64\native-platform.dll
Event: 0.947 Loaded shared library C:\Users\Sudharani-ITS130\.gradle\native\0.2.7\x86_64-windows-gnu\gradle-fileevents.dll
Event: 2.843 Loaded shared library C:\Program Files\Microsoft\jdk-17.0.18.8-hotspot\bin\management.dll
Event: 2.846 Loaded shared library C:\Program Files\Microsoft\jdk-17.0.18.8-hotspot\bin\management_ext.dll
Event: 3.351 Loaded shared library C:\Program Files\Microsoft\jdk-17.0.18.8-hotspot\bin\extnet.dll
Event: 3.803 Loaded shared library C:\Program Files\Microsoft\jdk-17.0.18.8-hotspot\bin\sunmscapi.dll
Event: 22.505 Loaded shared library C:\Program Files\Microsoft\jdk-17.0.18.8-hotspot\bin\rmi.dll

Deoptimization events (20 events):
Event: 92.098 Thread 0x0000012965aa5ce0 DEOPT PACKING pc=0x000001292ce35242 sp=0x00000026c9cfea20
Event: 92.098 Thread 0x0000012965aa5ce0 DEOPT UNPACKING pc=0x0000012931fbace3 sp=0x00000026c9cfdf70 mode 0
Event: 92.134 Thread 0x0000012965aa57d0 DEOPT PACKING pc=0x000001292ce35242 sp=0x00000026c9bfeb50
Event: 92.134 Thread 0x0000012965aa57d0 DEOPT UNPACKING pc=0x0000012931fbace3 sp=0x00000026c9bfe0a0 mode 0
Event: 92.165 Thread 0x0000012965aa6700 Uncommon trap: trap_request=0xffffffbe fr.pc=0x0000012932c75ab8 relative=0x0000000000000e58
Event: 92.165 Thread 0x0000012965aa6700 Uncommon trap: reason=profile_predicate action=maybe_recompile pc=0x0000012932c75ab8 method=org.gradle.api.internal.artifacts.ivyservice.resolveengine.artifact.VariantResolvingArtifactSet.resolveVariantArtifactSets(Lorg/gradle/internal/component/model/Var
Event: 92.165 Thread 0x0000012965aa6700 DEOPT PACKING pc=0x0000012932c75ab8 sp=0x00000026c9afc6b0
Event: 92.165 Thread 0x0000012965aa6700 DEOPT UNPACKING pc=0x0000012931fba1a3 sp=0x00000026c9afc690 mode 2
Event: 92.165 Thread 0x0000012965aa6700 Uncommon trap: trap_request=0xffffffbe fr.pc=0x0000012932c75ab8 relative=0x0000000000000e58
Event: 92.165 Thread 0x0000012965aa6700 Uncommon trap: reason=profile_predicate action=maybe_recompile pc=0x0000012932c75ab8 method=org.gradle.api.internal.artifacts.ivyservice.resolveengine.artifact.VariantResolvingArtifactSet.resolveVariantArtifactSets(Lorg/gradle/internal/component/model/Var
Event: 92.165 Thread 0x0000012965aa6700 DEOPT PACKING pc=0x0000012932c75ab8 sp=0x00000026c9afc6b0
Event: 92.165 Thread 0x0000012965aa6700 DEOPT UNPACKING pc=0x0000012931fba1a3 sp=0x00000026c9afc690 mode 2
Event: 92.165 Thread 0x0000012965aa6700 Uncommon trap: trap_request=0xffffffbe fr.pc=0x0000012932c75ab8 relative=0x0000000000000e58
Event: 92.165 Thread 0x0000012965aa6700 Uncommon trap: reason=profile_predicate action=maybe_recompile pc=0x0000012932c75ab8 method=org.gradle.api.internal.artifacts.ivyservice.resolveengine.artifact.VariantResolvingArtifactSet.resolveVariantArtifactSets(Lorg/gradle/internal/component/model/Var
Event: 92.165 Thread 0x0000012965aa6700 DEOPT PACKING pc=0x0000012932c75ab8 sp=0x00000026c9afc6b0
Event: 92.165 Thread 0x0000012965aa6700 DEOPT UNPACKING pc=0x0000012931fba1a3 sp=0x00000026c9afc690 mode 2
Event: 92.165 Thread 0x0000012965aa6700 Uncommon trap: trap_request=0xffffffbe fr.pc=0x0000012932c75ab8 relative=0x0000000000000e58
Event: 92.165 Thread 0x0000012965aa6700 Uncommon trap: reason=profile_predicate action=maybe_recompile pc=0x0000012932c75ab8 method=org.gradle.api.internal.artifacts.ivyservice.resolveengine.artifact.VariantResolvingArtifactSet.resolveVariantArtifactSets(Lorg/gradle/internal/component/model/Var
Event: 92.165 Thread 0x0000012965aa6700 DEOPT PACKING pc=0x0000012932c75ab8 sp=0x00000026c9afc6b0
Event: 92.165 Thread 0x0000012965aa6700 DEOPT UNPACKING pc=0x0000012931fba1a3 sp=0x00000026c9afc690 mode 2

Classes loaded (20 events):
Event: 82.435 Loading class com/sun/org/apache/xerces/internal/dom/CharacterDataImpl
Event: 82.435 Loading class com/sun/org/apache/xerces/internal/dom/CharacterDataImpl done
Event: 82.435 Loading class com/sun/org/apache/xerces/internal/dom/TextImpl done
Event: 82.435 Loading class com/sun/org/apache/xerces/internal/dom/DeferredTextImpl done
Event: 82.435 Loading class com/sun/org/apache/xerces/internal/dom/CharacterDataImpl$1
Event: 82.435 Loading class com/sun/org/apache/xerces/internal/dom/CharacterDataImpl$1 done
Event: 82.441 Loading class org/w3c/dom/Comment
Event: 82.441 Loading class org/w3c/dom/Comment done
Event: 86.802 Loading class java/util/HashSetBeanInfo
Event: 86.802 Loading class java/util/HashSetBeanInfo done
Event: 86.802 Loading class java/util/HashSetBeanInfo
Event: 86.802 Loading class java/util/HashSetBeanInfo done
Event: 86.802 Loading class java/util/HashSetCustomizer
Event: 86.803 Loading class java/util/HashSetCustomizer done
Event: 86.803 Loading class java/util/HashSetCustomizer
Event: 86.803 Loading class java/util/HashSetCustomizer done
Event: 88.455 Loading class java/util/concurrent/ConcurrentSkipListMap$KeySet
Event: 88.457 Loading class java/util/concurrent/ConcurrentSkipListMap$KeySet done
Event: 88.457 Loading class java/util/concurrent/ConcurrentSkipListMap$KeyIterator
Event: 88.458 Loading class java/util/concurrent/ConcurrentSkipListMap$KeyIterator done

Classes unloaded (0 events):
No events

Classes redefined (0 events):
No events

Internal exceptions (20 events):
Event: 90.979 Thread 0x00000129654f8fc0 Exception <a 'sun/nio/fs/WindowsException'{0x00000000a2329fe8}> (0x00000000a2329fe8) 
thrown [s\src\hotspot\share\prims\jni.cpp, line 516]
Event: 90.989 Thread 0x00000129654f8fc0 Exception <a 'sun/nio/fs/WindowsException'{0x00000000a23d7240}> (0x00000000a23d7240) 
thrown [s\src\hotspot\share\prims\jni.cpp, line 516]
Event: 91.000 Thread 0x00000129654f8fc0 Exception <a 'sun/nio/fs/WindowsException'{0x00000000a2290ca8}> (0x00000000a2290ca8) 
thrown [s\src\hotspot\share\prims\jni.cpp, line 516]
Event: 91.011 Thread 0x00000129654f8fc0 Exception <a 'sun/nio/fs/WindowsException'{0x00000000a213cdf8}> (0x00000000a213cdf8) 
thrown [s\src\hotspot\share\prims\jni.cpp, line 516]
Event: 91.024 Thread 0x00000129654f8fc0 Exception <a 'sun/nio/fs/WindowsException'{0x00000000a21f67c8}> (0x00000000a21f67c8) 
thrown [s\src\hotspot\share\prims\jni.cpp, line 516]
Event: 91.038 Thread 0x00000129654f8fc0 Exception <a 'sun/nio/fs/WindowsException'{0x00000000a20aee30}> (0x00000000a20aee30) 
thrown [s\src\hotspot\share\prims\jni.cpp, line 516]
Event: 91.052 Thread 0x00000129654f8fc0 Exception <a 'sun/nio/fs/WindowsException'{0x00000000a1f6e740}> (0x00000000a1f6e740) 
thrown [s\src\hotspot\share\prims\jni.cpp, line 516]
Event: 91.062 Thread 0x00000129654f8fc0 Exception <a 'sun/nio/fs/WindowsException'{0x00000000a1e1ec70}> (0x00000000a1e1ec70) 
thrown [s\src\hotspot\share\prims\jni.cpp, line 516]
Event: 91.071 Thread 0x00000129654f8fc0 Exception <a 'sun/nio/fs/WindowsException'{0x00000000a1ec11c0}> (0x00000000a1ec11c0) 
thrown [s\src\hotspot\share\prims\jni.cpp, line 516]
Event: 91.082 Thread 0x00000129654f8fc0 Exception <a 'sun/nio/fs/WindowsException'{0x00000000a1d71fb0}> (0x00000000a1d71fb0) 
thrown [s\src\hotspot\share\prims\jni.cpp, line 516]
Event: 91.092 Thread 0x00000129654f8fc0 Exception <a 'sun/nio/fs/WindowsException'{0x00000000a1c35300}> (0x00000000a1c35300) 
thrown [s\src\hotspot\share\prims\jni.cpp, line 516]
Event: 91.101 Thread 0x00000129654f8fc0 Exception <a 'sun/nio/fs/WindowsException'{0x00000000a1cdf198}> (0x00000000a1cdf198) 
thrown [s\src\hotspot\share\prims\jni.cpp, line 516]
Event: 91.111 Thread 0x00000129654f8fc0 Exception <a 'sun/nio/fs/WindowsException'{0x00000000a1b99e18}> (0x00000000a1b99e18) 
thrown [s\src\hotspot\share\prims\jni.cpp, line 516]
Event: 91.127 Thread 0x00000129654f8fc0 Exception <a 'sun/nio/fs/WindowsException'{0x00000000a3251108}> (0x00000000a3251108) 
thrown [s\src\hotspot\share\prims\jni.cpp, line 516]
Event: 91.139 Thread 0x00000129654f8fc0 Exception <a 'sun/nio/fs/WindowsException'{0x00000000a315fca8}> (0x00000000a315fca8) 
thrown [s\src\hotspot\share\prims\jni.cpp, line 516]
Event: 91.153 Thread 0x00000129654f8fc0 Exception <a 'sun/nio/fs/WindowsException'{0x00000000a306bde0}> (0x00000000a306bde0) 
thrown [s\src\hotspot\share\prims\jni.cpp, line 516]
Event: 91.172 Thread 0x00000129654f8fc0 Exception <a 'sun/nio/fs/WindowsException'{0x00000000a2f15b90}> (0x00000000a2f15b90) 
thrown [s\src\hotspot\share\prims\jni.cpp, line 516]
Event: 91.181 Thread 0x00000129654f8fc0 Exception <a 'sun/nio/fs/WindowsException'{0x00000000a2fce3a0}> (0x00000000a2fce3a0) 
thrown [s\src\hotspot\share\prims\jni.cpp, line 516]
Event: 91.191 Thread 0x00000129654f8fc0 Exception <a 'sun/nio/fs/WindowsException'{0x00000000a2e78480}> (0x00000000a2e78480) 
thrown [s\src\hotspot\share\prims\jni.cpp, line 516]
Event: 91.201 Thread 0x00000129654f8fc0 Exception <a 'sun/nio/fs/WindowsException'{0x00000000a2d16890}> (0x00000000a2d16890) 
thrown [s\src\hotspot\share\prims\jni.cpp, line 516]

VM Operations (20 events):
Event: 90.633 Executing VM operation: G1CollectForAllocation done
Event: 90.761 Executing VM operation: G1CollectForAllocation
Event: 90.765 Executing VM operation: G1CollectForAllocation done
Event: 91.031 Executing VM operation: HandshakeAllThreads
Event: 91.032 Executing VM operation: HandshakeAllThreads done
Event: 91.079 Executing VM operation: ICBufferFull
Event: 91.080 Executing VM operation: ICBufferFull done
Event: 91.116 Executing VM operation: G1CollectForAllocation
Event: 91.121 Executing VM operation: G1CollectForAllocation done
Event: 91.386 Executing VM operation: G1CollectForAllocation
Event: 91.391 Executing VM operation: G1CollectForAllocation done
Event: 91.860 Executing VM operation: G1CollectForAllocation
Event: 91.870 Executing VM operation: G1CollectForAllocation done
Event: 92.153 Executing VM operation: G1CollectForAllocation
Event: 92.159 Executing VM operation: G1CollectForAllocation done
Event: 92.414 Executing VM operation: G1CollectForAllocation
Event: 92.434 Executing VM operation: G1CollectForAllocation done
Event: 92.702 Executing VM operation: G1CollectForAllocation
Event: 92.709 Executing VM operation: G1CollectForAllocation done
Event: 92.904 Executing VM operation: G1PauseRemark

Memory protections (0 events):
No events

Nmethod flushes (20 events):
Event: 91.064 Thread 0x0000012941bf0d40 flushing  nmethod 0x000001292cd67390
Event: 91.064 Thread 0x0000012941bf0d40 flushing  nmethod 0x000001292cd67810
Event: 91.064 Thread 0x0000012941bf0d40 flushing  nmethod 0x000001292cd6d310
Event: 91.064 Thread 0x0000012941bf0d40 flushing  nmethod 0x000001292cd6d690
Event: 91.064 Thread 0x0000012941bf0d40 flushing  nmethod 0x000001292cd6da10
Event: 91.064 Thread 0x0000012941bf0d40 flushing  nmethod 0x000001292cd6df10
Event: 91.064 Thread 0x0000012941bf0d40 flushing  nmethod 0x000001292cd6eb10
Event: 91.064 Thread 0x0000012941bf0d40 flushing  nmethod 0x000001292cd6f790
Event: 91.064 Thread 0x0000012941bf0d40 flushing  nmethod 0x000001292cd6fd90
Event: 91.064 Thread 0x0000012941bf0d40 flushing  nmethod 0x000001292cd71210
Event: 91.064 Thread 0x0000012941bf0d40 flushing  nmethod 0x000001292cd71890
Event: 91.064 Thread 0x0000012941bf0d40 flushing  nmethod 0x000001292cd75290
Event: 91.064 Thread 0x0000012941bf0d40 flushing  nmethod 0x000001292cd7a910
Event: 91.064 Thread 0x0000012941bf0d40 flushing  nmethod 0x000001292cd7ed10
Event: 91.064 Thread 0x0000012941bf0d40 flushing  nmethod 0x000001292cd85310
Event: 91.064 Thread 0x0000012941bf0d40 flushing  nmethod 0x000001292cd8f510
Event: 91.064 Thread 0x0000012941bf0d40 flushing  nmethod 0x000001292cd90290
Event: 91.064 Thread 0x0000012941bf0d40 flushing  nmethod 0x000001292cdac690
Event: 91.064 Thread 0x0000012941bf0d40 flushing  nmethod 0x000001292cddc710
Event: 91.064 Thread 0x0000012941bf0d40 flushing  nmethod 0x000001292ce00c10

Events (20 events):
Event: 56.256 Thread 0x00000129626c5a80 Thread added: 0x000001296334d7c0
Event: 56.776 Thread 0x00000129626c5a80 Thread added: 0x000001296334cda0
Event: 56.783 Thread 0x00000129626c5a80 Thread added: 0x000001296334c380
Event: 57.163 Thread 0x00000129626c5a80 Thread added: 0x000001296334d2b0
Event: 57.639 Thread 0x00000129633495f0 Thread exited: 0x00000129633495f0
Event: 58.710 Thread 0x00000129657bcb00 Thread exited: 0x00000129657bcb00
Event: 58.834 Thread 0x0000012941bee410 Thread added: 0x00000129657bc060
Event: 65.464 Thread 0x0000012941bee410 Thread added: 0x00000129657bfad0
Event: 67.071 Thread 0x00000129626c5a80 Thread added: 0x000001296334c890
Event: 67.079 Thread 0x000001296334c890 Thread added: 0x0000012965d4e5b0
Event: 67.079 Thread 0x000001296334c890 Thread added: 0x0000012965d4c750
Event: 68.703 Thread 0x00000129657bfad0 Thread exited: 0x00000129657bfad0
Event: 71.843 Thread 0x0000012962e75c70 Thread exited: 0x0000012962e75c70
Event: 74.057 Thread 0x00000129657bc060 Thread exited: 0x00000129657bc060
Event: 79.879 Thread 0x00000129654f7160 Thread exited: 0x00000129654f7160
Event: 87.008 Thread 0x00000129654f8fc0 Thread added: 0x0000012965d50920
Event: 91.508 Thread 0x0000012941bee410 Thread added: 0x000001296f7fec30
Event: 91.749 Thread 0x000001296f7fec30 Thread exited: 0x000001296f7fec30
Event: 91.790 Thread 0x0000012941bee410 Thread added: 0x000001296f7fec30
Event: 92.556 Thread 0x0000012941bcd180 Thread added: 0x000001296f7fe6e0


Dynamic libraries:
0x00007ff7b3ad0000 - 0x00007ff7b3ade000 	C:\Program Files\Microsoft\jdk-17.0.18.8-hotspot\bin\java.exe
0x00007ff948200000 - 0x00007ff948466000 	C:\WINDOWS\SYSTEM32\ntdll.dll
0x00007ff9474c0000 - 0x00007ff947589000 	C:\WINDOWS\System32\KERNEL32.DLL
0x00007ff945640000 - 0x00007ff945a3e000 	C:\WINDOWS\System32\KERNELBASE.dll
0x00007ff945420000 - 0x00007ff94556c000 	C:\WINDOWS\System32\ucrtbase.dll
0x00007ff906320000 - 0x00007ff906338000 	C:\Program Files\Microsoft\jdk-17.0.18.8-hotspot\bin\jli.dll
0x00007ff906080000 - 0x00007ff90609e000 	C:\Program Files\Microsoft\jdk-17.0.18.8-hotspot\bin\VCRUNTIME140.dll
0x00007ff946020000 - 0x00007ff9461e7000 	C:\WINDOWS\System32\USER32.dll
0x00007ff9285e0000 - 0x00007ff928872000 	C:\WINDOWS\WinSxS\amd64_microsoft.windows.common-controls_6595b64144ccf1df_6.0.26100.8875_none_3e0d5d42e32fe9dd\COMCTL32.dll
0x00007ff945d10000 - 0x00007ff945d37000 	C:\WINDOWS\System32\win32u.dll
0x00007ff947d20000 - 0x00007ff947dc9000 	C:\WINDOWS\System32\msvcrt.dll
0x00007ff945f30000 - 0x00007ff945f5b000 	C:\WINDOWS\System32\GDI32.dll
0x00007ff945d40000 - 0x00007ff945e6a000 	C:\WINDOWS\System32\gdi32full.dll
0x00007ff945c60000 - 0x00007ff945d03000 	C:\WINDOWS\System32\msvcp_win.dll
0x00007ff947fd0000 - 0x00007ff948002000 	C:\WINDOWS\System32\IMM32.DLL
0x00007ff925340000 - 0x00007ff92534c000 	C:\Program Files\Microsoft\jdk-17.0.18.8-hotspot\bin\vcruntime140_1.dll
0x00007ff8df090000 - 0x00007ff8df119000 	C:\Program Files\Microsoft\jdk-17.0.18.8-hotspot\bin\msvcp140.dll
0x00007ff8975a0000 - 0x00007ff89821a000 	C:\Program Files\Microsoft\jdk-17.0.18.8-hotspot\bin\server\jvm.dll
0x00007ff945f60000 - 0x00007ff946017000 	C:\WINDOWS\System32\ADVAPI32.dll
0x00007ff946680000 - 0x00007ff94672a000 	C:\WINDOWS\System32\sechost.dll
0x00007ff9480a0000 - 0x00007ff9481b8000 	C:\WINDOWS\System32\RPCRT4.dll
0x00007ff947c00000 - 0x00007ff947c80000 	C:\WINDOWS\System32\WS2_32.dll
0x00007ff945280000 - 0x00007ff9452de000 	C:\WINDOWS\SYSTEM32\POWRPROF.dll
0x00007ff93a230000 - 0x00007ff93a23b000 	C:\WINDOWS\SYSTEM32\VERSION.dll
0x00007ff93a620000 - 0x00007ff93a656000 	C:\WINDOWS\SYSTEM32\WINMM.dll
0x00007ff945260000 - 0x00007ff945274000 	C:\WINDOWS\SYSTEM32\UMPDC.dll
0x00007ff944100000 - 0x00007ff94411b000 	C:\WINDOWS\SYSTEM32\kernel.appcore.dll
0x00007ff9221a0000 - 0x00007ff9221aa000 	C:\Program Files\Microsoft\jdk-17.0.18.8-hotspot\bin\jimage.dll
0x00007ff942960000 - 0x00007ff942ba2000 	C:\WINDOWS\SYSTEM32\DBGHELP.DLL
0x00007ff9462f0000 - 0x00007ff946673000 	C:\WINDOWS\System32\combase.dll
0x00007ff947700000 - 0x00007ff9477d9000 	C:\WINDOWS\System32\OLEAUT32.dll
0x00007ff91e990000 - 0x00007ff91e9cb000 	C:\WINDOWS\SYSTEM32\dbgcore.DLL
0x00007ff945580000 - 0x00007ff94562c000 	C:\WINDOWS\System32\bcryptPrimitives.dll
0x00007ff91c170000 - 0x00007ff91c17f000 	C:\Program Files\Microsoft\jdk-17.0.18.8-hotspot\bin\instrument.dll
0x00007ff8ffd20000 - 0x00007ff8ffd46000 	C:\Program Files\Microsoft\jdk-17.0.18.8-hotspot\bin\java.dll
0x00007ff8a2b80000 - 0x00007ff8a2c56000 	C:\Program Files\Microsoft\jdk-17.0.18.8-hotspot\bin\jsvml.dll
0x00007ff946bd0000 - 0x00007ff947362000 	C:\WINDOWS\System32\SHELL32.dll
0x00007ff942ee0000 - 0x00007ff943772000 	C:\WINDOWS\SYSTEM32\windows.storage.dll
0x00007ff9461f0000 - 0x00007ff9462e7000 	C:\WINDOWS\System32\SHCORE.dll
0x00007ff947cb0000 - 0x00007ff947d17000 	C:\WINDOWS\System32\shlwapi.dll
0x00007ff945340000 - 0x00007ff945369000 	C:\WINDOWS\SYSTEM32\profapi.dll
0x00007ff8fbc80000 - 0x00007ff8fbc98000 	C:\Program Files\Microsoft\jdk-17.0.18.8-hotspot\bin\zip.dll
0x00007ff8fee80000 - 0x00007ff8fee9b000 	C:\Program Files\Microsoft\jdk-17.0.18.8-hotspot\bin\net.dll
0x00007ff93c770000 - 0x00007ff93c897000 	C:\WINDOWS\SYSTEM32\WINHTTP.dll
0x00007ff9446b0000 - 0x00007ff94471c000 	C:\WINDOWS\system32\mswsock.dll
0x00007ff8fbda0000 - 0x00007ff8fbdb6000 	C:\Program Files\Microsoft\jdk-17.0.18.8-hotspot\bin\nio.dll
0x00007ff921de0000 - 0x00007ff921df0000 	C:\Program Files\Microsoft\jdk-17.0.18.8-hotspot\bin\verify.dll
0x00007ff905fa0000 - 0x00007ff905fc7000 	C:\Users\Sudharani-ITS130\.gradle\native\1def1411415f61bf3af743bc5b6707747c0891f09f0c88961ee8f79bc544acac\windows-amd64\native-platform.dll
0x00007ff913610000 - 0x00007ff913688000 	C:\Users\Sudharani-ITS130\.gradle\native\0.2.7\x86_64-windows-gnu\gradle-fileevents.dll
0x00007ff921160000 - 0x00007ff92116a000 	C:\Program Files\Microsoft\jdk-17.0.18.8-hotspot\bin\management.dll
0x00007ff920d80000 - 0x00007ff920d8c000 	C:\Program Files\Microsoft\jdk-17.0.18.8-hotspot\bin\management_ext.dll
0x00007ff947930000 - 0x00007ff947938000 	C:\WINDOWS\System32\PSAPI.DLL
0x00007ff943b20000 - 0x00007ff943b53000 	C:\WINDOWS\SYSTEM32\IPHLPAPI.DLL
0x00007ff946730000 - 0x00007ff94673a000 	C:\WINDOWS\System32\NSI.dll
0x00007ff93cb60000 - 0x00007ff93cb7d000 	C:\WINDOWS\SYSTEM32\dhcpcsvc6.DLL
0x00007ff93cb30000 - 0x00007ff93cb55000 	C:\WINDOWS\SYSTEM32\dhcpcsvc.DLL
0x00007ff943bc0000 - 0x00007ff943d16000 	C:\WINDOWS\SYSTEM32\DNSAPI.dll
0x00007ff9444b0000 - 0x00007ff9444bd000 	C:\WINDOWS\SYSTEM32\DSPARSE.dll
0x00007ff91de40000 - 0x00007ff91de49000 	C:\Program Files\Microsoft\jdk-17.0.18.8-hotspot\bin\extnet.dll
0x00007ff9449b0000 - 0x00007ff9449cb000 	C:\WINDOWS\SYSTEM32\CRYPTSP.dll
0x00007ff944060000 - 0x00007ff944099000 	C:\WINDOWS\system32\rsaenh.dll
0x00007ff944770000 - 0x00007ff9447a2000 	C:\WINDOWS\SYSTEM32\USERENV.dll
0x00007ff945310000 - 0x00007ff94533a000 	C:\WINDOWS\SYSTEM32\bcrypt.dll
0x00007ff9449d0000 - 0x00007ff9449dc000 	C:\WINDOWS\SYSTEM32\CRYPTBASE.dll
0x00007ff91a710000 - 0x00007ff91a71e000 	C:\Program Files\Microsoft\jdk-17.0.18.8-hotspot\bin\sunmscapi.dll
0x00007ff945ae0000 - 0x00007ff945c58000 	C:\WINDOWS\System32\CRYPT32.dll
0x00007ff944bf0000 - 0x00007ff944c20000 	C:\WINDOWS\SYSTEM32\ncrypt.dll
0x00007ff944ba0000 - 0x00007ff944bdf000 	C:\WINDOWS\SYSTEM32\NTASN1.dll
0x00007ff915ac0000 - 0x00007ff915ac8000 	C:\WINDOWS\system32\wshunix.dll
0x00007ff930950000 - 0x00007ff930957000 	C:\Program Files\Microsoft\jdk-17.0.18.8-hotspot\bin\rmi.dll

dbghelp: loaded successfully - version: 4.0.5 - missing functions: none
symbol engine: initialized successfully - sym options: 0x614 - pdb path: .;C:\Program Files\Microsoft\jdk-17.0.18.8-hotspot\bin;C:\WINDOWS\SYSTEM32;C:\WINDOWS\WinSxS\amd64_microsoft.windows.common-controls_6595b64144ccf1df_6.0.26100.8875_none_3e0d5d42e32fe9dd;C:\Program Files\Microsoft\jdk-17.0.18.8-hotspot\bin\server;C:\Users\Sudharani-ITS130\.gradle\native\1def1411415f61bf3af743bc5b6707747c0891f09f0c88961ee8f79bc544acac\windows-amd64;C:\Users\Sudharani-ITS130\.gradle\native\0.2.7\x86_64-windows-gnu

VM Arguments:
jvm_args: --add-opens=java.base/java.lang=ALL-UNNAMED --add-opens=java.base/java.lang.invoke=ALL-UNNAMED --add-opens=java.base/java.util=ALL-UNNAMED --add-opens=java.prefs/java.util.prefs=ALL-UNNAMED --add-exports=jdk.compiler/com.sun.tools.javac.api=ALL-UNNAMED --add-exports=jdk.compiler/com.sun.tools.javac.util=ALL-UNNAMED --add-opens=java.base/java.util=ALL-UNNAMED --add-opens=java.prefs/java.util.prefs=ALL-UNNAMED --add-opens=java.base/java.nio.charset=ALL-UNNAMED --add-opens=java.base/java.net=ALL-UNNAMED --add-opens=java.base/java.util.concurrent.atomic=ALL-UNNAMED --add-opens=java.xml/javax.xml.namespace=ALL-UNNAMED -XX:MaxMetaspaceSize=512m -Xmx2048m -Dfile.encoding=windows-1252 -Duser.country=US -Duser.language=en -Duser.variant -javaagent:C:\Users\Sudharani-ITS130\.gradle\wrapper\dists\gradle-8.13-bin\5xuhj0ry160q40clulazy9h7d\gradle-8.13\lib\agents\gradle-instrumentation-agent-8.13.jar 
java_command: org.gradle.launcher.daemon.bootstrap.GradleDaemon 8.13
java_class_path (initial): C:\Users\Sudharani-ITS130\.gradle\wrapper\dists\gradle-8.13-bin\5xuhj0ry160q40clulazy9h7d\gradle-8.13\lib\gradle-daemon-main-8.13.jar
Launcher Type: SUN_STANDARD

[Global flags]
     intx CICompilerCount                          = 4                                         {product} {ergonomic}
   size_t CompressedClassSpaceSize                 = 436207616                                 {product} {ergonomic}
     uint ConcGCThreads                            = 2                                         {product} {ergonomic}
     uint G1ConcRefinementThreads                  = 8                                         {product} {ergonomic}
   size_t G1HeapRegionSize                         = 1048576                                   {product} {ergonomic}
    uintx GCDrainStackTargetSize                   = 64                                        {product} {ergonomic}
   size_t InitialHeapSize                          = 260046848                                 {product} {ergonomic}
   size_t MarkStackSize                            = 4194304                                   {product} {ergonomic}
   size_t MaxHeapSize                              = 2147483648                                {product} {command line}
   size_t MaxMetaspaceSize                         = 536870912                                 {product} {command line}
   size_t MaxNewSize                               = 1287651328                                {product} {ergonomic}
   size_t MinHeapDeltaBytes                        = 1048576                                   {product} {ergonomic}
   size_t MinHeapSize                              = 8388608                                   {product} {ergonomic}
    uintx NonNMethodCodeHeapSize                   = 5839372                                {pd product} {ergonomic}
    uintx NonProfiledCodeHeapSize                  = 122909434                              {pd product} {ergonomic}
    uintx ProfiledCodeHeapSize                     = 122909434                              {pd product} {ergonomic}
    uintx ReservedCodeCacheSize                    = 251658240                              {pd product} {ergonomic}
     bool SegmentedCodeCache                       = true                                      {product} {ergonomic}
   size_t SoftMaxHeapSize                          = 2147483648                             {manageable} {ergonomic}
     bool UseCompressedClassPointers               = true                           {product lp64_product} {ergonomic}
     bool UseCompressedOops                        = true                           {product lp64_product} {ergonomic}
     bool UseG1GC                                  = true                                      {product} {ergonomic}
     bool UseLargePagesIndividualAllocation        = false                                  {pd product} {ergonomic}

Logging:
Log output configuration:
 #0: stdout all=warning uptime,level,tags
 #1: stderr all=off uptime,level,tags

Environment Variables:
JAVA_HOME=C:\Program Files\Microsoft\jdk-17.0.18.8-hotspot\
PATH=D:\DelPart\delivery_partner_frontend\node_modules\.bin;D:\DelPart\delivery_partner_frontend\node_modules\.bin;D:\DelPart\node_modules\.bin;D:\node_modules\.bin;C:\Program Files\nodejs\node_modules\npm\node_modules\@npmcli\run-script\lib\node-gyp-bin;C:\WINDOWS\System32;C:\Users\Sudharani-ITS130\AppData\Local\Android\Sdk\platform-tools;C:\Users\Sudharani-ITS130\AppData\Local\Android\Sdk\emulator;C:\Users\Sudharani-ITS130\AppData\Local\Android\Sdk\platform-tools;C:\Users\Sudharani-ITS130\AppData\Local\Android\Sdk\emulator;;C:\WINDOWS\system32;C:\WINDOWS;C:\WINDOWS\System32\Wbem;C:\WINDOWS\System32\WindowsPowerShell\v1.0\;C:\WINDOWS\System32\OpenSSH\;C:\Users\Sudharani-ITS130\AppData\Local\Android\Sdk\platform-tools;C:\Users\Sudharani-ITS130\AppData\Local\Android\Sdk\emulator;C:\Users\Sudharani-ITS130\AppData\Local\Android\Sdk\platform-tools;C:\Users\Sudharani-ITS130\AppData\Local\Android\Sdk\emulator;;C:\WINDOWS\system32;C:\WINDOWS;C:\WINDOWS\System32\Wbem;C:\WINDOWS\System32\WindowsPowerShell\v1.0\;C:\WINDOWS\System32\OpenSSH\;C:\Users\Sudharani-ITS130\AppData\Local\Android\Sdk\platform-tools;C:\Users\Sudharani-ITS130\AppData\Local\Android\Sdk\emulator;C:\Users\Sudharani-ITS130\AppData\Local\Android\Sdk\platform-tools;C:\Users\Sudharani-ITS130\AppData\Local\Android\Sdk\emulator;;C:\WINDOWS\system32;C:\WINDOWS;C:\WINDOWS\System32\Wbem;C:\WINDOWS\System32\WindowsPowerShell\v1.0\;C:\WINDOWS\System32\OpenSSH\;C:\Program Files\Microsoft\jdk-17.0.18.8-hotspot\bin;C:\Python314\Scripts\;C:\Python314\;C:\Windows\system32;C:\Windows;C:\Windows\System32\Wbem;C:\Windows\System32\WindowsPowerShell\v1.0\;C:\Windows\System32\OpenSSH\;C:\Program Files\nodejs\;C:\ProgramData\chocolatey\bin;C:\Program Files\Git\cmd;C:\Users\Sudharani-ITS130\AppData\Local\Microsoft\WindowsApps;C:\Users\Sudharani-ITS130\AppData\Roaming\npm;C:\Users\Sudharani-ITS130\AppData\Local\Programs\Microsoft VS Code\bin;C:\Users\Sudharani-ITS130\AppData\Local\Android\Sdk\platform-tools;C:\Users\Sudharani-ITS130\AppData\Local\Android\Sdk\emulator;C:\Users\Sudharani-ITS130\AppData\Local\Android\Sdk\platform-tools;C:\Users\Sudharani-ITS130\AppData\Local\Android\Sdk\emulator;;C:\Users\Sudharani-ITS130\AppData\Local\Microsoft\WindowsApps
USERNAME=Sudharani-ITS130
LANG=en_US.UTF-8
OS=Windows_NT
PROCESSOR_IDENTIFIER=Intel64 Family 6 Model 140 Stepping 1, GenuineIntel
TMP=C:\Users\SUDHAR~1\AppData\Local\Temp
TEMP=C:\Users\SUDHAR~1\AppData\Local\Temp



Periodic native trim disabled


---------------  S Y S T E M  ---------------

OS:
 Windows 11 , 64 bit Build 26100 (10.0.26100.8875)
OS uptime: 0 days 2:23 hours

CPU: total 8 (initial active 8) (4 cores per cpu, 2 threads per core) family 6 model 140 stepping 1 microcode 0xbe, cx8, cmov, fxsr, ht, mmx, 3dnowpref, sse, sse2, sse3, ssse3, sse4.1, sse4.2, popcnt, lzcnt, tsc, tscinvbit, avx, avx2, aes, erms, clmul, bmi1, bmi2, adx, avx512f, avx512dq, avx512cd, avx512bw, avx512vl, sha, fma, vzeroupper, avx512_vpopcntdq, avx512_vpclmulqdq, avx512_vaes, avx512_vnni, clflush, clflushopt, clwb, avx512_vbmi2, avx512_vbmi
Processor Information for processor 0
  Max Mhz: 1382, Current Mhz: 1382, Mhz Limit: 1382
Processor Information for processor 1
  Max Mhz: 1382, Current Mhz: 1184, Mhz Limit: 1382
Processor Information for processor 2
  Max Mhz: 1382, Current Mhz: 1382, Mhz Limit: 1382
Processor Information for processor 3
  Max Mhz: 1382, Current Mhz: 1382, Mhz Limit: 1382
Processor Information for processor 4
  Max Mhz: 1382, Current Mhz: 1382, Mhz Limit: 1382
Processor Information for processor 5
  Max Mhz: 1382, Current Mhz: 1382, Mhz Limit: 1382
Processor Information for processor 6
  Max Mhz: 1382, Current Mhz: 1382, Mhz Limit: 1382
Processor Information for processor 7
  Max Mhz: 1382, Current Mhz: 1382, Mhz Limit: 1382

Memory: 4k page, system-wide physical 15781M (830M free)
TotalPageFile size 31992M (AvailPageFile size 5M)
current process WorkingSet (physical memory assigned to process): 984M, peak: 985M
current process commit charge ("private bytes"): 1063M, peak: 1364M

vm_info: OpenJDK 64-Bit Server VM (17.0.18+8-LTS) for windows-amd64 JRE (17.0.18+8-LTS), built on Jan 15 2026 18:50:45 by "MicrosoftCorporation" with MS VC++ 17.14 (VS2022)

END.
