#
# There is insufficient memory for the Java Runtime Environment to continue.
# Native memory allocation (malloc) failed to allocate 1439856 bytes. Error detail: Chunk::new
# Possible reasons:
#   The system is out of physical RAM or swap space
#   This process is running with CompressedOops enabled, and the Java Heap may be blocking the growth of the native heap
# Possible solutions:
#   Reduce memory load on the system
#   Increase physical memory or swap space
#   Check if swap backing store is full
#   Decrease Java heap size (-Xmx/-Xms)
#   Decrease number of Java threads
#   Decrease Java thread stack sizes (-Xss)
#   Set larger code cache with -XX:ReservedCodeCacheSize=
#   JVM is running with Unscaled Compressed Oops mode in which the Java heap is
#     placed in the first 4GB address space. The Java Heap base address is the
#     maximum limit for the native heap growth. Please use -XX:HeapBaseMinAddress
#     to set the Java Heap base and to place the Java Heap above 4GB virtual address.
# This output file may be truncated or incomplete.
#
#  Out of Memory Error (arena.cpp:191), pid=1564, tid=24528
#
# JRE version: OpenJDK Runtime Environment Microsoft-13106358 (17.0.18+8) (build 17.0.18+8-LTS)
# Java VM: OpenJDK 64-Bit Server VM Microsoft-13106358 (17.0.18+8-LTS, mixed mode, sharing, tiered, compressed oops, compressed class ptrs, g1 gc, windows-amd64)
# No core dump will be written. Minidumps are not enabled by default on client versions of Windows
#

---------------  S U M M A R Y ------------

Command Line: --add-opens=java.base/java.lang=ALL-UNNAMED --add-opens=java.base/java.lang.invoke=ALL-UNNAMED --add-opens=java.base/java.util=ALL-UNNAMED --add-opens=java.prefs/java.util.prefs=ALL-UNNAMED --add-exports=jdk.compiler/com.sun.tools.javac.api=ALL-UNNAMED --add-exports=jdk.compiler/com.sun.tools.javac.util=ALL-UNNAMED --add-opens=java.base/java.util=ALL-UNNAMED --add-opens=java.prefs/java.util.prefs=ALL-UNNAMED --add-opens=java.base/java.nio.charset=ALL-UNNAMED --add-opens=java.base/java.net=ALL-UNNAMED --add-opens=java.base/java.util.concurrent.atomic=ALL-UNNAMED --add-opens=java.xml/javax.xml.namespace=ALL-UNNAMED -XX:MaxMetaspaceSize=384m -Xmx1536m -Dfile.encoding=windows-1252 -Duser.country=US -Duser.language=en -Duser.variant -javaagent:C:\Users\Sudharani-ITS130\.gradle\wrapper\dists\gradle-8.13-bin\5xuhj0ry160q40clulazy9h7d\gradle-8.13\lib\agents\gradle-instrumentation-agent-8.13.jar org.gradle.launcher.daemon.bootstrap.GradleDaemon 8.13

Host: 11th Gen Intel(R) Core(TM) i5-1135G7 @ 2.40GHz, 8 cores, 15G,  Windows 11 , 64 bit Build 26100 (10.0.26100.9168)
Time: Thu Aug 20 18:09:22 2026 India Standard Time elapsed time: 270.776863 seconds (0d 0h 4m 30s)

---------------  T H R E A D  ---------------

Current thread (0x0000015ffd40bbc0):  JavaThread "C2 CompilerThread0" daemon [_thread_in_native, id=24528, stack(0x000000312f100000,0x000000312f200000)]


Current CompileTask:
C2:270776 50893       4       com.android.tools.r8.internal.s70::a (500 bytes)

Stack: [0x000000312f100000,0x000000312f200000]
Native frames: (J=compiled Java code, j=interpreted, Vv=VM code, C=native code)
V  [jvm.dll+0x68c879]  (no source info available)
V  [jvm.dll+0x845979]  (no source info available)
V  [jvm.dll+0x8476e8]  (no source info available)
V  [jvm.dll+0x847d73]  (no source info available)
V  [jvm.dll+0x24cf6f]  (no source info available)
V  [jvm.dll+0xaecb6]  (no source info available)
V  [jvm.dll+0xaf35c]  (no source info available)
V  [jvm.dll+0x2b4b8f]  (no source info available)
V  [jvm.dll+0x5948a4]  (no source info available)
V  [jvm.dll+0x226d84]  (no source info available)
V  [jvm.dll+0x22718d]  (no source info available)
V  [jvm.dll+0x220193]  (no source info available)
V  [jvm.dll+0x21d260]  (no source info available)
V  [jvm.dll+0x1a8ce6]  (no source info available)
V  [jvm.dll+0x22db1b]  (no source info available)
V  [jvm.dll+0x22bca6]  (no source info available)
V  [jvm.dll+0x7fbabb]  (no source info available)
V  [jvm.dll+0x7f5ebc]  (no source info available)
V  [jvm.dll+0x68de17]  (no source info available)
C  [ucrtbase.dll+0x2cd30]  (no source info available)
C  [KERNEL32.DLL+0x2ccb7]  (no source info available)
C  [ntdll.dll+0xaad6c]  (no source info available)


---------------  P R O C E S S  ---------------

Threads class SMR info:
_java_thread_list=0x0000015fa97428f0, length=96, elements={
0x0000015fe01f09d0, 0x0000015ffd3f2de0, 0x0000015ffd3f37b0, 0x0000015ffd408f40,
0x0000015ffd409810, 0x0000015ffd40a0e0, 0x0000015ffd40a9b0, 0x0000015ffd40bbc0,
0x0000015ffd40e4e0, 0x0000015ffd41b0b0, 0x0000015ffd4f6670, 0x0000015ffd6a0850,
0x0000015ffe5514c0, 0x0000015ffee85480, 0x0000015ffee9d360, 0x0000015ffddedde0,
0x0000015ffddebf80, 0x0000015ffddef220, 0x0000015ffddee2f0, 0x0000015ffddeba70,
0x0000015ffddec490, 0x0000015ffddec9a0, 0x0000015ffdded3c0, 0x0000015ffdded8d0,
0x0000015ffddee800, 0x0000015f9a4e1860, 0x0000015f9a4e2790, 0x0000015f9a4dff10,
0x0000015f9a4e0930, 0x0000015f9a4df4f0, 0x0000015f9a4e31b0, 0x0000015f9a4e1350,
0x0000015f9a4e0420, 0x0000015f9a4e4b00, 0x0000015f9a4e3bd0, 0x0000015f9a4e5520,
0x0000015f9a4e6960, 0x0000015f9a4e40e0, 0x0000015f9a4e5a30, 0x0000015f9a4e6450,
0x0000015ffddeed10, 0x0000015ffddeceb0, 0x0000015ffe31a060, 0x0000015ffe31b9b0,
0x0000015ffe31c3d0, 0x0000015ffe31cdf0, 0x0000015ffe31e230, 0x0000015ffe31e740,
0x0000015ffe31ec50, 0x0000015ffe31f160, 0x0000015ffe31f670, 0x0000015ffe31bec0,
0x0000015ffe320fc0, 0x0000015ffe320090, 0x0000015ffe320ab0, 0x0000015ffe3214d0,
0x0000015ffe3205a0, 0x0000015ffe3219e0, 0x0000015f9a735ae0, 0x0000015f9a7350c0,
0x0000015f9a733260, 0x0000015f9a732d50, 0x0000015f9a7355d0, 0x0000015f9a736a10,
0x0000015f9a734190, 0x0000015f9a7346a0, 0x0000015f9a736f20, 0x0000015f9a736500,
0x0000015f9a738360, 0x0000015f9a738870, 0x0000015f9a739290, 0x0000015f9a7397a0,
0x0000015fa17f9810, 0x0000015f9a733c80, 0x0000015fa9321610, 0x0000015fa757b220,
0x0000015fa757a800, 0x0000015fa757b730, 0x0000015fa8d50d70, 0x0000015fa8d51790,
0x0000015fa757bc40, 0x0000015fa9d99a90, 0x0000015fa9d9c310, 0x0000015fa9d9b3e0,
0x0000015fa9d9a4b0, 0x0000015fa94dcfc0, 0x0000015f9c4fc340, 0x0000015fa8da6a80,
0x0000015fa8da74a0, 0x0000015fa9d9aed0, 0x0000015fa7b017e0, 0x0000015fa76315b0,
0x0000015fa85df1c0, 0x0000015fa85de7a0, 0x0000015fa7630170, 0x0000015fa7b02c20
}

Java Threads: ( => current thread )
  0x0000015fe01f09d0 JavaThread "main" [_thread_blocked, id=25296, stack(0x000000312e400000,0x000000312e500000)]
  0x0000015ffd3f2de0 JavaThread "Reference Handler" daemon [_thread_blocked, id=15624, stack(0x000000312eb00000,0x000000312ec00000)]
  0x0000015ffd3f37b0 JavaThread "Finalizer" daemon [_thread_blocked, id=5780, stack(0x000000312ec00000,0x000000312ed00000)]
  0x0000015ffd408f40 JavaThread "Signal Dispatcher" daemon [_thread_blocked, id=23880, stack(0x000000312ed00000,0x000000312ee00000)]
  0x0000015ffd409810 JavaThread "Attach Listener" daemon [_thread_blocked, id=21460, stack(0x000000312ee00000,0x000000312ef00000)]
  0x0000015ffd40a0e0 JavaThread "Service Thread" daemon [_thread_blocked, id=26276, stack(0x000000312ef00000,0x000000312f000000)]
  0x0000015ffd40a9b0 JavaThread "Monitor Deflation Thread" daemon [_thread_blocked, id=24556, stack(0x000000312f000000,0x000000312f100000)]
=>0x0000015ffd40bbc0 JavaThread "C2 CompilerThread0" daemon [_thread_in_native, id=24528, stack(0x000000312f100000,0x000000312f200000)]
  0x0000015ffd40e4e0 JavaThread "C1 CompilerThread0" daemon [_thread_blocked, id=13816, stack(0x000000312f200000,0x000000312f300000)]
  0x0000015ffd41b0b0 JavaThread "Sweeper thread" daemon [_thread_blocked, id=8832, stack(0x000000312f300000,0x000000312f400000)]
  0x0000015ffd4f6670 JavaThread "Common-Cleaner" daemon [_thread_blocked, id=16476, stack(0x000000312f400000,0x000000312f500000)]
  0x0000015ffd6a0850 JavaThread "Notification Thread" daemon [_thread_blocked, id=23208, stack(0x000000312f500000,0x000000312f600000)]
  0x0000015ffe5514c0 JavaThread "Daemon health stats" [_thread_blocked, id=10968, stack(0x000000312fc00000,0x000000312fd00000)]
  0x0000015ffee85480 JavaThread "Incoming local TCP Connector on port 52879" [_thread_in_native, id=24924, stack(0x000000312fd00000,0x000000312fe00000)]
  0x0000015ffee9d360 JavaThread "Daemon periodic checks" [_thread_blocked, id=9972, stack(0x000000312fe00000,0x000000312ff00000)]
  0x0000015ffddedde0 JavaThread "Daemon" [_thread_blocked, id=20200, stack(0x000000312ff00000,0x0000003130000000)]
  0x0000015ffddebf80 JavaThread "Handler for socket connection from /127.0.0.1:52879 to /127.0.0.1:52880" [_thread_in_native, id=13688, stack(0x0000003130000000,0x0000003130100000)]
  0x0000015ffddef220 JavaThread "Cancel handler" [_thread_blocked, id=17484, stack(0x0000003130100000,0x0000003130200000)]
  0x0000015ffddee2f0 JavaThread "Daemon worker" [_thread_blocked, id=25124, stack(0x0000003130200000,0x0000003130300000)]
  0x0000015ffddeba70 JavaThread "Asynchronous log dispatcher for DefaultDaemonConnection: socket connection from /127.0.0.1:52879 to /127.0.0.1:52880" [_thread_blocked, id=25856, stack(0x0000003130300000,0x0000003130400000)]
  0x0000015ffddec490 JavaThread "Stdin handler" [_thread_blocked, id=24376, stack(0x0000003130400000,0x0000003130500000)]
  0x0000015ffddec9a0 JavaThread "Daemon client event forwarder" [_thread_blocked, id=9236, stack(0x0000003130500000,0x0000003130600000)]
  0x0000015ffdded3c0 JavaThread "Cache worker for journal cache (C:\Users\Sudharani-ITS130\.gradle\caches\journal-1)" [_thread_blocked, id=7412, stack(0x0000003130600000,0x0000003130700000)]
  0x0000015ffdded8d0 JavaThread "File lock request listener" [_thread_in_native, id=5048, stack(0x0000003130700000,0x0000003130800000)]
  0x0000015ffddee800 JavaThread "Cache worker for file hash cache (C:\Users\Sudharani-ITS130\.gradle\caches\8.13\fileHashes)" [_thread_blocked, id=11584, stack(0x0000003130800000,0x0000003130900000)]
  0x0000015f9a4e1860 JavaThread "Cache worker for file hash cache (D:\DelPart\delivery_partner_frontend\android\.gradle\8.13\fileHashes)" [_thread_blocked, id=17348, stack(0x0000003130900000,0x0000003130a00000)]
  0x0000015f9a4e2790 JavaThread "Cache worker for Build Output Cleanup Cache (D:\DelPart\delivery_partner_frontend\android\.gradle\buildOutputCleanup)" [_thread_blocked, id=23568, stack(0x0000003130a00000,0x0000003130b00000)]
  0x0000015f9a4dff10 JavaThread "File watcher server" daemon [_thread_in_native, id=23648, stack(0x0000003130f00000,0x0000003131000000)]
  0x0000015f9a4e0930 JavaThread "File watcher consumer" daemon [_thread_blocked, id=21868, stack(0x0000003131000000,0x0000003131100000)]
  0x0000015f9a4df4f0 JavaThread "jar transforms" [_thread_blocked, id=14724, stack(0x0000003131100000,0x0000003131200000)]
  0x0000015f9a4e31b0 JavaThread "Cache worker for checksums cache (D:\DelPart\delivery_partner_frontend\android\.gradle\8.13\checksums)" [_thread_blocked, id=25816, stack(0x0000003131200000,0x0000003131300000)]
  0x0000015f9a4e1350 JavaThread "Cache worker for file content cache (C:\Users\Sudharani-ITS130\.gradle\caches\8.13\fileContent)" [_thread_blocked, id=24508, stack(0x0000003131300000,0x0000003131400000)]
  0x0000015f9a4e0420 JavaThread "Cache worker for cache directory md-supplier (C:\Users\Sudharani-ITS130\.gradle\caches\8.13\md-supplier)" [_thread_blocked, id=25968, stack(0x0000003131400000,0x0000003131500000)]
  0x0000015f9a4e4b00 JavaThread "Cache worker for cache directory md-rule (C:\Users\Sudharani-ITS130\.gradle\caches\8.13\md-rule)" [_thread_blocked, id=17324, stack(0x0000003131500000,0x0000003131600000)]
  0x0000015f9a4e3bd0 JavaThread "Cache worker for Build Output Cleanup Cache (D:\DelPart\delivery_partner_frontend\node_modules\@react-native\gradle-plugin\.gradle\buildOutputCleanup)" [_thread_blocked, id=2596, stack(0x0000003131700000,0x0000003131800000)]
  0x0000015f9a4e5520 JavaThread "Unconstrained build operations" [_thread_blocked, id=21420, stack(0x0000003131800000,0x0000003131900000)]
  0x0000015f9a4e6960 JavaThread "Unconstrained build operations Thread 2" [_thread_blocked, id=24408, stack(0x0000003131900000,0x0000003131a00000)]
  0x0000015f9a4e40e0 JavaThread "Unconstrained build operations Thread 3" [_thread_blocked, id=22552, stack(0x0000003131a00000,0x0000003131b00000)]
  0x0000015f9a4e5a30 JavaThread "Unconstrained build operations Thread 4" [_thread_blocked, id=2304, stack(0x0000003131600000,0x0000003131700000)]
  0x0000015f9a4e6450 JavaThread "Unconstrained build operations Thread 5" [_thread_blocked, id=21492, stack(0x0000003131b00000,0x0000003131c00000)]
  0x0000015ffddeed10 JavaThread "Unconstrained build operations Thread 6" [_thread_blocked, id=3884, stack(0x0000003131c00000,0x0000003131d00000)]
  0x0000015ffddeceb0 JavaThread "build event listener" [_thread_blocked, id=25156, stack(0x0000003131d00000,0x0000003131e00000)]
  0x0000015ffe31a060 JavaThread "Memory manager" [_thread_blocked, id=22116, stack(0x0000003131e00000,0x0000003131f00000)]
  0x0000015ffe31b9b0 JavaThread "ForkJoinPool.commonPool-worker-1" daemon [_thread_blocked, id=23704, stack(0x0000003131f00000,0x0000003132000000)]
  0x0000015ffe31c3d0 JavaThread "ForkJoinPool.commonPool-worker-4" daemon [_thread_blocked, id=8344, stack(0x0000003132200000,0x0000003132300000)]
  0x0000015ffe31cdf0 JavaThread "ForkJoinPool.commonPool-worker-5" daemon [_thread_blocked, id=17264, stack(0x0000003132300000,0x0000003132400000)]
  0x0000015ffe31e230 JavaThread "ForkJoinPool.commonPool-worker-7" daemon [_thread_blocked, id=21844, stack(0x0000003132500000,0x0000003132600000)]
  0x0000015ffe31e740 JavaThread "included builds" [_thread_in_Java, id=26500, stack(0x0000003132600000,0x0000003132700000)]
  0x0000015ffe31ec50 JavaThread "Execution worker" [_thread_in_Java, id=25140, stack(0x0000003132700000,0x0000003132800000)]
  0x0000015ffe31f160 JavaThread "Cache worker for execution history cache (D:\DelPart\delivery_partner_frontend\node_modules\@react-native\gradle-plugin\.gradle\8.13\executionHistory)" [_thread_blocked, id=10980, stack(0x0000003132800000,0x0000003132900000)]
  0x0000015ffe31f670 JavaThread "Unconstrained build operations Thread 7" [_thread_blocked, id=25120, stack(0x0000003132900000,0x0000003132a00000)]
  0x0000015ffe31bec0 JavaThread "Unconstrained build operations Thread 8" [_thread_blocked, id=25560, stack(0x0000003132a00000,0x0000003132b00000)]
  0x0000015ffe320fc0 JavaThread "Unconstrained build operations Thread 9" [_thread_blocked, id=9792, stack(0x0000003132b00000,0x0000003132c00000)]
  0x0000015ffe320090 JavaThread "Unconstrained build operations Thread 10" [_thread_blocked, id=9108, stack(0x0000003132c00000,0x0000003132d00000)]
  0x0000015ffe320ab0 JavaThread "Unconstrained build operations Thread 11" [_thread_blocked, id=17912, stack(0x0000003132d00000,0x0000003132e00000)]
  0x0000015ffe3214d0 JavaThread "Unconstrained build operations Thread 12" [_thread_blocked, id=24936, stack(0x0000003132e00000,0x0000003132f00000)]
  0x0000015ffe3205a0 JavaThread "Unconstrained build operations Thread 13" [_thread_blocked, id=25992, stack(0x0000003132f00000,0x0000003133000000)]
  0x0000015ffe3219e0 JavaThread "Unconstrained build operations Thread 14" [_thread_blocked, id=11684, stack(0x0000003133000000,0x0000003133100000)]
  0x0000015f9a735ae0 JavaThread "jar transforms Thread 2" [_thread_blocked, id=8304, stack(0x0000003133100000,0x0000003133200000)]
  0x0000015f9a7350c0 JavaThread "jar transforms Thread 3" [_thread_blocked, id=21612, stack(0x0000003133200000,0x0000003133300000)]
  0x0000015f9a733260 JavaThread "Unconstrained build operations Thread 15" [_thread_blocked, id=8656, stack(0x0000003133300000,0x0000003133400000)]
  0x0000015f9a732d50 JavaThread "Unconstrained build operations Thread 16" [_thread_blocked, id=20964, stack(0x0000003133400000,0x0000003133500000)]
  0x0000015f9a7355d0 JavaThread "Unconstrained build operations Thread 17" [_thread_blocked, id=9148, stack(0x0000003133500000,0x0000003133600000)]
  0x0000015f9a736a10 JavaThread "Unconstrained build operations Thread 18" [_thread_blocked, id=22904, stack(0x0000003133600000,0x0000003133700000)]
  0x0000015f9a734190 JavaThread "Unconstrained build operations Thread 19" [_thread_blocked, id=23876, stack(0x0000003133700000,0x0000003133800000)]
  0x0000015f9a7346a0 JavaThread "jar transforms Thread 4" [_thread_blocked, id=11612, stack(0x0000003133800000,0x0000003133900000)]
  0x0000015f9a736f20 JavaThread "jar transforms Thread 5" [_thread_blocked, id=3608, stack(0x0000003133900000,0x0000003133a00000)]
  0x0000015f9a736500 JavaThread "jar transforms Thread 6" [_thread_blocked, id=21764, stack(0x0000003133a00000,0x0000003133b00000)]
  0x0000015f9a738360 JavaThread "build event listener" [_thread_blocked, id=21608, stack(0x0000003133b00000,0x0000003133c00000)]
  0x0000015f9a738870 JavaThread "jar transforms Thread 7" [_thread_blocked, id=25616, stack(0x0000003133c00000,0x0000003133d00000)]
  0x0000015f9a739290 JavaThread "jar transforms Thread 8" [_thread_blocked, id=13616, stack(0x0000003133d00000,0x0000003133e00000)]
  0x0000015f9a7397a0 JavaThread "Problems report writer" [_thread_blocked, id=2064, stack(0x0000003133e00000,0x0000003133f00000)]
  0x0000015fa17f9810 JavaThread "Unconstrained build operations Thread 20" [_thread_blocked, id=20396, stack(0x0000003133f00000,0x0000003134000000)]
  0x0000015f9a733c80 JavaThread "Cache worker for execution history cache (D:\DelPart\delivery_partner_frontend\android\.gradle\8.13\executionHistory)" [_thread_blocked, id=15700, stack(0x0000003134500000,0x0000003134600000)]
  0x0000015fa9321610 JavaThread "Cache worker for Java compile cache (C:\Users\Sudharani-ITS130\.gradle\caches\8.13\javaCompile)" [_thread_blocked, id=20664, stack(0x000000312e100000,0x000000312e200000)]
  0x0000015fa757b220 JavaThread "Build operations" [_thread_blocked, id=20608, stack(0x0000003134400000,0x0000003134500000)]
  0x0000015fa757a800 JavaThread "pool-3-thread-1" [_thread_blocked, id=25940, stack(0x0000003134700000,0x0000003134800000)]
  0x0000015fa757b730 JavaThread "stderr" [_thread_in_native, id=22928, stack(0x000000312e300000,0x000000312e400000)]
  0x0000015fa8d50d70 JavaThread "stderr" [_thread_in_native, id=24256, stack(0x0000003134800000,0x0000003134900000)]
  0x0000015fa8d51790 JavaThread "stdout" [_thread_in_native, id=19200, stack(0x0000003134900000,0x0000003134a00000)]
  0x0000015fa757bc40 JavaThread "stdout" [_thread_in_native, id=17560, stack(0x0000003134a00000,0x0000003134b00000)]
  0x0000015fa9d99a90 JavaThread "RMI Scheduler(0)" daemon [_thread_blocked, id=25612, stack(0x0000003134b00000,0x0000003134c00000)]
  0x0000015fa9d9c310 JavaThread "RMI RenewClean-[127.0.0.1:17728,org.jetbrains.kotlin.daemon.common.LoopbackNetworkInterface$ClientLoopbackSocketFactory@58443946]" daemon [_thread_blocked, id=20412, stack(0x0000003134c00000,0x0000003134d00000)]
  0x0000015fa9d9b3e0 JavaThread "RMI GC Daemon" daemon [_thread_blocked, id=26468, stack(0x0000003134d00000,0x0000003134e00000)]
  0x0000015fa9d9a4b0 JavaThread "RMI TCP Accept-0" daemon [_thread_in_native, id=23700, stack(0x0000003134e00000,0x0000003134f00000)]
  0x0000015fa94dcfc0 JavaThread "RMI Reaper" [_thread_blocked, id=17256, stack(0x0000003134f00000,0x0000003135000000)]
  0x0000015f9c4fc340 JavaThread "RMI TCP Connection(idle)" daemon [_thread_blocked, id=6360, stack(0x0000003135000000,0x0000003135100000)]
  0x0000015fa8da6a80 JavaThread "Build operations Thread 2" [_thread_blocked, id=23616, stack(0x0000003135100000,0x0000003135200000)]
  0x0000015fa8da74a0 JavaThread "RMI TCP Connection(idle)" daemon [_thread_blocked, id=26200, stack(0x0000003135300000,0x0000003135400000)]
  0x0000015fa9d9aed0 JavaThread "RMI TCP Connection(idle)" daemon [_thread_blocked, id=26160, stack(0x0000003135400000,0x0000003135500000)]
  0x0000015fa7b017e0 JavaThread "RMI TCP Connection(idle)" daemon [_thread_blocked, id=23332, stack(0x0000003135200000,0x0000003135300000)]
  0x0000015fa76315b0 JavaThread "RMI TCP Connection(idle)" daemon [_thread_blocked, id=11404, stack(0x0000003135500000,0x0000003135600000)]
  0x0000015fa85df1c0 JavaThread "RMI TCP Connection(19)-127.0.0.1" daemon [_thread_in_native, id=21080, stack(0x0000003135700000,0x0000003135800000)]
  0x0000015fa85de7a0 JavaThread "RMI TCP Connection(20)-127.0.0.1" daemon [_thread_in_native, id=8972, stack(0x0000003135600000,0x0000003135700000)]
  0x0000015fa7630170 JavaThread "WorkerExecutor Queue Thread 4" [_thread_blocked, id=11792, stack(0x0000003135800000,0x0000003135900000)]
  0x0000015fa7b02c20 JavaThread "WorkerExecutor Queue Thread 5" [_thread_blocked, id=23520, stack(0x000000312e200000,0x000000312e300000)]

Other Threads:
  0x0000015ffd3e6dd0 VMThread "VM Thread" [stack: 0x000000312ea00000,0x000000312eb00000] [id=16796]
  0x0000015ffd5d8fe0 WatcherThread [stack: 0x000000312f600000,0x000000312f700000] [id=1852]
  0x0000015fe023b460 GCTaskThread "GC Thread#0" [stack: 0x000000312e500000,0x000000312e600000] [id=21804]
  0x0000015ffda28820 GCTaskThread "GC Thread#1" [stack: 0x000000312f700000,0x000000312f800000] [id=23172]
  0x0000015ffda28af0 GCTaskThread "GC Thread#2" [stack: 0x000000312f800000,0x000000312f900000] [id=13896]
  0x0000015ffd7eb470 GCTaskThread "GC Thread#3" [stack: 0x000000312f900000,0x000000312fa00000] [id=1584]
  0x0000015ffd7eb740 GCTaskThread "GC Thread#4" [stack: 0x000000312fa00000,0x000000312fb00000] [id=13104]
  0x0000015ffd902070 GCTaskThread "GC Thread#5" [stack: 0x0000003130b00000,0x0000003130c00000] [id=26436]
  0x0000015ffd902340 GCTaskThread "GC Thread#6" [stack: 0x0000003130c00000,0x0000003130d00000] [id=7824]
  0x0000015ffe169560 GCTaskThread "GC Thread#7" [stack: 0x0000003130d00000,0x0000003130e00000] [id=3668]
  0x0000015fe02482d0 ConcurrentGCThread "G1 Main Marker" [stack: 0x000000312e600000,0x000000312e700000] [id=26104]
  0x0000015fe0249c10 ConcurrentGCThread "G1 Conc#0" [stack: 0x000000312e700000,0x000000312e800000] [id=23532]
  0x0000015ffe168fc0 ConcurrentGCThread "G1 Conc#1" [stack: 0x0000003130e00000,0x0000003130f00000] [id=20392]
  0x0000015fe029db40 ConcurrentGCThread "G1 Refine#0" [stack: 0x000000312e800000,0x000000312e900000] [id=24532]
  0x0000015ffe5c2e50 ConcurrentGCThread "G1 Refine#1" [stack: 0x000000312fb00000,0x000000312fc00000] [id=7840]
  0x0000015fa1082ef0 ConcurrentGCThread "G1 Refine#2" [stack: 0x0000003132100000,0x0000003132200000] [id=24892]
  0x0000015fa10831f0 ConcurrentGCThread "G1 Refine#3" [stack: 0x0000003134600000,0x0000003134700000] [id=10816]
  0x0000015fe029e330 ConcurrentGCThread "G1 Service" [stack: 0x000000312e900000,0x000000312ea00000] [id=21204]

Threads with active compile tasks:
C2 CompilerThread0  270829 50893       4       com.android.tools.r8.internal.s70::a (500 bytes)
C1 CompilerThread0  270829 51058       2       com.android.tools.r8.internal.pt::o (23 bytes)

VM state: not at safepoint (normal execution)

VM Mutex/Monitor currently owned by a thread: None

Heap address: 0x00000000a0000000, size: 1536 MB, Compressed Oops mode: 32-bit

CDS archive(s) mapped at: [0x0000015f80000000-0x0000015f80bb0000-0x0000015f80bb0000), size 12255232, SharedBaseAddress: 0x0000015f80000000, ArchiveRelocationMode: 1.
Compressed class space mapped at: 0x0000015f81000000-0x0000015f95000000, reserved size: 335544320
Narrow klass base: 0x0000015f80000000, Narrow klass shift: 0, Narrow klass range: 0x100000000

GC Precious Log:
 CPUs: 8 total, 8 available
 Memory: 15781M
 Large Page Support: Disabled
 NUMA Support: Disabled
 Compressed Oops: Enabled (32-bit)
 Heap Region Size: 1M
 Heap Min Capacity: 8M
 Heap Initial Capacity: 248M
 Heap Max Capacity: 1536M
 Pre-touch: Disabled
 Parallel Workers: 8
 Concurrent Workers: 2
 Concurrent Refinement Workers: 8
 Periodic GC: Disabled

Heap:
 garbage-first heap   total 998400K, used 864869K [0x00000000a0000000, 0x0000000100000000)
  region size 1024K, 290 young (296960K), 23 survivors (23552K)
 Metaspace       used 191979K, committed 195712K, reserved 524288K
  class space    used 24472K, committed 26048K, reserved 327680K

Heap Regions: E=young(eden), S=young(survivor), O=old, HS=humongous(starts), HC=humongous(continues), CS=collection set, F=free, OA=open archive, CA=closed archive, TAMS=top-at-mark-start (previous, next)
|   0|0x00000000a0000000, 0x00000000a0100000, 0x00000000a0100000|100%|HS|  |TAMS 0x00000000a0100000, 0x00000000a0000000| Complete 
|   1|0x00000000a0100000, 0x00000000a0200000, 0x00000000a0200000|100%|HC|  |TAMS 0x00000000a0200000, 0x00000000a0100000| Complete 
|   2|0x00000000a0200000, 0x00000000a0300000, 0x00000000a0300000|100%|HC|  |TAMS 0x00000000a0300000, 0x00000000a0200000| Complete 
|   3|0x00000000a0300000, 0x00000000a0400000, 0x00000000a0400000|100%| O|  |TAMS 0x00000000a0400000, 0x00000000a0300000| Untracked 
|   4|0x00000000a0400000, 0x00000000a0500000, 0x00000000a0500000|100%| O|  |TAMS 0x00000000a0500000, 0x00000000a0400000| Untracked 
|   5|0x00000000a0500000, 0x00000000a0600000, 0x00000000a0600000|100%| O|  |TAMS 0x00000000a0600000, 0x00000000a0500000| Untracked 
|   6|0x00000000a0600000, 0x00000000a0700000, 0x00000000a0700000|100%|HS|  |TAMS 0x00000000a0700000, 0x00000000a0600000| Complete 
|   7|0x00000000a0700000, 0x00000000a0800000, 0x00000000a0800000|100%| O|  |TAMS 0x00000000a0800000, 0x00000000a0700000| Untracked 
|   8|0x00000000a0800000, 0x00000000a0900000, 0x00000000a0900000|100%| O|  |TAMS 0x00000000a0900000, 0x00000000a0800000| Untracked 
|   9|0x00000000a0900000, 0x00000000a0a00000, 0x00000000a0a00000|100%| O|  |TAMS 0x00000000a0a00000, 0x00000000a0900000| Untracked 
|  10|0x00000000a0a00000, 0x00000000a0b00000, 0x00000000a0b00000|100%| O|  |TAMS 0x00000000a0b00000, 0x00000000a0a00000| Untracked 
|  11|0x00000000a0b00000, 0x00000000a0c00000, 0x00000000a0c00000|100%| O|  |TAMS 0x00000000a0c00000, 0x00000000a0b00000| Untracked 
|  12|0x00000000a0c00000, 0x00000000a0d00000, 0x00000000a0d00000|100%| O|  |TAMS 0x00000000a0d00000, 0x00000000a0c00000| Untracked 
|  13|0x00000000a0d00000, 0x00000000a0e00000, 0x00000000a0e00000|100%| O|  |TAMS 0x00000000a0e00000, 0x00000000a0d00000| Untracked 
|  14|0x00000000a0e00000, 0x00000000a0f00000, 0x00000000a0f00000|100%| O|  |TAMS 0x00000000a0f00000, 0x00000000a0e00000| Untracked 
|  15|0x00000000a0f00000, 0x00000000a1000000, 0x00000000a1000000|100%| O|  |TAMS 0x00000000a1000000, 0x00000000a0f00000| Untracked 
|  16|0x00000000a1000000, 0x00000000a1100000, 0x00000000a1100000|100%| O|  |TAMS 0x00000000a1100000, 0x00000000a1000000| Untracked 
|  17|0x00000000a1100000, 0x00000000a1200000, 0x00000000a1200000|100%| O|  |TAMS 0x00000000a1200000, 0x00000000a1100000| Untracked 
|  18|0x00000000a1200000, 0x00000000a1300000, 0x00000000a1300000|100%| O|  |TAMS 0x00000000a1300000, 0x00000000a1200000| Untracked 
|  19|0x00000000a1300000, 0x00000000a1400000, 0x00000000a1400000|100%| O|  |TAMS 0x00000000a1400000, 0x00000000a1300000| Untracked 
|  20|0x00000000a1400000, 0x00000000a1500000, 0x00000000a1500000|100%| O|  |TAMS 0x00000000a1500000, 0x00000000a1400000| Untracked 
|  21|0x00000000a1500000, 0x00000000a15ffff8, 0x00000000a1600000| 99%| O|  |TAMS 0x00000000a15ffff8, 0x00000000a1500000| Untracked 
|  22|0x00000000a1600000, 0x00000000a1700000, 0x00000000a1700000|100%| O|  |TAMS 0x00000000a1700000, 0x00000000a1600000| Untracked 
|  23|0x00000000a1700000, 0x00000000a1800000, 0x00000000a1800000|100%| O|  |TAMS 0x00000000a1800000, 0x00000000a1700000| Untracked 
|  24|0x00000000a1800000, 0x00000000a1900000, 0x00000000a1900000|100%| O|  |TAMS 0x00000000a1900000, 0x00000000a1800000| Untracked 
|  25|0x00000000a1900000, 0x00000000a1a00000, 0x00000000a1a00000|100%| O|  |TAMS 0x00000000a1a00000, 0x00000000a1900000| Untracked 
|  26|0x00000000a1a00000, 0x00000000a1b00000, 0x00000000a1b00000|100%| O|  |TAMS 0x00000000a1b00000, 0x00000000a1a00000| Untracked 
|  27|0x00000000a1b00000, 0x00000000a1c00000, 0x00000000a1c00000|100%| O|  |TAMS 0x00000000a1c00000, 0x00000000a1b00000| Untracked 
|  28|0x00000000a1c00000, 0x00000000a1d00000, 0x00000000a1d00000|100%| O|  |TAMS 0x00000000a1d00000, 0x00000000a1c00000| Untracked 
|  29|0x00000000a1d00000, 0x00000000a1e00000, 0x00000000a1e00000|100%| O|  |TAMS 0x00000000a1e00000, 0x00000000a1d00000| Untracked 
|  30|0x00000000a1e00000, 0x00000000a1f00000, 0x00000000a1f00000|100%| O|  |TAMS 0x00000000a1f00000, 0x00000000a1e00000| Untracked 
|  31|0x00000000a1f00000, 0x00000000a2000000, 0x00000000a2000000|100%| O|  |TAMS 0x00000000a2000000, 0x00000000a1f00000| Untracked 
|  32|0x00000000a2000000, 0x00000000a2100000, 0x00000000a2100000|100%| O|  |TAMS 0x00000000a2100000, 0x00000000a2000000| Untracked 
|  33|0x00000000a2100000, 0x00000000a2200000, 0x00000000a2200000|100%| O|  |TAMS 0x00000000a2200000, 0x00000000a2100000| Untracked 
|  34|0x00000000a2200000, 0x00000000a2300000, 0x00000000a2300000|100%| O|  |TAMS 0x00000000a2300000, 0x00000000a2200000| Untracked 
|  35|0x00000000a2300000, 0x00000000a2400000, 0x00000000a2400000|100%| O|  |TAMS 0x00000000a2400000, 0x00000000a2300000| Untracked 
|  36|0x00000000a2400000, 0x00000000a2500000, 0x00000000a2500000|100%| O|  |TAMS 0x00000000a2500000, 0x00000000a2400000| Untracked 
|  37|0x00000000a2500000, 0x00000000a2600000, 0x00000000a2600000|100%|HS|  |TAMS 0x00000000a2600000, 0x00000000a2500000| Complete 
|  38|0x00000000a2600000, 0x00000000a2700000, 0x00000000a2700000|100%|HC|  |TAMS 0x00000000a2700000, 0x00000000a2600000| Complete 
|  39|0x00000000a2700000, 0x00000000a2800000, 0x00000000a2800000|100%|HC|  |TAMS 0x00000000a2800000, 0x00000000a2700000| Complete 
|  40|0x00000000a2800000, 0x00000000a2900000, 0x00000000a2900000|100%|HS|  |TAMS 0x00000000a2900000, 0x00000000a2800000| Complete 
|  41|0x00000000a2900000, 0x00000000a2a00000, 0x00000000a2a00000|100%|HC|  |TAMS 0x00000000a2a00000, 0x00000000a2900000| Complete 
|  42|0x00000000a2a00000, 0x00000000a2b00000, 0x00000000a2b00000|100%|HC|  |TAMS 0x00000000a2b00000, 0x00000000a2a00000| Complete 
|  43|0x00000000a2b00000, 0x00000000a2c00000, 0x00000000a2c00000|100%| O|  |TAMS 0x00000000a2c00000, 0x00000000a2b00000| Untracked 
|  44|0x00000000a2c00000, 0x00000000a2d00000, 0x00000000a2d00000|100%| O|  |TAMS 0x00000000a2d00000, 0x00000000a2c00000| Untracked 
|  45|0x00000000a2d00000, 0x00000000a2e00000, 0x00000000a2e00000|100%| O|  |TAMS 0x00000000a2e00000, 0x00000000a2d00000| Untracked 
|  46|0x00000000a2e00000, 0x00000000a2f00000, 0x00000000a2f00000|100%| O|  |TAMS 0x00000000a2f00000, 0x00000000a2e00000| Untracked 
|  47|0x00000000a2f00000, 0x00000000a3000000, 0x00000000a3000000|100%| O|  |TAMS 0x00000000a3000000, 0x00000000a2f00000| Untracked 
|  48|0x00000000a3000000, 0x00000000a3100000, 0x00000000a3100000|100%| O|  |TAMS 0x00000000a3100000, 0x00000000a3000000| Untracked 
|  49|0x00000000a3100000, 0x00000000a3200000, 0x00000000a3200000|100%|HS|  |TAMS 0x00000000a3200000, 0x00000000a3100000| Complete 
|  50|0x00000000a3200000, 0x00000000a3300000, 0x00000000a3300000|100%| O|  |TAMS 0x00000000a3300000, 0x00000000a3200000| Untracked 
|  51|0x00000000a3300000, 0x00000000a3400000, 0x00000000a3400000|100%| O|  |TAMS 0x00000000a3400000, 0x00000000a3300000| Untracked 
|  52|0x00000000a3400000, 0x00000000a3500000, 0x00000000a3500000|100%| O|  |TAMS 0x00000000a3500000, 0x00000000a3400000| Untracked 
|  53|0x00000000a3500000, 0x00000000a3600000, 0x00000000a3600000|100%| O|  |TAMS 0x00000000a3600000, 0x00000000a3500000| Untracked 
|  54|0x00000000a3600000, 0x00000000a3700000, 0x00000000a3700000|100%| O|  |TAMS 0x00000000a3700000, 0x00000000a3600000| Untracked 
|  55|0x00000000a3700000, 0x00000000a3800000, 0x00000000a3800000|100%| O|  |TAMS 0x00000000a3800000, 0x00000000a3700000| Untracked 
|  56|0x00000000a3800000, 0x00000000a3900000, 0x00000000a3900000|100%| O|  |TAMS 0x00000000a3900000, 0x00000000a3800000| Untracked 
|  57|0x00000000a3900000, 0x00000000a3a00000, 0x00000000a3a00000|100%| O|  |TAMS 0x00000000a3a00000, 0x00000000a3900000| Untracked 
|  58|0x00000000a3a00000, 0x00000000a3b00000, 0x00000000a3b00000|100%| O|  |TAMS 0x00000000a3b00000, 0x00000000a3a00000| Untracked 
|  59|0x00000000a3b00000, 0x00000000a3c00000, 0x00000000a3c00000|100%| O|  |TAMS 0x00000000a3c00000, 0x00000000a3b00000| Untracked 
|  60|0x00000000a3c00000, 0x00000000a3d00000, 0x00000000a3d00000|100%| O|  |TAMS 0x00000000a3d00000, 0x00000000a3c00000| Untracked 
|  61|0x00000000a3d00000, 0x00000000a3e00000, 0x00000000a3e00000|100%| O|  |TAMS 0x00000000a3e00000, 0x00000000a3d00000| Untracked 
|  62|0x00000000a3e00000, 0x00000000a3f00000, 0x00000000a3f00000|100%| O|  |TAMS 0x00000000a3f00000, 0x00000000a3e00000| Untracked 
|  63|0x00000000a3f00000, 0x00000000a4000000, 0x00000000a4000000|100%| O|  |TAMS 0x00000000a4000000, 0x00000000a3f00000| Untracked 
|  64|0x00000000a4000000, 0x00000000a4100000, 0x00000000a4100000|100%| O|  |TAMS 0x00000000a4100000, 0x00000000a4000000| Untracked 
|  65|0x00000000a4100000, 0x00000000a4200000, 0x00000000a4200000|100%| O|  |TAMS 0x00000000a4200000, 0x00000000a4100000| Untracked 
|  66|0x00000000a4200000, 0x00000000a4300000, 0x00000000a4300000|100%| O|  |TAMS 0x00000000a4300000, 0x00000000a4200000| Untracked 
|  67|0x00000000a4300000, 0x00000000a4400000, 0x00000000a4400000|100%| O|  |TAMS 0x00000000a4400000, 0x00000000a4300000| Untracked 
|  68|0x00000000a4400000, 0x00000000a4500000, 0x00000000a4500000|100%| O|  |TAMS 0x00000000a4500000, 0x00000000a4400000| Untracked 
|  69|0x00000000a4500000, 0x00000000a4600000, 0x00000000a4600000|100%| O|  |TAMS 0x00000000a4600000, 0x00000000a4500000| Untracked 
|  70|0x00000000a4600000, 0x00000000a4700000, 0x00000000a4700000|100%| O|  |TAMS 0x00000000a4700000, 0x00000000a4600000| Untracked 
|  71|0x00000000a4700000, 0x00000000a4800000, 0x00000000a4800000|100%| O|  |TAMS 0x00000000a4800000, 0x00000000a4700000| Untracked 
|  72|0x00000000a4800000, 0x00000000a4900000, 0x00000000a4900000|100%| O|  |TAMS 0x00000000a4900000, 0x00000000a4800000| Untracked 
|  73|0x00000000a4900000, 0x00000000a4a00000, 0x00000000a4a00000|100%| O|  |TAMS 0x00000000a4a00000, 0x00000000a4900000| Untracked 
|  74|0x00000000a4a00000, 0x00000000a4b00000, 0x00000000a4b00000|100%| O|  |TAMS 0x00000000a4b00000, 0x00000000a4a00000| Untracked 
|  75|0x00000000a4b00000, 0x00000000a4c00000, 0x00000000a4c00000|100%| O|  |TAMS 0x00000000a4c00000, 0x00000000a4b00000| Untracked 
|  76|0x00000000a4c00000, 0x00000000a4d00000, 0x00000000a4d00000|100%| O|  |TAMS 0x00000000a4d00000, 0x00000000a4c00000| Untracked 
|  77|0x00000000a4d00000, 0x00000000a4e00000, 0x00000000a4e00000|100%| O|  |TAMS 0x00000000a4e00000, 0x00000000a4d00000| Untracked 
|  78|0x00000000a4e00000, 0x00000000a4f00000, 0x00000000a4f00000|100%| O|  |TAMS 0x00000000a4f00000, 0x00000000a4e00000| Untracked 
|  79|0x00000000a4f00000, 0x00000000a5000000, 0x00000000a5000000|100%|HS|  |TAMS 0x00000000a5000000, 0x00000000a4f00000| Complete 
|  80|0x00000000a5000000, 0x00000000a5100000, 0x00000000a5100000|100%|HS|  |TAMS 0x00000000a5100000, 0x00000000a5000000| Complete 
|  81|0x00000000a5100000, 0x00000000a5200000, 0x00000000a5200000|100%|HS|  |TAMS 0x00000000a5200000, 0x00000000a5100000| Complete 
|  82|0x00000000a5200000, 0x00000000a5300000, 0x00000000a5300000|100%|HS|  |TAMS 0x00000000a5300000, 0x00000000a5200000| Complete 
|  83|0x00000000a5300000, 0x00000000a5400000, 0x00000000a5400000|100%| O|  |TAMS 0x00000000a5400000, 0x00000000a5300000| Untracked 
|  84|0x00000000a5400000, 0x00000000a5500000, 0x00000000a5500000|100%|HS|  |TAMS 0x00000000a5500000, 0x00000000a5400000| Complete 
|  85|0x00000000a5500000, 0x00000000a5600000, 0x00000000a5600000|100%|HS|  |TAMS 0x00000000a5600000, 0x00000000a5500000| Complete 
|  86|0x00000000a5600000, 0x00000000a5700000, 0x00000000a5700000|100%| O|  |TAMS 0x00000000a5700000, 0x00000000a5600000| Untracked 
|  87|0x00000000a5700000, 0x00000000a5800000, 0x00000000a5800000|100%| O|  |TAMS 0x00000000a5800000, 0x00000000a5700000| Untracked 
|  88|0x00000000a5800000, 0x00000000a5900000, 0x00000000a5900000|100%| O|  |TAMS 0x00000000a5900000, 0x00000000a5800000| Untracked 
|  89|0x00000000a5900000, 0x00000000a5a00000, 0x00000000a5a00000|100%| O|  |TAMS 0x00000000a5a00000, 0x00000000a5900000| Untracked 
|  90|0x00000000a5a00000, 0x00000000a5b00000, 0x00000000a5b00000|100%| O|  |TAMS 0x00000000a5b00000, 0x00000000a5a00000| Untracked 
|  91|0x00000000a5b00000, 0x00000000a5c00000, 0x00000000a5c00000|100%| O|  |TAMS 0x00000000a5c00000, 0x00000000a5b00000| Untracked 
|  92|0x00000000a5c00000, 0x00000000a5d00000, 0x00000000a5d00000|100%| O|  |TAMS 0x00000000a5d00000, 0x00000000a5c00000| Untracked 
|  93|0x00000000a5d00000, 0x00000000a5e00000, 0x00000000a5e00000|100%| O|  |TAMS 0x00000000a5e00000, 0x00000000a5d00000| Untracked 
|  94|0x00000000a5e00000, 0x00000000a5f00000, 0x00000000a5f00000|100%| O|  |TAMS 0x00000000a5f00000, 0x00000000a5e00000| Untracked 
|  95|0x00000000a5f00000, 0x00000000a6000000, 0x00000000a6000000|100%| O|  |TAMS 0x00000000a6000000, 0x00000000a5f00000| Untracked 
|  96|0x00000000a6000000, 0x00000000a6100000, 0x00000000a6100000|100%| O|  |TAMS 0x00000000a6100000, 0x00000000a6000000| Untracked 
|  97|0x00000000a6100000, 0x00000000a6200000, 0x00000000a6200000|100%| O|  |TAMS 0x00000000a6200000, 0x00000000a6100000| Untracked 
|  98|0x00000000a6200000, 0x00000000a6300000, 0x00000000a6300000|100%| O|  |TAMS 0x00000000a6300000, 0x00000000a6200000| Untracked 
|  99|0x00000000a6300000, 0x00000000a6400000, 0x00000000a6400000|100%|HS|  |TAMS 0x00000000a6400000, 0x00000000a6300000| Complete 
| 100|0x00000000a6400000, 0x00000000a6500000, 0x00000000a6500000|100%| O|  |TAMS 0x00000000a6500000, 0x00000000a6400000| Untracked 
| 101|0x00000000a6500000, 0x00000000a6600000, 0x00000000a6600000|100%|HS|  |TAMS 0x00000000a6600000, 0x00000000a6500000| Complete 
| 102|0x00000000a6600000, 0x00000000a6700000, 0x00000000a6700000|100%|HC|  |TAMS 0x00000000a6700000, 0x00000000a6600000| Complete 
| 103|0x00000000a6700000, 0x00000000a6800000, 0x00000000a6800000|100%|HC|  |TAMS 0x00000000a6800000, 0x00000000a6700000| Complete 
| 104|0x00000000a6800000, 0x00000000a6900000, 0x00000000a6900000|100%| O|  |TAMS 0x00000000a6900000, 0x00000000a6800000| Untracked 
| 105|0x00000000a6900000, 0x00000000a6a00000, 0x00000000a6a00000|100%| O|  |TAMS 0x00000000a6a00000, 0x00000000a6900000| Untracked 
| 106|0x00000000a6a00000, 0x00000000a6b00000, 0x00000000a6b00000|100%| O|  |TAMS 0x00000000a6b00000, 0x00000000a6a00000| Untracked 
| 107|0x00000000a6b00000, 0x00000000a6c00000, 0x00000000a6c00000|100%| O|  |TAMS 0x00000000a6c00000, 0x00000000a6b00000| Untracked 
| 108|0x00000000a6c00000, 0x00000000a6d00000, 0x00000000a6d00000|100%| O|  |TAMS 0x00000000a6d00000, 0x00000000a6c00000| Untracked 
| 109|0x00000000a6d00000, 0x00000000a6e00000, 0x00000000a6e00000|100%| O|  |TAMS 0x00000000a6e00000, 0x00000000a6d00000| Untracked 
| 110|0x00000000a6e00000, 0x00000000a6f00000, 0x00000000a6f00000|100%| O|  |TAMS 0x00000000a6f00000, 0x00000000a6e00000| Untracked 
| 111|0x00000000a6f00000, 0x00000000a7000000, 0x00000000a7000000|100%| O|  |TAMS 0x00000000a7000000, 0x00000000a6f00000| Untracked 
| 112|0x00000000a7000000, 0x00000000a7100000, 0x00000000a7100000|100%| O|  |TAMS 0x00000000a7100000, 0x00000000a7000000| Untracked 
| 113|0x00000000a7100000, 0x00000000a7200000, 0x00000000a7200000|100%| O|  |TAMS 0x00000000a7200000, 0x00000000a7100000| Untracked 
| 114|0x00000000a7200000, 0x00000000a7300000, 0x00000000a7300000|100%| O|  |TAMS 0x00000000a7300000, 0x00000000a7200000| Untracked 
| 115|0x00000000a7300000, 0x00000000a7400000, 0x00000000a7400000|100%| O|  |TAMS 0x00000000a7400000, 0x00000000a7300000| Untracked 
| 116|0x00000000a7400000, 0x00000000a7500000, 0x00000000a7500000|100%| O|  |TAMS 0x00000000a7500000, 0x00000000a7400000| Untracked 
| 117|0x00000000a7500000, 0x00000000a7600000, 0x00000000a7600000|100%| O|  |TAMS 0x00000000a7600000, 0x00000000a7500000| Untracked 
| 118|0x00000000a7600000, 0x00000000a7700000, 0x00000000a7700000|100%| O|  |TAMS 0x00000000a7700000, 0x00000000a7600000| Untracked 
| 119|0x00000000a7700000, 0x00000000a7800000, 0x00000000a7800000|100%| O|  |TAMS 0x00000000a7800000, 0x00000000a7700000| Untracked 
| 120|0x00000000a7800000, 0x00000000a7900000, 0x00000000a7900000|100%| O|  |TAMS 0x00000000a7900000, 0x00000000a7800000| Untracked 
| 121|0x00000000a7900000, 0x00000000a7a00000, 0x00000000a7a00000|100%| O|  |TAMS 0x00000000a7a00000, 0x00000000a7900000| Untracked 
| 122|0x00000000a7a00000, 0x00000000a7b00000, 0x00000000a7b00000|100%| O|  |TAMS 0x00000000a7b00000, 0x00000000a7a00000| Untracked 
| 123|0x00000000a7b00000, 0x00000000a7c00000, 0x00000000a7c00000|100%| O|  |TAMS 0x00000000a7c00000, 0x00000000a7b00000| Untracked 
| 124|0x00000000a7c00000, 0x00000000a7d00000, 0x00000000a7d00000|100%| O|  |TAMS 0x00000000a7d00000, 0x00000000a7c00000| Untracked 
| 125|0x00000000a7d00000, 0x00000000a7e00000, 0x00000000a7e00000|100%| O|  |TAMS 0x00000000a7e00000, 0x00000000a7d00000| Untracked 
| 126|0x00000000a7e00000, 0x00000000a7f00000, 0x00000000a7f00000|100%| O|  |TAMS 0x00000000a7f00000, 0x00000000a7e00000| Untracked 
| 127|0x00000000a7f00000, 0x00000000a8000000, 0x00000000a8000000|100%| O|  |TAMS 0x00000000a8000000, 0x00000000a7f00000| Untracked 
| 128|0x00000000a8000000, 0x00000000a8100000, 0x00000000a8100000|100%| O|  |TAMS 0x00000000a8100000, 0x00000000a8000000| Untracked 
| 129|0x00000000a8100000, 0x00000000a8200000, 0x00000000a8200000|100%| O|  |TAMS 0x00000000a8200000, 0x00000000a8100000| Untracked 
| 130|0x00000000a8200000, 0x00000000a8300000, 0x00000000a8300000|100%| O|  |TAMS 0x00000000a8300000, 0x00000000a8200000| Untracked 
| 131|0x00000000a8300000, 0x00000000a8400000, 0x00000000a8400000|100%| O|  |TAMS 0x00000000a8400000, 0x00000000a8300000| Untracked 
| 132|0x00000000a8400000, 0x00000000a8500000, 0x00000000a8500000|100%| O|  |TAMS 0x00000000a8500000, 0x00000000a8400000| Untracked 
| 133|0x00000000a8500000, 0x00000000a8600000, 0x00000000a8600000|100%| O|  |TAMS 0x00000000a8600000, 0x00000000a8500000| Untracked 
| 134|0x00000000a8600000, 0x00000000a8700000, 0x00000000a8700000|100%|HS|  |TAMS 0x00000000a8700000, 0x00000000a8600000| Complete 
| 135|0x00000000a8700000, 0x00000000a8800000, 0x00000000a8800000|100%|HS|  |TAMS 0x00000000a8800000, 0x00000000a8700000| Complete 
| 136|0x00000000a8800000, 0x00000000a8900000, 0x00000000a8900000|100%|HS|  |TAMS 0x00000000a8900000, 0x00000000a8800000| Complete 
| 137|0x00000000a8900000, 0x00000000a8a00000, 0x00000000a8a00000|100%|HC|  |TAMS 0x00000000a8a00000, 0x00000000a8900000| Complete 
| 138|0x00000000a8a00000, 0x00000000a8b00000, 0x00000000a8b00000|100%| O|  |TAMS 0x00000000a8b00000, 0x00000000a8a00000| Untracked 
| 139|0x00000000a8b00000, 0x00000000a8c00000, 0x00000000a8c00000|100%| O|  |TAMS 0x00000000a8c00000, 0x00000000a8b00000| Untracked 
| 140|0x00000000a8c00000, 0x00000000a8d00000, 0x00000000a8d00000|100%| O|  |TAMS 0x00000000a8d00000, 0x00000000a8c00000| Untracked 
| 141|0x00000000a8d00000, 0x00000000a8e00000, 0x00000000a8e00000|100%| O|  |TAMS 0x00000000a8e00000, 0x00000000a8d00000| Untracked 
| 142|0x00000000a8e00000, 0x00000000a8f00000, 0x00000000a8f00000|100%| O|  |TAMS 0x00000000a8f00000, 0x00000000a8e00000| Untracked 
| 143|0x00000000a8f00000, 0x00000000a9000000, 0x00000000a9000000|100%| O|  |TAMS 0x00000000a9000000, 0x00000000a8f00000| Untracked 
| 144|0x00000000a9000000, 0x00000000a9100000, 0x00000000a9100000|100%| O|  |TAMS 0x00000000a9100000, 0x00000000a9000000| Untracked 
| 145|0x00000000a9100000, 0x00000000a9200000, 0x00000000a9200000|100%| O|  |TAMS 0x00000000a9200000, 0x00000000a9100000| Untracked 
| 146|0x00000000a9200000, 0x00000000a9300000, 0x00000000a9300000|100%| O|  |TAMS 0x00000000a9300000, 0x00000000a9200000| Untracked 
| 147|0x00000000a9300000, 0x00000000a9400000, 0x00000000a9400000|100%| O|  |TAMS 0x00000000a9400000, 0x00000000a9300000| Untracked 
| 148|0x00000000a9400000, 0x00000000a9500000, 0x00000000a9500000|100%| O|  |TAMS 0x00000000a9500000, 0x00000000a9400000| Untracked 
| 149|0x00000000a9500000, 0x00000000a9600000, 0x00000000a9600000|100%| O|  |TAMS 0x00000000a9600000, 0x00000000a9500000| Untracked 
| 150|0x00000000a9600000, 0x00000000a9700000, 0x00000000a9700000|100%| O|  |TAMS 0x00000000a9700000, 0x00000000a9600000| Untracked 
| 151|0x00000000a9700000, 0x00000000a9800000, 0x00000000a9800000|100%| O|  |TAMS 0x00000000a9800000, 0x00000000a9700000| Untracked 
| 152|0x00000000a9800000, 0x00000000a9900000, 0x00000000a9900000|100%| O|  |TAMS 0x00000000a9900000, 0x00000000a9800000| Untracked 
| 153|0x00000000a9900000, 0x00000000a9a00000, 0x00000000a9a00000|100%| O|  |TAMS 0x00000000a9a00000, 0x00000000a9900000| Untracked 
| 154|0x00000000a9a00000, 0x00000000a9b00000, 0x00000000a9b00000|100%| O|  |TAMS 0x00000000a9b00000, 0x00000000a9a00000| Untracked 
| 155|0x00000000a9b00000, 0x00000000a9c00000, 0x00000000a9c00000|100%|HS|  |TAMS 0x00000000a9c00000, 0x00000000a9b00000| Complete 
| 156|0x00000000a9c00000, 0x00000000a9d00000, 0x00000000a9d00000|100%| O|  |TAMS 0x00000000a9d00000, 0x00000000a9c00000| Untracked 
| 157|0x00000000a9d00000, 0x00000000a9e00000, 0x00000000a9e00000|100%| O|  |TAMS 0x00000000a9e00000, 0x00000000a9d00000| Untracked 
| 158|0x00000000a9e00000, 0x00000000a9f00000, 0x00000000a9f00000|100%| O|  |TAMS 0x00000000a9f00000, 0x00000000a9e00000| Untracked 
| 159|0x00000000a9f00000, 0x00000000aa000000, 0x00000000aa000000|100%| O|  |TAMS 0x00000000aa000000, 0x00000000a9f00000| Untracked 
| 160|0x00000000aa000000, 0x00000000aa100000, 0x00000000aa100000|100%| O|  |TAMS 0x00000000aa100000, 0x00000000aa000000| Untracked 
| 161|0x00000000aa100000, 0x00000000aa200000, 0x00000000aa200000|100%| O|  |TAMS 0x00000000aa200000, 0x00000000aa100000| Untracked 
| 162|0x00000000aa200000, 0x00000000aa300000, 0x00000000aa300000|100%| O|  |TAMS 0x00000000aa300000, 0x00000000aa200000| Untracked 
| 163|0x00000000aa300000, 0x00000000aa400000, 0x00000000aa400000|100%| O|  |TAMS 0x00000000aa400000, 0x00000000aa300000| Untracked 
| 164|0x00000000aa400000, 0x00000000aa500000, 0x00000000aa500000|100%| O|  |TAMS 0x00000000aa500000, 0x00000000aa400000| Untracked 
| 165|0x00000000aa500000, 0x00000000aa600000, 0x00000000aa600000|100%| O|  |TAMS 0x00000000aa600000, 0x00000000aa500000| Untracked 
| 166|0x00000000aa600000, 0x00000000aa700000, 0x00000000aa700000|100%| O|  |TAMS 0x00000000aa700000, 0x00000000aa600000| Untracked 
| 167|0x00000000aa700000, 0x00000000aa800000, 0x00000000aa800000|100%| O|  |TAMS 0x00000000aa800000, 0x00000000aa700000| Untracked 
| 168|0x00000000aa800000, 0x00000000aa900000, 0x00000000aa900000|100%| O|  |TAMS 0x00000000aa900000, 0x00000000aa800000| Untracked 
| 169|0x00000000aa900000, 0x00000000aaa00000, 0x00000000aaa00000|100%| O|  |TAMS 0x00000000aaa00000, 0x00000000aa900000| Untracked 
| 170|0x00000000aaa00000, 0x00000000aab00000, 0x00000000aab00000|100%| O|  |TAMS 0x00000000aab00000, 0x00000000aaa00000| Untracked 
| 171|0x00000000aab00000, 0x00000000aac00000, 0x00000000aac00000|100%| O|  |TAMS 0x00000000aac00000, 0x00000000aab00000| Untracked 
| 172|0x00000000aac00000, 0x00000000aad00000, 0x00000000aad00000|100%|HS|  |TAMS 0x00000000aad00000, 0x00000000aac00000| Complete 
| 173|0x00000000aad00000, 0x00000000aae00000, 0x00000000aae00000|100%|HS|  |TAMS 0x00000000aae00000, 0x00000000aad00000| Complete 
| 174|0x00000000aae00000, 0x00000000aaf00000, 0x00000000aaf00000|100%| O|  |TAMS 0x00000000aaf00000, 0x00000000aae00000| Untracked 
| 175|0x00000000aaf00000, 0x00000000ab000000, 0x00000000ab000000|100%| O|  |TAMS 0x00000000ab000000, 0x00000000aaf00000| Untracked 
| 176|0x00000000ab000000, 0x00000000ab100000, 0x00000000ab100000|100%| O|  |TAMS 0x00000000ab100000, 0x00000000ab000000| Untracked 
| 177|0x00000000ab100000, 0x00000000ab200000, 0x00000000ab200000|100%| O|  |TAMS 0x00000000ab200000, 0x00000000ab100000| Untracked 
| 178|0x00000000ab200000, 0x00000000ab300000, 0x00000000ab300000|100%| O|  |TAMS 0x00000000ab300000, 0x00000000ab200000| Untracked 
| 179|0x00000000ab300000, 0x00000000ab400000, 0x00000000ab400000|100%| O|  |TAMS 0x00000000ab400000, 0x00000000ab300000| Untracked 
| 180|0x00000000ab400000, 0x00000000ab500000, 0x00000000ab500000|100%| O|  |TAMS 0x00000000ab500000, 0x00000000ab400000| Untracked 
| 181|0x00000000ab500000, 0x00000000ab600000, 0x00000000ab600000|100%| O|  |TAMS 0x00000000ab600000, 0x00000000ab500000| Untracked 
| 182|0x00000000ab600000, 0x00000000ab700000, 0x00000000ab700000|100%| O|  |TAMS 0x00000000ab700000, 0x00000000ab600000| Untracked 
| 183|0x00000000ab700000, 0x00000000ab800000, 0x00000000ab800000|100%| O|  |TAMS 0x00000000ab800000, 0x00000000ab700000| Untracked 
| 184|0x00000000ab800000, 0x00000000ab900000, 0x00000000ab900000|100%|HS|  |TAMS 0x00000000ab900000, 0x00000000ab800000| Complete 
| 185|0x00000000ab900000, 0x00000000aba00000, 0x00000000aba00000|100%| O|  |TAMS 0x00000000aba00000, 0x00000000ab900000| Untracked 
| 186|0x00000000aba00000, 0x00000000abb00000, 0x00000000abb00000|100%| O|  |TAMS 0x00000000abb00000, 0x00000000aba00000| Untracked 
| 187|0x00000000abb00000, 0x00000000abc00000, 0x00000000abc00000|100%| O|  |TAMS 0x00000000abc00000, 0x00000000abb00000| Untracked 
| 188|0x00000000abc00000, 0x00000000abd00000, 0x00000000abd00000|100%| O|  |TAMS 0x00000000abd00000, 0x00000000abc00000| Untracked 
| 189|0x00000000abd00000, 0x00000000abe00000, 0x00000000abe00000|100%| O|  |TAMS 0x00000000abe00000, 0x00000000abd00000| Untracked 
| 190|0x00000000abe00000, 0x00000000abf00000, 0x00000000abf00000|100%| O|  |TAMS 0x00000000abf00000, 0x00000000abe00000| Untracked 
| 191|0x00000000abf00000, 0x00000000ac000000, 0x00000000ac000000|100%|HS|  |TAMS 0x00000000ac000000, 0x00000000abf00000| Complete 
| 192|0x00000000ac000000, 0x00000000ac100000, 0x00000000ac100000|100%|HS|  |TAMS 0x00000000ac100000, 0x00000000ac000000| Complete 
| 193|0x00000000ac100000, 0x00000000ac200000, 0x00000000ac200000|100%|HS|  |TAMS 0x00000000ac200000, 0x00000000ac100000| Complete 
| 194|0x00000000ac200000, 0x00000000ac300000, 0x00000000ac300000|100%| O|  |TAMS 0x00000000ac300000, 0x00000000ac200000| Untracked 
| 195|0x00000000ac300000, 0x00000000ac400000, 0x00000000ac400000|100%| O|  |TAMS 0x00000000ac400000, 0x00000000ac300000| Untracked 
| 196|0x00000000ac400000, 0x00000000ac500000, 0x00000000ac500000|100%| O|  |TAMS 0x00000000ac500000, 0x00000000ac400000| Untracked 
| 197|0x00000000ac500000, 0x00000000ac600000, 0x00000000ac600000|100%| O|  |TAMS 0x00000000ac600000, 0x00000000ac500000| Untracked 
| 198|0x00000000ac600000, 0x00000000ac700000, 0x00000000ac700000|100%| O|  |TAMS 0x00000000ac700000, 0x00000000ac600000| Untracked 
| 199|0x00000000ac700000, 0x00000000ac800000, 0x00000000ac800000|100%|HS|  |TAMS 0x00000000ac800000, 0x00000000ac700000| Complete 
| 200|0x00000000ac800000, 0x00000000ac900000, 0x00000000ac900000|100%|HC|  |TAMS 0x00000000ac900000, 0x00000000ac800000| Complete 
| 201|0x00000000ac900000, 0x00000000aca00000, 0x00000000aca00000|100%|HS|  |TAMS 0x00000000aca00000, 0x00000000ac900000| Complete 
| 202|0x00000000aca00000, 0x00000000acb00000, 0x00000000acb00000|100%|HC|  |TAMS 0x00000000acb00000, 0x00000000aca00000| Complete 
| 203|0x00000000acb00000, 0x00000000acc00000, 0x00000000acc00000|100%| O|  |TAMS 0x00000000acc00000, 0x00000000acb00000| Untracked 
| 204|0x00000000acc00000, 0x00000000acd00000, 0x00000000acd00000|100%| O|  |TAMS 0x00000000acd00000, 0x00000000acc00000| Untracked 
| 205|0x00000000acd00000, 0x00000000ace00000, 0x00000000ace00000|100%| O|  |TAMS 0x00000000ace00000, 0x00000000acd00000| Untracked 
| 206|0x00000000ace00000, 0x00000000acf00000, 0x00000000acf00000|100%| O|  |TAMS 0x00000000acf00000, 0x00000000ace00000| Untracked 
| 207|0x00000000acf00000, 0x00000000ad000000, 0x00000000ad000000|100%| O|  |TAMS 0x00000000ad000000, 0x00000000acf00000| Untracked 
| 208|0x00000000ad000000, 0x00000000ad100000, 0x00000000ad100000|100%| O|  |TAMS 0x00000000ad100000, 0x00000000ad000000| Untracked 
| 209|0x00000000ad100000, 0x00000000ad200000, 0x00000000ad200000|100%| O|  |TAMS 0x00000000ad200000, 0x00000000ad100000| Untracked 
| 210|0x00000000ad200000, 0x00000000ad300000, 0x00000000ad300000|100%| O|  |TAMS 0x00000000ad300000, 0x00000000ad200000| Untracked 
| 211|0x00000000ad300000, 0x00000000ad400000, 0x00000000ad400000|100%| O|  |TAMS 0x00000000ad400000, 0x00000000ad300000| Untracked 
| 212|0x00000000ad400000, 0x00000000ad500000, 0x00000000ad500000|100%| O|  |TAMS 0x00000000ad500000, 0x00000000ad400000| Untracked 
| 213|0x00000000ad500000, 0x00000000ad600000, 0x00000000ad600000|100%| O|  |TAMS 0x00000000ad600000, 0x00000000ad500000| Untracked 
| 214|0x00000000ad600000, 0x00000000ad700000, 0x00000000ad700000|100%| O|  |TAMS 0x00000000ad700000, 0x00000000ad600000| Untracked 
| 215|0x00000000ad700000, 0x00000000ad800000, 0x00000000ad800000|100%| O|  |TAMS 0x00000000ad800000, 0x00000000ad700000| Untracked 
| 216|0x00000000ad800000, 0x00000000ad900000, 0x00000000ad900000|100%| O|  |TAMS 0x00000000ad900000, 0x00000000ad800000| Untracked 
| 217|0x00000000ad900000, 0x00000000ada00000, 0x00000000ada00000|100%| O|  |TAMS 0x00000000ada00000, 0x00000000ad900000| Untracked 
| 218|0x00000000ada00000, 0x00000000adb00000, 0x00000000adb00000|100%| O|  |TAMS 0x00000000adb00000, 0x00000000ada00000| Untracked 
| 219|0x00000000adb00000, 0x00000000adc00000, 0x00000000adc00000|100%| O|  |TAMS 0x00000000adc00000, 0x00000000adb00000| Untracked 
| 220|0x00000000adc00000, 0x00000000add00000, 0x00000000add00000|100%| O|  |TAMS 0x00000000add00000, 0x00000000adc00000| Untracked 
| 221|0x00000000add00000, 0x00000000ade00000, 0x00000000ade00000|100%| O|  |TAMS 0x00000000ade00000, 0x00000000add00000| Untracked 
| 222|0x00000000ade00000, 0x00000000adf00000, 0x00000000adf00000|100%| O|  |TAMS 0x00000000adf00000, 0x00000000ade00000| Untracked 
| 223|0x00000000adf00000, 0x00000000ae000000, 0x00000000ae000000|100%| O|  |TAMS 0x00000000ae000000, 0x00000000adf00000| Untracked 
| 224|0x00000000ae000000, 0x00000000ae100000, 0x00000000ae100000|100%| O|  |TAMS 0x00000000ae100000, 0x00000000ae000000| Untracked 
| 225|0x00000000ae100000, 0x00000000ae200000, 0x00000000ae200000|100%| O|  |TAMS 0x00000000ae200000, 0x00000000ae100000| Untracked 
| 226|0x00000000ae200000, 0x00000000ae300000, 0x00000000ae300000|100%| O|  |TAMS 0x00000000ae300000, 0x00000000ae200000| Untracked 
| 227|0x00000000ae300000, 0x00000000ae400000, 0x00000000ae400000|100%| O|  |TAMS 0x00000000ae400000, 0x00000000ae300000| Untracked 
| 228|0x00000000ae400000, 0x00000000ae500000, 0x00000000ae500000|100%| O|  |TAMS 0x00000000ae500000, 0x00000000ae400000| Untracked 
| 229|0x00000000ae500000, 0x00000000ae600000, 0x00000000ae600000|100%| O|  |TAMS 0x00000000ae600000, 0x00000000ae500000| Untracked 
| 230|0x00000000ae600000, 0x00000000ae700000, 0x00000000ae700000|100%| O|  |TAMS 0x00000000ae700000, 0x00000000ae600000| Untracked 
| 231|0x00000000ae700000, 0x00000000ae800000, 0x00000000ae800000|100%| O|  |TAMS 0x00000000ae800000, 0x00000000ae700000| Untracked 
| 232|0x00000000ae800000, 0x00000000ae900000, 0x00000000ae900000|100%| O|  |TAMS 0x00000000ae900000, 0x00000000ae800000| Untracked 
| 233|0x00000000ae900000, 0x00000000aea00000, 0x00000000aea00000|100%| O|  |TAMS 0x00000000aea00000, 0x00000000ae900000| Untracked 
| 234|0x00000000aea00000, 0x00000000aeb00000, 0x00000000aeb00000|100%| O|  |TAMS 0x00000000aeb00000, 0x00000000aea00000| Untracked 
| 235|0x00000000aeb00000, 0x00000000aec00000, 0x00000000aec00000|100%| O|  |TAMS 0x00000000aec00000, 0x00000000aeb00000| Untracked 
| 236|0x00000000aec00000, 0x00000000aed00000, 0x00000000aed00000|100%| O|  |TAMS 0x00000000aed00000, 0x00000000aec00000| Untracked 
| 237|0x00000000aed00000, 0x00000000aee00000, 0x00000000aee00000|100%| O|  |TAMS 0x00000000aee00000, 0x00000000aed00000| Untracked 
| 238|0x00000000aee00000, 0x00000000aef00000, 0x00000000aef00000|100%| O|  |TAMS 0x00000000aef00000, 0x00000000aee00000| Untracked 
| 239|0x00000000aef00000, 0x00000000af000000, 0x00000000af000000|100%| O|  |TAMS 0x00000000af000000, 0x00000000aef00000| Untracked 
| 240|0x00000000af000000, 0x00000000af100000, 0x00000000af100000|100%| O|  |TAMS 0x00000000af100000, 0x00000000af000000| Untracked 
| 241|0x00000000af100000, 0x00000000af200000, 0x00000000af200000|100%| O|  |TAMS 0x00000000af200000, 0x00000000af100000| Untracked 
| 242|0x00000000af200000, 0x00000000af300000, 0x00000000af300000|100%| O|  |TAMS 0x00000000af300000, 0x00000000af200000| Untracked 
| 243|0x00000000af300000, 0x00000000af400000, 0x00000000af400000|100%| O|  |TAMS 0x00000000af400000, 0x00000000af300000| Untracked 
| 244|0x00000000af400000, 0x00000000af500000, 0x00000000af500000|100%| O|  |TAMS 0x00000000af500000, 0x00000000af400000| Untracked 
| 245|0x00000000af500000, 0x00000000af600000, 0x00000000af600000|100%| O|  |TAMS 0x00000000af600000, 0x00000000af500000| Untracked 
| 246|0x00000000af600000, 0x00000000af700000, 0x00000000af700000|100%| O|  |TAMS 0x00000000af700000, 0x00000000af600000| Untracked 
| 247|0x00000000af700000, 0x00000000af800000, 0x00000000af800000|100%| O|  |TAMS 0x00000000af800000, 0x00000000af700000| Untracked 
| 248|0x00000000af800000, 0x00000000af900000, 0x00000000af900000|100%| O|  |TAMS 0x00000000af900000, 0x00000000af800000| Untracked 
| 249|0x00000000af900000, 0x00000000afa00000, 0x00000000afa00000|100%| O|  |TAMS 0x00000000afa00000, 0x00000000af900000| Untracked 
| 250|0x00000000afa00000, 0x00000000afb00000, 0x00000000afb00000|100%| O|  |TAMS 0x00000000afb00000, 0x00000000afa00000| Untracked 
| 251|0x00000000afb00000, 0x00000000afc00000, 0x00000000afc00000|100%| O|  |TAMS 0x00000000afc00000, 0x00000000afb00000| Untracked 
| 252|0x00000000afc00000, 0x00000000afd00000, 0x00000000afd00000|100%| O|  |TAMS 0x00000000afd00000, 0x00000000afc00000| Untracked 
| 253|0x00000000afd00000, 0x00000000afe00000, 0x00000000afe00000|100%| O|  |TAMS 0x00000000afe00000, 0x00000000afd00000| Untracked 
| 254|0x00000000afe00000, 0x00000000aff00000, 0x00000000aff00000|100%| O|  |TAMS 0x00000000aff00000, 0x00000000afe00000| Untracked 
| 255|0x00000000aff00000, 0x00000000b0000000, 0x00000000b0000000|100%| O|  |TAMS 0x00000000b0000000, 0x00000000aff00000| Untracked 
| 256|0x00000000b0000000, 0x00000000b0100000, 0x00000000b0100000|100%| O|  |TAMS 0x00000000b0100000, 0x00000000b0000000| Untracked 
| 257|0x00000000b0100000, 0x00000000b0200000, 0x00000000b0200000|100%| O|  |TAMS 0x00000000b0200000, 0x00000000b0100000| Untracked 
| 258|0x00000000b0200000, 0x00000000b0300000, 0x00000000b0300000|100%| O|  |TAMS 0x00000000b0300000, 0x00000000b0200000| Untracked 
| 259|0x00000000b0300000, 0x00000000b0400000, 0x00000000b0400000|100%| O|  |TAMS 0x00000000b0400000, 0x00000000b0300000| Untracked 
| 260|0x00000000b0400000, 0x00000000b0500000, 0x00000000b0500000|100%| O|  |TAMS 0x00000000b0500000, 0x00000000b0400000| Untracked 
| 261|0x00000000b0500000, 0x00000000b0600000, 0x00000000b0600000|100%| O|  |TAMS 0x00000000b0600000, 0x00000000b0500000| Untracked 
| 262|0x00000000b0600000, 0x00000000b0700000, 0x00000000b0700000|100%|HS|  |TAMS 0x00000000b0700000, 0x00000000b0600000| Complete 
| 263|0x00000000b0700000, 0x00000000b0800000, 0x00000000b0800000|100%|HS|  |TAMS 0x00000000b0800000, 0x00000000b0700000| Complete 
| 264|0x00000000b0800000, 0x00000000b0900000, 0x00000000b0900000|100%|HS|  |TAMS 0x00000000b0900000, 0x00000000b0800000| Complete 
| 265|0x00000000b0900000, 0x00000000b0a00000, 0x00000000b0a00000|100%| O|  |TAMS 0x00000000b0a00000, 0x00000000b0900000| Untracked 
| 266|0x00000000b0a00000, 0x00000000b0b00000, 0x00000000b0b00000|100%| O|  |TAMS 0x00000000b0b00000, 0x00000000b0a00000| Untracked 
| 267|0x00000000b0b00000, 0x00000000b0c00000, 0x00000000b0c00000|100%| O|  |TAMS 0x00000000b0c00000, 0x00000000b0b00000| Untracked 
| 268|0x00000000b0c00000, 0x00000000b0d00000, 0x00000000b0d00000|100%| O|  |TAMS 0x00000000b0d00000, 0x00000000b0c00000| Untracked 
| 269|0x00000000b0d00000, 0x00000000b0e00000, 0x00000000b0e00000|100%| O|  |TAMS 0x00000000b0e00000, 0x00000000b0d00000| Untracked 
| 270|0x00000000b0e00000, 0x00000000b0f00000, 0x00000000b0f00000|100%| O|  |TAMS 0x00000000b0f00000, 0x00000000b0e00000| Untracked 
| 271|0x00000000b0f00000, 0x00000000b1000000, 0x00000000b1000000|100%| O|  |TAMS 0x00000000b1000000, 0x00000000b0f00000| Untracked 
| 272|0x00000000b1000000, 0x00000000b1100000, 0x00000000b1100000|100%| O|  |TAMS 0x00000000b1100000, 0x00000000b1000000| Untracked 
| 273|0x00000000b1100000, 0x00000000b1200000, 0x00000000b1200000|100%| O|  |TAMS 0x00000000b1200000, 0x00000000b1100000| Untracked 
| 274|0x00000000b1200000, 0x00000000b1300000, 0x00000000b1300000|100%| O|  |TAMS 0x00000000b1300000, 0x00000000b1200000| Untracked 
| 275|0x00000000b1300000, 0x00000000b1400000, 0x00000000b1400000|100%| O|  |TAMS 0x00000000b1400000, 0x00000000b1300000| Untracked 
| 276|0x00000000b1400000, 0x00000000b1500000, 0x00000000b1500000|100%| O|  |TAMS 0x00000000b1500000, 0x00000000b1400000| Untracked 
| 277|0x00000000b1500000, 0x00000000b1600000, 0x00000000b1600000|100%| O|  |TAMS 0x00000000b1600000, 0x00000000b1500000| Untracked 
| 278|0x00000000b1600000, 0x00000000b1700000, 0x00000000b1700000|100%| O|  |TAMS 0x00000000b1700000, 0x00000000b1600000| Untracked 
| 279|0x00000000b1700000, 0x00000000b1800000, 0x00000000b1800000|100%| O|  |TAMS 0x00000000b1700000, 0x00000000b1700000| Untracked 
| 280|0x00000000b1800000, 0x00000000b1900000, 0x00000000b1900000|100%| O|  |TAMS 0x00000000b1900000, 0x00000000b1800000| Untracked 
| 281|0x00000000b1900000, 0x00000000b1a00000, 0x00000000b1a00000|100%| O|  |TAMS 0x00000000b1a00000, 0x00000000b1900000| Untracked 
| 282|0x00000000b1a00000, 0x00000000b1b00000, 0x00000000b1b00000|100%| O|  |TAMS 0x00000000b1b00000, 0x00000000b1a00000| Untracked 
| 283|0x00000000b1b00000, 0x00000000b1c00000, 0x00000000b1c00000|100%| O|  |TAMS 0x00000000b1c00000, 0x00000000b1b00000| Untracked 
| 284|0x00000000b1c00000, 0x00000000b1d00000, 0x00000000b1d00000|100%| O|  |TAMS 0x00000000b1d00000, 0x00000000b1c00000| Untracked 
| 285|0x00000000b1d00000, 0x00000000b1e00000, 0x00000000b1e00000|100%| O|  |TAMS 0x00000000b1e00000, 0x00000000b1d00000| Untracked 
| 286|0x00000000b1e00000, 0x00000000b1f00000, 0x00000000b1f00000|100%| O|  |TAMS 0x00000000b1f00000, 0x00000000b1e00000| Untracked 
| 287|0x00000000b1f00000, 0x00000000b2000000, 0x00000000b2000000|100%|HS|  |TAMS 0x00000000b2000000, 0x00000000b1f00000| Complete 
| 288|0x00000000b2000000, 0x00000000b2100000, 0x00000000b2100000|100%|HS|  |TAMS 0x00000000b2100000, 0x00000000b2000000| Complete 
| 289|0x00000000b2100000, 0x00000000b2200000, 0x00000000b2200000|100%| O|  |TAMS 0x00000000b2200000, 0x00000000b2100000| Untracked 
| 290|0x00000000b2200000, 0x00000000b2300000, 0x00000000b2300000|100%| O|  |TAMS 0x00000000b2200000, 0x00000000b2200000| Untracked 
| 291|0x00000000b2300000, 0x00000000b2400000, 0x00000000b2400000|100%| O|  |TAMS 0x00000000b2400000, 0x00000000b2300000| Untracked 
| 292|0x00000000b2400000, 0x00000000b2500000, 0x00000000b2500000|100%| O|  |TAMS 0x00000000b2500000, 0x00000000b2400000| Untracked 
| 293|0x00000000b2500000, 0x00000000b2600000, 0x00000000b2600000|100%| O|  |TAMS 0x00000000b2600000, 0x00000000b2500000| Untracked 
| 294|0x00000000b2600000, 0x00000000b2700000, 0x00000000b2700000|100%| O|  |TAMS 0x00000000b2700000, 0x00000000b2600000| Untracked 
| 295|0x00000000b2700000, 0x00000000b2800000, 0x00000000b2800000|100%| O|  |TAMS 0x00000000b2800000, 0x00000000b2700000| Untracked 
| 296|0x00000000b2800000, 0x00000000b2900000, 0x00000000b2900000|100%| O|  |TAMS 0x00000000b2900000, 0x00000000b2800000| Untracked 
| 297|0x00000000b2900000, 0x00000000b2a00000, 0x00000000b2a00000|100%| O|  |TAMS 0x00000000b2a00000, 0x00000000b2900000| Untracked 
| 298|0x00000000b2a00000, 0x00000000b2b00000, 0x00000000b2b00000|100%| O|  |TAMS 0x00000000b2b00000, 0x00000000b2a00000| Untracked 
| 299|0x00000000b2b00000, 0x00000000b2c00000, 0x00000000b2c00000|100%| O|  |TAMS 0x00000000b2c00000, 0x00000000b2b00000| Untracked 
| 300|0x00000000b2c00000, 0x00000000b2d00000, 0x00000000b2d00000|100%| O|  |TAMS 0x00000000b2d00000, 0x00000000b2c00000| Untracked 
| 301|0x00000000b2d00000, 0x00000000b2e00000, 0x00000000b2e00000|100%|HS|  |TAMS 0x00000000b2e00000, 0x00000000b2d00000| Complete 
| 302|0x00000000b2e00000, 0x00000000b2f00000, 0x00000000b2f00000|100%|HS|  |TAMS 0x00000000b2f00000, 0x00000000b2e00000| Complete 
| 303|0x00000000b2f00000, 0x00000000b3000000, 0x00000000b3000000|100%| O|  |TAMS 0x00000000b3000000, 0x00000000b2f00000| Untracked 
| 304|0x00000000b3000000, 0x00000000b3100000, 0x00000000b3100000|100%| O|  |TAMS 0x00000000b3100000, 0x00000000b3000000| Untracked 
| 305|0x00000000b3100000, 0x00000000b3200000, 0x00000000b3200000|100%| O|  |TAMS 0x00000000b3200000, 0x00000000b3100000| Untracked 
| 306|0x00000000b3200000, 0x00000000b3300000, 0x00000000b3300000|100%| O|  |TAMS 0x00000000b3300000, 0x00000000b3200000| Untracked 
| 307|0x00000000b3300000, 0x00000000b3400000, 0x00000000b3400000|100%| O|  |TAMS 0x00000000b3400000, 0x00000000b3300000| Untracked 
| 308|0x00000000b3400000, 0x00000000b3500000, 0x00000000b3500000|100%| O|  |TAMS 0x00000000b3500000, 0x00000000b3400000| Untracked 
| 309|0x00000000b3500000, 0x00000000b3600000, 0x00000000b3600000|100%| O|  |TAMS 0x00000000b3600000, 0x00000000b3500000| Untracked 
| 310|0x00000000b3600000, 0x00000000b3700000, 0x00000000b3700000|100%| O|  |TAMS 0x00000000b3700000, 0x00000000b3600000| Untracked 
| 311|0x00000000b3700000, 0x00000000b3800000, 0x00000000b3800000|100%| O|  |TAMS 0x00000000b3800000, 0x00000000b3700000| Untracked 
| 312|0x00000000b3800000, 0x00000000b3900000, 0x00000000b3900000|100%| O|  |TAMS 0x00000000b3900000, 0x00000000b3800000| Untracked 
| 313|0x00000000b3900000, 0x00000000b3a00000, 0x00000000b3a00000|100%| O|  |TAMS 0x00000000b3a00000, 0x00000000b3900000| Untracked 
| 314|0x00000000b3a00000, 0x00000000b3b00000, 0x00000000b3b00000|100%| O|  |TAMS 0x00000000b3b00000, 0x00000000b3a00000| Untracked 
| 315|0x00000000b3b00000, 0x00000000b3c00000, 0x00000000b3c00000|100%|HS|  |TAMS 0x00000000b3c00000, 0x00000000b3b00000| Complete 
| 316|0x00000000b3c00000, 0x00000000b3d00000, 0x00000000b3d00000|100%|HS|  |TAMS 0x00000000b3d00000, 0x00000000b3c00000| Complete 
| 317|0x00000000b3d00000, 0x00000000b3e00000, 0x00000000b3e00000|100%| O|  |TAMS 0x00000000b3e00000, 0x00000000b3d00000| Untracked 
| 318|0x00000000b3e00000, 0x00000000b3f00000, 0x00000000b3f00000|100%| O|  |TAMS 0x00000000b3f00000, 0x00000000b3e00000| Untracked 
| 319|0x00000000b3f00000, 0x00000000b4000000, 0x00000000b4000000|100%| O|  |TAMS 0x00000000b4000000, 0x00000000b3f00000| Untracked 
| 320|0x00000000b4000000, 0x00000000b4100000, 0x00000000b4100000|100%| O|  |TAMS 0x00000000b4100000, 0x00000000b4000000| Untracked 
| 321|0x00000000b4100000, 0x00000000b4200000, 0x00000000b4200000|100%| O|  |TAMS 0x00000000b4200000, 0x00000000b4100000| Untracked 
| 322|0x00000000b4200000, 0x00000000b4300000, 0x00000000b4300000|100%| O|  |TAMS 0x00000000b4300000, 0x00000000b4200000| Untracked 
| 323|0x00000000b4300000, 0x00000000b4400000, 0x00000000b4400000|100%| O|  |TAMS 0x00000000b4400000, 0x00000000b4300000| Untracked 
| 324|0x00000000b4400000, 0x00000000b4500000, 0x00000000b4500000|100%| O|  |TAMS 0x00000000b4500000, 0x00000000b4400000| Untracked 
| 325|0x00000000b4500000, 0x00000000b4600000, 0x00000000b4600000|100%| O|  |TAMS 0x00000000b4600000, 0x00000000b4500000| Untracked 
| 326|0x00000000b4600000, 0x00000000b4700000, 0x00000000b4700000|100%| O|  |TAMS 0x00000000b4700000, 0x00000000b4600000| Untracked 
| 327|0x00000000b4700000, 0x00000000b4800000, 0x00000000b4800000|100%| O|  |TAMS 0x00000000b4800000, 0x00000000b4700000| Untracked 
| 328|0x00000000b4800000, 0x00000000b4900000, 0x00000000b4900000|100%| O|  |TAMS 0x00000000b4900000, 0x00000000b4800000| Untracked 
| 329|0x00000000b4900000, 0x00000000b4a00000, 0x00000000b4a00000|100%| O|  |TAMS 0x00000000b4a00000, 0x00000000b4900000| Untracked 
| 330|0x00000000b4a00000, 0x00000000b4b00000, 0x00000000b4b00000|100%| O|  |TAMS 0x00000000b4b00000, 0x00000000b4a00000| Untracked 
| 331|0x00000000b4b00000, 0x00000000b4c00000, 0x00000000b4c00000|100%| O|  |TAMS 0x00000000b4c00000, 0x00000000b4b00000| Untracked 
| 332|0x00000000b4c00000, 0x00000000b4d00000, 0x00000000b4d00000|100%| O|  |TAMS 0x00000000b4d00000, 0x00000000b4c00000| Untracked 
| 333|0x00000000b4d00000, 0x00000000b4e00000, 0x00000000b4e00000|100%| O|  |TAMS 0x00000000b4e00000, 0x00000000b4d00000| Untracked 
| 334|0x00000000b4e00000, 0x00000000b4f00000, 0x00000000b4f00000|100%| O|  |TAMS 0x00000000b4f00000, 0x00000000b4e00000| Untracked 
| 335|0x00000000b4f00000, 0x00000000b5000000, 0x00000000b5000000|100%| O|  |TAMS 0x00000000b5000000, 0x00000000b4f00000| Untracked 
| 336|0x00000000b5000000, 0x00000000b5100000, 0x00000000b5100000|100%| O|  |TAMS 0x00000000b5100000, 0x00000000b5000000| Untracked 
| 337|0x00000000b5100000, 0x00000000b5200000, 0x00000000b5200000|100%| O|  |TAMS 0x00000000b5200000, 0x00000000b5100000| Untracked 
| 338|0x00000000b5200000, 0x00000000b5300000, 0x00000000b5300000|100%| O|  |TAMS 0x00000000b5300000, 0x00000000b5200000| Untracked 
| 339|0x00000000b5300000, 0x00000000b5400000, 0x00000000b5400000|100%| O|  |TAMS 0x00000000b5400000, 0x00000000b5300000| Untracked 
| 340|0x00000000b5400000, 0x00000000b5500000, 0x00000000b5500000|100%| O|  |TAMS 0x00000000b5500000, 0x00000000b5400000| Untracked 
| 341|0x00000000b5500000, 0x00000000b5600000, 0x00000000b5600000|100%| O|  |TAMS 0x00000000b5600000, 0x00000000b5500000| Untracked 
| 342|0x00000000b5600000, 0x00000000b5700000, 0x00000000b5700000|100%| O|  |TAMS 0x00000000b5700000, 0x00000000b5600000| Untracked 
| 343|0x00000000b5700000, 0x00000000b5800000, 0x00000000b5800000|100%| O|  |TAMS 0x00000000b5800000, 0x00000000b5700000| Untracked 
| 344|0x00000000b5800000, 0x00000000b5900000, 0x00000000b5900000|100%| O|  |TAMS 0x00000000b5900000, 0x00000000b5800000| Untracked 
| 345|0x00000000b5900000, 0x00000000b5a00000, 0x00000000b5a00000|100%|HS|  |TAMS 0x00000000b5a00000, 0x00000000b5900000| Complete 
| 346|0x00000000b5a00000, 0x00000000b5b00000, 0x00000000b5b00000|100%|HS|  |TAMS 0x00000000b5b00000, 0x00000000b5a00000| Complete 
| 347|0x00000000b5b00000, 0x00000000b5c00000, 0x00000000b5c00000|100%| O|  |TAMS 0x00000000b5c00000, 0x00000000b5b00000| Untracked 
| 348|0x00000000b5c00000, 0x00000000b5d00000, 0x00000000b5d00000|100%| O|  |TAMS 0x00000000b5d00000, 0x00000000b5c00000| Untracked 
| 349|0x00000000b5d00000, 0x00000000b5e00000, 0x00000000b5e00000|100%| O|  |TAMS 0x00000000b5e00000, 0x00000000b5d00000| Untracked 
| 350|0x00000000b5e00000, 0x00000000b5f00000, 0x00000000b5f00000|100%| O|  |TAMS 0x00000000b5f00000, 0x00000000b5e00000| Untracked 
| 351|0x00000000b5f00000, 0x00000000b6000000, 0x00000000b6000000|100%| O|  |TAMS 0x00000000b6000000, 0x00000000b5f00000| Untracked 
| 352|0x00000000b6000000, 0x00000000b6100000, 0x00000000b6100000|100%| O|  |TAMS 0x00000000b6100000, 0x00000000b6000000| Untracked 
| 353|0x00000000b6100000, 0x00000000b6200000, 0x00000000b6200000|100%| O|  |TAMS 0x00000000b6200000, 0x00000000b6100000| Untracked 
| 354|0x00000000b6200000, 0x00000000b6300000, 0x00000000b6300000|100%| O|  |TAMS 0x00000000b6300000, 0x00000000b6200000| Untracked 
| 355|0x00000000b6300000, 0x00000000b6400000, 0x00000000b6400000|100%| O|  |TAMS 0x00000000b6400000, 0x00000000b6300000| Untracked 
| 356|0x00000000b6400000, 0x00000000b6500000, 0x00000000b6500000|100%| O|  |TAMS 0x00000000b6500000, 0x00000000b6400000| Untracked 
| 357|0x00000000b6500000, 0x00000000b6600000, 0x00000000b6600000|100%| O|  |TAMS 0x00000000b6600000, 0x00000000b6500000| Untracked 
| 358|0x00000000b6600000, 0x00000000b6700000, 0x00000000b6700000|100%| O|  |TAMS 0x00000000b6700000, 0x00000000b6600000| Untracked 
| 359|0x00000000b6700000, 0x00000000b6800000, 0x00000000b6800000|100%| O|  |TAMS 0x00000000b6800000, 0x00000000b6700000| Untracked 
| 360|0x00000000b6800000, 0x00000000b6900000, 0x00000000b6900000|100%| O|  |TAMS 0x00000000b6900000, 0x00000000b6800000| Untracked 
| 361|0x00000000b6900000, 0x00000000b6a00000, 0x00000000b6a00000|100%|HS|  |TAMS 0x00000000b6a00000, 0x00000000b6900000| Complete 
| 362|0x00000000b6a00000, 0x00000000b6b00000, 0x00000000b6b00000|100%|HS|  |TAMS 0x00000000b6b00000, 0x00000000b6a00000| Complete 
| 363|0x00000000b6b00000, 0x00000000b6c00000, 0x00000000b6c00000|100%|HS|  |TAMS 0x00000000b6c00000, 0x00000000b6b00000| Complete 
| 364|0x00000000b6c00000, 0x00000000b6d00000, 0x00000000b6d00000|100%| O|  |TAMS 0x00000000b6d00000, 0x00000000b6c00000| Untracked 
| 365|0x00000000b6d00000, 0x00000000b6e00000, 0x00000000b6e00000|100%| O|  |TAMS 0x00000000b6e00000, 0x00000000b6d00000| Untracked 
| 366|0x00000000b6e00000, 0x00000000b6f00000, 0x00000000b6f00000|100%| O|  |TAMS 0x00000000b6f00000, 0x00000000b6e00000| Untracked 
| 367|0x00000000b6f00000, 0x00000000b7000000, 0x00000000b7000000|100%| O|  |TAMS 0x00000000b7000000, 0x00000000b6f00000| Untracked 
| 368|0x00000000b7000000, 0x00000000b7100000, 0x00000000b7100000|100%| O|  |TAMS 0x00000000b7100000, 0x00000000b7000000| Untracked 
| 369|0x00000000b7100000, 0x00000000b7200000, 0x00000000b7200000|100%| O|  |TAMS 0x00000000b7200000, 0x00000000b7100000| Untracked 
| 370|0x00000000b7200000, 0x00000000b7300000, 0x00000000b7300000|100%| O|  |TAMS 0x00000000b7300000, 0x00000000b7200000| Untracked 
| 371|0x00000000b7300000, 0x00000000b7400000, 0x00000000b7400000|100%| O|  |TAMS 0x00000000b7400000, 0x00000000b7300000| Untracked 
| 372|0x00000000b7400000, 0x00000000b7500000, 0x00000000b7500000|100%| O|  |TAMS 0x00000000b7500000, 0x00000000b7400000| Untracked 
| 373|0x00000000b7500000, 0x00000000b7600000, 0x00000000b7600000|100%| O|  |TAMS 0x00000000b7500000, 0x00000000b7500000| Untracked 
| 374|0x00000000b7600000, 0x00000000b7700000, 0x00000000b7700000|100%| O|  |TAMS 0x00000000b7700000, 0x00000000b7600000| Untracked 
| 375|0x00000000b7700000, 0x00000000b7800000, 0x00000000b7800000|100%| O|  |TAMS 0x00000000b7800000, 0x00000000b7700000| Untracked 
| 376|0x00000000b7800000, 0x00000000b7900000, 0x00000000b7900000|100%| O|  |TAMS 0x00000000b7800000, 0x00000000b7800000| Untracked 
| 377|0x00000000b7900000, 0x00000000b7a00000, 0x00000000b7a00000|100%| O|  |TAMS 0x00000000b7900000, 0x00000000b7900000| Untracked 
| 378|0x00000000b7a00000, 0x00000000b7b00000, 0x00000000b7b00000|100%| O|  |TAMS 0x00000000b7a00000, 0x00000000b7a00000| Untracked 
| 379|0x00000000b7b00000, 0x00000000b7c00000, 0x00000000b7c00000|100%| O|  |TAMS 0x00000000b7c00000, 0x00000000b7b00000| Untracked 
| 380|0x00000000b7c00000, 0x00000000b7d00000, 0x00000000b7d00000|100%| O|  |TAMS 0x00000000b7d00000, 0x00000000b7c00000| Untracked 
| 381|0x00000000b7d00000, 0x00000000b7e00000, 0x00000000b7e00000|100%| O|  |TAMS 0x00000000b7e00000, 0x00000000b7d00000| Untracked 
| 382|0x00000000b7e00000, 0x00000000b7f00000, 0x00000000b7f00000|100%| O|  |TAMS 0x00000000b7e00000, 0x00000000b7e00000| Untracked 
| 383|0x00000000b7f00000, 0x00000000b8000000, 0x00000000b8000000|100%| O|  |TAMS 0x00000000b8000000, 0x00000000b7f00000| Untracked 
| 384|0x00000000b8000000, 0x00000000b8100000, 0x00000000b8100000|100%|HS|  |TAMS 0x00000000b8100000, 0x00000000b8000000| Complete 
| 385|0x00000000b8100000, 0x00000000b8200000, 0x00000000b8200000|100%|HS|  |TAMS 0x00000000b8200000, 0x00000000b8100000| Complete 
| 386|0x00000000b8200000, 0x00000000b8300000, 0x00000000b8300000|100%| O|  |TAMS 0x00000000b8300000, 0x00000000b8200000| Untracked 
| 387|0x00000000b8300000, 0x00000000b8400000, 0x00000000b8400000|100%| O|  |TAMS 0x00000000b8400000, 0x00000000b8300000| Untracked 
| 388|0x00000000b8400000, 0x00000000b8500000, 0x00000000b8500000|100%| O|  |TAMS 0x00000000b8500000, 0x00000000b8400000| Untracked 
| 389|0x00000000b8500000, 0x00000000b8600000, 0x00000000b8600000|100%| O|  |TAMS 0x00000000b8600000, 0x00000000b8500000| Untracked 
| 390|0x00000000b8600000, 0x00000000b8700000, 0x00000000b8700000|100%| O|  |TAMS 0x00000000b8700000, 0x00000000b8600000| Untracked 
| 391|0x00000000b8700000, 0x00000000b8800000, 0x00000000b8800000|100%| O|  |TAMS 0x00000000b8800000, 0x00000000b8700000| Untracked 
| 392|0x00000000b8800000, 0x00000000b8900000, 0x00000000b8900000|100%| O|  |TAMS 0x00000000b8900000, 0x00000000b8800000| Untracked 
| 393|0x00000000b8900000, 0x00000000b8a00000, 0x00000000b8a00000|100%| O|  |TAMS 0x00000000b8a00000, 0x00000000b8900000| Untracked 
| 394|0x00000000b8a00000, 0x00000000b8b00000, 0x00000000b8b00000|100%| O|  |TAMS 0x00000000b8b00000, 0x00000000b8a00000| Untracked 
| 395|0x00000000b8b00000, 0x00000000b8c00000, 0x00000000b8c00000|100%| O|  |TAMS 0x00000000b8c00000, 0x00000000b8b00000| Untracked 
| 396|0x00000000b8c00000, 0x00000000b8d00000, 0x00000000b8d00000|100%| O|  |TAMS 0x00000000b8d00000, 0x00000000b8c00000| Untracked 
| 397|0x00000000b8d00000, 0x00000000b8e00000, 0x00000000b8e00000|100%| O|  |TAMS 0x00000000b8e00000, 0x00000000b8d00000| Untracked 
| 398|0x00000000b8e00000, 0x00000000b8f00000, 0x00000000b8f00000|100%| O|  |TAMS 0x00000000b8f00000, 0x00000000b8e00000| Untracked 
| 399|0x00000000b8f00000, 0x00000000b9000000, 0x00000000b9000000|100%| O|  |TAMS 0x00000000b9000000, 0x00000000b8f00000| Untracked 
| 400|0x00000000b9000000, 0x00000000b9100000, 0x00000000b9100000|100%| O|  |TAMS 0x00000000b9100000, 0x00000000b9000000| Untracked 
| 401|0x00000000b9100000, 0x00000000b9200000, 0x00000000b9200000|100%| O|  |TAMS 0x00000000b9200000, 0x00000000b9100000| Untracked 
| 402|0x00000000b9200000, 0x00000000b9300000, 0x00000000b9300000|100%| O|  |TAMS 0x00000000b9300000, 0x00000000b9200000| Untracked 
| 403|0x00000000b9300000, 0x00000000b9400000, 0x00000000b9400000|100%| O|  |TAMS 0x00000000b9400000, 0x00000000b9300000| Untracked 
| 404|0x00000000b9400000, 0x00000000b9500000, 0x00000000b9500000|100%| O|  |TAMS 0x00000000b9500000, 0x00000000b9400000| Untracked 
| 405|0x00000000b9500000, 0x00000000b9600000, 0x00000000b9600000|100%| O|  |TAMS 0x00000000b9600000, 0x00000000b9500000| Untracked 
| 406|0x00000000b9600000, 0x00000000b9700000, 0x00000000b9700000|100%| O|  |TAMS 0x00000000b9700000, 0x00000000b9600000| Untracked 
| 407|0x00000000b9700000, 0x00000000b9800000, 0x00000000b9800000|100%| O|  |TAMS 0x00000000b9800000, 0x00000000b9700000| Untracked 
| 408|0x00000000b9800000, 0x00000000b9900000, 0x00000000b9900000|100%| O|  |TAMS 0x00000000b9900000, 0x00000000b9800000| Untracked 
| 409|0x00000000b9900000, 0x00000000b9a00000, 0x00000000b9a00000|100%| O|  |TAMS 0x00000000b9a00000, 0x00000000b9900000| Untracked 
| 410|0x00000000b9a00000, 0x00000000b9b00000, 0x00000000b9b00000|100%| O|  |TAMS 0x00000000b9b00000, 0x00000000b9a00000| Untracked 
| 411|0x00000000b9b00000, 0x00000000b9c00000, 0x00000000b9c00000|100%| O|  |TAMS 0x00000000b9c00000, 0x00000000b9b00000| Untracked 
| 412|0x00000000b9c00000, 0x00000000b9d00000, 0x00000000b9d00000|100%| O|  |TAMS 0x00000000b9d00000, 0x00000000b9c00000| Untracked 
| 413|0x00000000b9d00000, 0x00000000b9e00000, 0x00000000b9e00000|100%| O|  |TAMS 0x00000000b9e00000, 0x00000000b9d00000| Untracked 
| 414|0x00000000b9e00000, 0x00000000b9f00000, 0x00000000b9f00000|100%| O|  |TAMS 0x00000000b9f00000, 0x00000000b9e00000| Untracked 
| 415|0x00000000b9f00000, 0x00000000ba000000, 0x00000000ba000000|100%| O|  |TAMS 0x00000000ba000000, 0x00000000b9f00000| Untracked 
| 416|0x00000000ba000000, 0x00000000ba100000, 0x00000000ba100000|100%| O|  |TAMS 0x00000000ba100000, 0x00000000ba000000| Untracked 
| 417|0x00000000ba100000, 0x00000000ba200000, 0x00000000ba200000|100%| O|  |TAMS 0x00000000ba200000, 0x00000000ba100000| Untracked 
| 418|0x00000000ba200000, 0x00000000ba300000, 0x00000000ba300000|100%| O|  |TAMS 0x00000000ba300000, 0x00000000ba200000| Untracked 
| 419|0x00000000ba300000, 0x00000000ba400000, 0x00000000ba400000|100%| O|  |TAMS 0x00000000ba400000, 0x00000000ba300000| Untracked 
| 420|0x00000000ba400000, 0x00000000ba500000, 0x00000000ba500000|100%| O|  |TAMS 0x00000000ba500000, 0x00000000ba400000| Untracked 
| 421|0x00000000ba500000, 0x00000000ba600000, 0x00000000ba600000|100%| O|  |TAMS 0x00000000ba600000, 0x00000000ba500000| Untracked 
| 422|0x00000000ba600000, 0x00000000ba700000, 0x00000000ba700000|100%| O|  |TAMS 0x00000000ba700000, 0x00000000ba600000| Untracked 
| 423|0x00000000ba700000, 0x00000000ba800000, 0x00000000ba800000|100%| O|  |TAMS 0x00000000ba800000, 0x00000000ba700000| Untracked 
| 424|0x00000000ba800000, 0x00000000ba900000, 0x00000000ba900000|100%| O|  |TAMS 0x00000000ba900000, 0x00000000ba800000| Untracked 
| 425|0x00000000ba900000, 0x00000000baa00000, 0x00000000baa00000|100%| O|  |TAMS 0x00000000ba900000, 0x00000000ba900000| Untracked 
| 426|0x00000000baa00000, 0x00000000bab00000, 0x00000000bab00000|100%| O|  |TAMS 0x00000000baa00000, 0x00000000baa00000| Untracked 
| 427|0x00000000bab00000, 0x00000000bac00000, 0x00000000bac00000|100%| O|  |TAMS 0x00000000bac00000, 0x00000000bab00000| Untracked 
| 428|0x00000000bac00000, 0x00000000bad00000, 0x00000000bad00000|100%| O|  |TAMS 0x00000000bad00000, 0x00000000bac00000| Untracked 
| 429|0x00000000bad00000, 0x00000000bae00000, 0x00000000bae00000|100%| O|  |TAMS 0x00000000bae00000, 0x00000000bad00000| Untracked 
| 430|0x00000000bae00000, 0x00000000baf00000, 0x00000000baf00000|100%| O|  |TAMS 0x00000000baf00000, 0x00000000bae00000| Untracked 
| 431|0x00000000baf00000, 0x00000000bb000000, 0x00000000bb000000|100%| O|  |TAMS 0x00000000bb000000, 0x00000000baf00000| Untracked 
| 432|0x00000000bb000000, 0x00000000bb100000, 0x00000000bb100000|100%| O|  |TAMS 0x00000000bb100000, 0x00000000bb000000| Untracked 
| 433|0x00000000bb100000, 0x00000000bb200000, 0x00000000bb200000|100%| O|  |TAMS 0x00000000bb100000, 0x00000000bb100000| Untracked 
| 434|0x00000000bb200000, 0x00000000bb300000, 0x00000000bb300000|100%| O|  |TAMS 0x00000000bb300000, 0x00000000bb200000| Untracked 
| 435|0x00000000bb300000, 0x00000000bb400000, 0x00000000bb400000|100%| O|  |TAMS 0x00000000bb400000, 0x00000000bb300000| Untracked 
| 436|0x00000000bb400000, 0x00000000bb500000, 0x00000000bb500000|100%| O|  |TAMS 0x00000000bb400000, 0x00000000bb400000| Untracked 
| 437|0x00000000bb500000, 0x00000000bb600000, 0x00000000bb600000|100%| O|  |TAMS 0x00000000bb600000, 0x00000000bb500000| Untracked 
| 438|0x00000000bb600000, 0x00000000bb700000, 0x00000000bb700000|100%| O|  |TAMS 0x00000000bb600000, 0x00000000bb600000| Untracked 
| 439|0x00000000bb700000, 0x00000000bb800000, 0x00000000bb800000|100%| O|  |TAMS 0x00000000bb800000, 0x00000000bb700000| Untracked 
| 440|0x00000000bb800000, 0x00000000bb900000, 0x00000000bb900000|100%| O|  |TAMS 0x00000000bb900000, 0x00000000bb800000| Untracked 
| 441|0x00000000bb900000, 0x00000000bba00000, 0x00000000bba00000|100%| O|  |TAMS 0x00000000bb900000, 0x00000000bb900000| Untracked 
| 442|0x00000000bba00000, 0x00000000bbb00000, 0x00000000bbb00000|100%| O|  |TAMS 0x00000000bba00000, 0x00000000bba00000| Untracked 
| 443|0x00000000bbb00000, 0x00000000bbc00000, 0x00000000bbc00000|100%| O|  |TAMS 0x00000000bbb00000, 0x00000000bbb00000| Untracked 
| 444|0x00000000bbc00000, 0x00000000bbd00000, 0x00000000bbd00000|100%| O|  |TAMS 0x00000000bbd00000, 0x00000000bbc00000| Untracked 
| 445|0x00000000bbd00000, 0x00000000bbe00000, 0x00000000bbe00000|100%| O|  |TAMS 0x00000000bbe00000, 0x00000000bbd00000| Untracked 
| 446|0x00000000bbe00000, 0x00000000bbf00000, 0x00000000bbf00000|100%| O|  |TAMS 0x00000000bbf00000, 0x00000000bbe00000| Untracked 
| 447|0x00000000bbf00000, 0x00000000bc000000, 0x00000000bc000000|100%| O|  |TAMS 0x00000000bc000000, 0x00000000bbf00000| Untracked 
| 448|0x00000000bc000000, 0x00000000bc100000, 0x00000000bc100000|100%| O|  |TAMS 0x00000000bc100000, 0x00000000bc000000| Untracked 
| 449|0x00000000bc100000, 0x00000000bc200000, 0x00000000bc200000|100%| O|  |TAMS 0x00000000bc200000, 0x00000000bc100000| Untracked 
| 450|0x00000000bc200000, 0x00000000bc300000, 0x00000000bc300000|100%| O|  |TAMS 0x00000000bc300000, 0x00000000bc200000| Untracked 
| 451|0x00000000bc300000, 0x00000000bc400000, 0x00000000bc400000|100%| O|  |TAMS 0x00000000bc400000, 0x00000000bc300000| Untracked 
| 452|0x00000000bc400000, 0x00000000bc500000, 0x00000000bc500000|100%| O|  |TAMS 0x00000000bc500000, 0x00000000bc400000| Untracked 
| 453|0x00000000bc500000, 0x00000000bc600000, 0x00000000bc600000|100%| O|  |TAMS 0x00000000bc600000, 0x00000000bc500000| Untracked 
| 454|0x00000000bc600000, 0x00000000bc700000, 0x00000000bc700000|100%| O|  |TAMS 0x00000000bc700000, 0x00000000bc600000| Untracked 
| 455|0x00000000bc700000, 0x00000000bc800000, 0x00000000bc800000|100%| O|  |TAMS 0x00000000bc700000, 0x00000000bc700000| Untracked 
| 456|0x00000000bc800000, 0x00000000bc900000, 0x00000000bc900000|100%| O|  |TAMS 0x00000000bc900000, 0x00000000bc800000| Untracked 
| 457|0x00000000bc900000, 0x00000000bca00000, 0x00000000bca00000|100%| O|  |TAMS 0x00000000bc900000, 0x00000000bc900000| Untracked 
| 458|0x00000000bca00000, 0x00000000bcb00000, 0x00000000bcb00000|100%| O|  |TAMS 0x00000000bca00000, 0x00000000bca00000| Untracked 
| 459|0x00000000bcb00000, 0x00000000bcc00000, 0x00000000bcc00000|100%| O|  |TAMS 0x00000000bcb00000, 0x00000000bcb00000| Untracked 
| 460|0x00000000bcc00000, 0x00000000bcd00000, 0x00000000bcd00000|100%| O|  |TAMS 0x00000000bcc00000, 0x00000000bcc00000| Untracked 
| 461|0x00000000bcd00000, 0x00000000bce00000, 0x00000000bce00000|100%| O|  |TAMS 0x00000000bcd00000, 0x00000000bcd00000| Untracked 
| 462|0x00000000bce00000, 0x00000000bcf00000, 0x00000000bcf00000|100%| O|  |TAMS 0x00000000bce00000, 0x00000000bce00000| Untracked 
| 463|0x00000000bcf00000, 0x00000000bd000000, 0x00000000bd000000|100%| O|  |TAMS 0x00000000bcf00000, 0x00000000bcf00000| Untracked 
| 464|0x00000000bd000000, 0x00000000bd100000, 0x00000000bd100000|100%| O|  |TAMS 0x00000000bd000000, 0x00000000bd000000| Untracked 
| 465|0x00000000bd100000, 0x00000000bd200000, 0x00000000bd200000|100%| O|  |TAMS 0x00000000bd100000, 0x00000000bd100000| Untracked 
| 466|0x00000000bd200000, 0x00000000bd300000, 0x00000000bd300000|100%| O|  |TAMS 0x00000000bd200000, 0x00000000bd200000| Untracked 
| 467|0x00000000bd300000, 0x00000000bd400000, 0x00000000bd400000|100%| O|  |TAMS 0x00000000bd300000, 0x00000000bd300000| Untracked 
| 468|0x00000000bd400000, 0x00000000bd500000, 0x00000000bd500000|100%| O|  |TAMS 0x00000000bd400000, 0x00000000bd400000| Untracked 
| 469|0x00000000bd500000, 0x00000000bd600000, 0x00000000bd600000|100%| O|  |TAMS 0x00000000bd500000, 0x00000000bd500000| Untracked 
| 470|0x00000000bd600000, 0x00000000bd700000, 0x00000000bd700000|100%| O|  |TAMS 0x00000000bd600000, 0x00000000bd600000| Untracked 
| 471|0x00000000bd700000, 0x00000000bd800000, 0x00000000bd800000|100%| O|  |TAMS 0x00000000bd800000, 0x00000000bd700000| Untracked 
| 472|0x00000000bd800000, 0x00000000bd900000, 0x00000000bd900000|100%| O|  |TAMS 0x00000000bd900000, 0x00000000bd800000| Untracked 
| 473|0x00000000bd900000, 0x00000000bda00000, 0x00000000bda00000|100%| O|  |TAMS 0x00000000bda00000, 0x00000000bd900000| Untracked 
| 474|0x00000000bda00000, 0x00000000bdb00000, 0x00000000bdb00000|100%| O|  |TAMS 0x00000000bda00000, 0x00000000bda00000| Untracked 
| 475|0x00000000bdb00000, 0x00000000bdc00000, 0x00000000bdc00000|100%| O|  |TAMS 0x00000000bdb00000, 0x00000000bdb00000| Untracked 
| 476|0x00000000bdc00000, 0x00000000bdd00000, 0x00000000bdd00000|100%| O|  |TAMS 0x00000000bdc00000, 0x00000000bdc00000| Untracked 
| 477|0x00000000bdd00000, 0x00000000bde00000, 0x00000000bde00000|100%| O|  |TAMS 0x00000000bdd00000, 0x00000000bdd00000| Untracked 
| 478|0x00000000bde00000, 0x00000000bde99800, 0x00000000bdf00000| 59%| O|  |TAMS 0x00000000bde00000, 0x00000000bde00000| Untracked 
| 479|0x00000000bdf00000, 0x00000000bdf00000, 0x00000000be000000|  0%| F|  |TAMS 0x00000000bdf00000, 0x00000000bdf00000| Untracked 
| 480|0x00000000be000000, 0x00000000be000000, 0x00000000be100000|  0%| F|  |TAMS 0x00000000be000000, 0x00000000be000000| Untracked 
| 481|0x00000000be100000, 0x00000000be100000, 0x00000000be200000|  0%| F|  |TAMS 0x00000000be100000, 0x00000000be100000| Untracked 
| 482|0x00000000be200000, 0x00000000be300000, 0x00000000be300000|100%| O|  |TAMS 0x00000000be200000, 0x00000000be200000| Untracked 
| 483|0x00000000be300000, 0x00000000be400000, 0x00000000be400000|100%| O|  |TAMS 0x00000000be300000, 0x00000000be300000| Untracked 
| 484|0x00000000be400000, 0x00000000be500000, 0x00000000be500000|100%| O|  |TAMS 0x00000000be400000, 0x00000000be400000| Untracked 
| 485|0x00000000be500000, 0x00000000be600000, 0x00000000be600000|100%| O|  |TAMS 0x00000000be500000, 0x00000000be500000| Untracked 
| 486|0x00000000be600000, 0x00000000be600000, 0x00000000be700000|  0%| F|  |TAMS 0x00000000be600000, 0x00000000be600000| Untracked 
| 487|0x00000000be700000, 0x00000000be700000, 0x00000000be800000|  0%| F|  |TAMS 0x00000000be700000, 0x00000000be700000| Untracked 
| 488|0x00000000be800000, 0x00000000be900000, 0x00000000be900000|100%| O|  |TAMS 0x00000000be800000, 0x00000000be800000| Untracked 
| 489|0x00000000be900000, 0x00000000bea00000, 0x00000000bea00000|100%| O|  |TAMS 0x00000000be900000, 0x00000000be900000| Untracked 
| 490|0x00000000bea00000, 0x00000000beb00000, 0x00000000beb00000|100%| O|  |TAMS 0x00000000bea00000, 0x00000000bea00000| Untracked 
| 491|0x00000000beb00000, 0x00000000bec00000, 0x00000000bec00000|100%| O|  |TAMS 0x00000000beb00000, 0x00000000beb00000| Untracked 
| 492|0x00000000bec00000, 0x00000000bec00000, 0x00000000bed00000|  0%| F|  |TAMS 0x00000000bec00000, 0x00000000bec00000| Untracked 
| 493|0x00000000bed00000, 0x00000000bed00000, 0x00000000bee00000|  0%| F|  |TAMS 0x00000000bed00000, 0x00000000bed00000| Untracked 
| 494|0x00000000bee00000, 0x00000000bef00000, 0x00000000bef00000|100%| O|  |TAMS 0x00000000bee00000, 0x00000000bee00000| Untracked 
| 495|0x00000000bef00000, 0x00000000bf000000, 0x00000000bf000000|100%| O|  |TAMS 0x00000000bef00000, 0x00000000bef00000| Untracked 
| 496|0x00000000bf000000, 0x00000000bf000000, 0x00000000bf100000|  0%| F|  |TAMS 0x00000000bf000000, 0x00000000bf000000| Untracked 
| 497|0x00000000bf100000, 0x00000000bf100000, 0x00000000bf200000|  0%| F|  |TAMS 0x00000000bf100000, 0x00000000bf100000| Untracked 
| 498|0x00000000bf200000, 0x00000000bf200000, 0x00000000bf300000|  0%| F|  |TAMS 0x00000000bf200000, 0x00000000bf200000| Untracked 
| 499|0x00000000bf300000, 0x00000000bf300000, 0x00000000bf400000|  0%| F|  |TAMS 0x00000000bf300000, 0x00000000bf300000| Untracked 
| 500|0x00000000bf400000, 0x00000000bf500000, 0x00000000bf500000|100%|HS|  |TAMS 0x00000000bf400000, 0x00000000bf400000| Complete 
| 501|0x00000000bf500000, 0x00000000bf600000, 0x00000000bf600000|100%|HC|  |TAMS 0x00000000bf500000, 0x00000000bf500000| Complete 
| 502|0x00000000bf600000, 0x00000000bf700000, 0x00000000bf700000|100%| O|  |TAMS 0x00000000bf700000, 0x00000000bf600000| Untracked 
| 503|0x00000000bf700000, 0x00000000bf700000, 0x00000000bf800000|  0%| F|  |TAMS 0x00000000bf700000, 0x00000000bf700000| Untracked 
| 504|0x00000000bf800000, 0x00000000bf800000, 0x00000000bf900000|  0%| F|  |TAMS 0x00000000bf800000, 0x00000000bf800000| Untracked 
| 505|0x00000000bf900000, 0x00000000bfa00000, 0x00000000bfa00000|100%| O|  |TAMS 0x00000000bf900000, 0x00000000bf900000| Untracked 
| 506|0x00000000bfa00000, 0x00000000bfb00000, 0x00000000bfb00000|100%| O|  |TAMS 0x00000000bfa00000, 0x00000000bfa00000| Untracked 
| 507|0x00000000bfb00000, 0x00000000bfb00000, 0x00000000bfc00000|  0%| F|  |TAMS 0x00000000bfb00000, 0x00000000bfb00000| Untracked 
| 508|0x00000000bfc00000, 0x00000000bfc00000, 0x00000000bfd00000|  0%| F|  |TAMS 0x00000000bfc00000, 0x00000000bfc00000| Untracked 
| 509|0x00000000bfd00000, 0x00000000bfe00000, 0x00000000bfe00000|100%| O|  |TAMS 0x00000000bfd00000, 0x00000000bfd00000| Untracked 
| 510|0x00000000bfe00000, 0x00000000bff00000, 0x00000000bff00000|100%| O|  |TAMS 0x00000000bfe00000, 0x00000000bfe00000| Untracked 
| 511|0x00000000bff00000, 0x00000000c0000000, 0x00000000c0000000|100%| O|  |TAMS 0x00000000c0000000, 0x00000000bff00000| Untracked 
| 512|0x00000000c0000000, 0x00000000c0100000, 0x00000000c0100000|100%| O|  |TAMS 0x00000000c0100000, 0x00000000c0000000| Untracked 
| 513|0x00000000c0100000, 0x00000000c0200000, 0x00000000c0200000|100%| O|  |TAMS 0x00000000c0200000, 0x00000000c0100000| Untracked 
| 514|0x00000000c0200000, 0x00000000c0300000, 0x00000000c0300000|100%| O|  |TAMS 0x00000000c0300000, 0x00000000c0200000| Untracked 
| 515|0x00000000c0300000, 0x00000000c0300000, 0x00000000c0400000|  0%| F|  |TAMS 0x00000000c0300000, 0x00000000c0300000| Untracked 
| 516|0x00000000c0400000, 0x00000000c0500000, 0x00000000c0500000|100%| O|  |TAMS 0x00000000c0500000, 0x00000000c0400000| Untracked 
| 517|0x00000000c0500000, 0x00000000c0600000, 0x00000000c0600000|100%| O|  |TAMS 0x00000000c0600000, 0x00000000c0500000| Untracked 
| 518|0x00000000c0600000, 0x00000000c0700000, 0x00000000c0700000|100%| O|  |TAMS 0x00000000c0700000, 0x00000000c0600000| Untracked 
| 519|0x00000000c0700000, 0x00000000c0800000, 0x00000000c0800000|100%| O|  |TAMS 0x00000000c0800000, 0x00000000c0700000| Untracked 
| 520|0x00000000c0800000, 0x00000000c0800000, 0x00000000c0900000|  0%| F|  |TAMS 0x00000000c0800000, 0x00000000c0800000| Untracked 
| 521|0x00000000c0900000, 0x00000000c0900000, 0x00000000c0a00000|  0%| F|  |TAMS 0x00000000c0900000, 0x00000000c0900000| Untracked 
| 522|0x00000000c0a00000, 0x00000000c0a00000, 0x00000000c0b00000|  0%| F|  |TAMS 0x00000000c0a00000, 0x00000000c0a00000| Untracked 
| 523|0x00000000c0b00000, 0x00000000c0b00000, 0x00000000c0c00000|  0%| F|  |TAMS 0x00000000c0b00000, 0x00000000c0b00000| Untracked 
| 524|0x00000000c0c00000, 0x00000000c0c00000, 0x00000000c0d00000|  0%| F|  |TAMS 0x00000000c0c00000, 0x00000000c0c00000| Untracked 
| 525|0x00000000c0d00000, 0x00000000c0d00000, 0x00000000c0e00000|  0%| F|  |TAMS 0x00000000c0d00000, 0x00000000c0d00000| Untracked 
| 526|0x00000000c0e00000, 0x00000000c0e00000, 0x00000000c0f00000|  0%| F|  |TAMS 0x00000000c0e00000, 0x00000000c0e00000| Untracked 
| 527|0x00000000c0f00000, 0x00000000c0f00000, 0x00000000c1000000|  0%| F|  |TAMS 0x00000000c0f00000, 0x00000000c0f00000| Untracked 
| 528|0x00000000c1000000, 0x00000000c1000000, 0x00000000c1100000|  0%| F|  |TAMS 0x00000000c1000000, 0x00000000c1000000| Untracked 
| 529|0x00000000c1100000, 0x00000000c1200000, 0x00000000c1200000|100%| O|  |TAMS 0x00000000c1200000, 0x00000000c1100000| Untracked 
| 530|0x00000000c1200000, 0x00000000c1300000, 0x00000000c1300000|100%| O|  |TAMS 0x00000000c1300000, 0x00000000c1200000| Untracked 
| 531|0x00000000c1300000, 0x00000000c1400000, 0x00000000c1400000|100%| O|  |TAMS 0x00000000c1400000, 0x00000000c1300000| Untracked 
| 532|0x00000000c1400000, 0x00000000c1500000, 0x00000000c1500000|100%| O|  |TAMS 0x00000000c1500000, 0x00000000c1400000| Untracked 
| 533|0x00000000c1500000, 0x00000000c1600000, 0x00000000c1600000|100%| O|  |TAMS 0x00000000c1600000, 0x00000000c1500000| Untracked 
| 534|0x00000000c1600000, 0x00000000c1600000, 0x00000000c1700000|  0%| F|  |TAMS 0x00000000c1600000, 0x00000000c1600000| Untracked 
| 535|0x00000000c1700000, 0x00000000c1700000, 0x00000000c1800000|  0%| F|  |TAMS 0x00000000c1700000, 0x00000000c1700000| Untracked 
| 536|0x00000000c1800000, 0x00000000c1900000, 0x00000000c1900000|100%| O|  |TAMS 0x00000000c1900000, 0x00000000c1800000| Untracked 
| 537|0x00000000c1900000, 0x00000000c1900000, 0x00000000c1a00000|  0%| F|  |TAMS 0x00000000c1900000, 0x00000000c1900000| Untracked 
| 538|0x00000000c1a00000, 0x00000000c1b00000, 0x00000000c1b00000|100%| O|  |TAMS 0x00000000c1b00000, 0x00000000c1a00000| Untracked 
| 539|0x00000000c1b00000, 0x00000000c1c00000, 0x00000000c1c00000|100%| O|  |TAMS 0x00000000c1c00000, 0x00000000c1b00000| Untracked 
| 540|0x00000000c1c00000, 0x00000000c1c00000, 0x00000000c1d00000|  0%| F|  |TAMS 0x00000000c1c00000, 0x00000000c1c00000| Untracked 
| 541|0x00000000c1d00000, 0x00000000c1d00000, 0x00000000c1e00000|  0%| F|  |TAMS 0x00000000c1d00000, 0x00000000c1d00000| Untracked 
| 542|0x00000000c1e00000, 0x00000000c1e00000, 0x00000000c1f00000|  0%| F|  |TAMS 0x00000000c1e00000, 0x00000000c1e00000| Untracked 
| 543|0x00000000c1f00000, 0x00000000c1f00000, 0x00000000c2000000|  0%| F|  |TAMS 0x00000000c1f00000, 0x00000000c1f00000| Untracked 
| 544|0x00000000c2000000, 0x00000000c2000000, 0x00000000c2100000|  0%| F|  |TAMS 0x00000000c2000000, 0x00000000c2000000| Untracked 
| 545|0x00000000c2100000, 0x00000000c2100000, 0x00000000c2200000|  0%| F|  |TAMS 0x00000000c2100000, 0x00000000c2100000| Untracked 
| 546|0x00000000c2200000, 0x00000000c2200000, 0x00000000c2300000|  0%| F|  |TAMS 0x00000000c2200000, 0x00000000c2200000| Untracked 
| 547|0x00000000c2300000, 0x00000000c2400000, 0x00000000c2400000|100%| O|  |TAMS 0x00000000c2400000, 0x00000000c2300000| Untracked 
| 548|0x00000000c2400000, 0x00000000c2500000, 0x00000000c2500000|100%| O|  |TAMS 0x00000000c2500000, 0x00000000c2400000| Untracked 
| 549|0x00000000c2500000, 0x00000000c2600000, 0x00000000c2600000|100%| O|  |TAMS 0x00000000c2600000, 0x00000000c2500000| Untracked 
| 550|0x00000000c2600000, 0x00000000c2700000, 0x00000000c2700000|100%| O|  |TAMS 0x00000000c2700000, 0x00000000c2600000| Untracked 
| 551|0x00000000c2700000, 0x00000000c2800000, 0x00000000c2800000|100%| O|  |TAMS 0x00000000c2800000, 0x00000000c2700000| Untracked 
| 552|0x00000000c2800000, 0x00000000c2900000, 0x00000000c2900000|100%| O|  |TAMS 0x00000000c2900000, 0x00000000c2800000| Untracked 
| 553|0x00000000c2900000, 0x00000000c2a00000, 0x00000000c2a00000|100%| O|  |TAMS 0x00000000c2a00000, 0x00000000c2900000| Untracked 
| 554|0x00000000c2a00000, 0x00000000c2b00000, 0x00000000c2b00000|100%| O|  |TAMS 0x00000000c2b00000, 0x00000000c2a00000| Untracked 
| 555|0x00000000c2b00000, 0x00000000c2b00000, 0x00000000c2c00000|  0%| F|  |TAMS 0x00000000c2b00000, 0x00000000c2b00000| Untracked 
| 556|0x00000000c2c00000, 0x00000000c2d00000, 0x00000000c2d00000|100%|HS|  |TAMS 0x00000000c2d00000, 0x00000000c2c00000| Complete 
| 557|0x00000000c2d00000, 0x00000000c2e00000, 0x00000000c2e00000|100%|HC|  |TAMS 0x00000000c2e00000, 0x00000000c2d00000| Complete 
| 558|0x00000000c2e00000, 0x00000000c2f00000, 0x00000000c2f00000|100%|HC|  |TAMS 0x00000000c2f00000, 0x00000000c2e00000| Complete 
| 559|0x00000000c2f00000, 0x00000000c2f00000, 0x00000000c3000000|  0%| F|  |TAMS 0x00000000c2f00000, 0x00000000c2f00000| Untracked 
| 560|0x00000000c3000000, 0x00000000c3000000, 0x00000000c3100000|  0%| F|  |TAMS 0x00000000c3000000, 0x00000000c3000000| Untracked 
| 561|0x00000000c3100000, 0x00000000c3100000, 0x00000000c3200000|  0%| F|  |TAMS 0x00000000c3100000, 0x00000000c3100000| Untracked 
| 562|0x00000000c3200000, 0x00000000c3200000, 0x00000000c3300000|  0%| F|  |TAMS 0x00000000c3200000, 0x00000000c3200000| Untracked 
| 563|0x00000000c3300000, 0x00000000c3300000, 0x00000000c3400000|  0%| F|  |TAMS 0x00000000c3300000, 0x00000000c3300000| Untracked 
| 564|0x00000000c3400000, 0x00000000c3400000, 0x00000000c3500000|  0%| F|  |TAMS 0x00000000c3400000, 0x00000000c3400000| Untracked 
| 565|0x00000000c3500000, 0x00000000c3500000, 0x00000000c3600000|  0%| F|  |TAMS 0x00000000c3500000, 0x00000000c3500000| Untracked 
| 566|0x00000000c3600000, 0x00000000c3600000, 0x00000000c3700000|  0%| F|  |TAMS 0x00000000c3600000, 0x00000000c3600000| Untracked 
| 567|0x00000000c3700000, 0x00000000c3700000, 0x00000000c3800000|  0%| F|  |TAMS 0x00000000c3700000, 0x00000000c3700000| Untracked 
| 568|0x00000000c3800000, 0x00000000c3900000, 0x00000000c3900000|100%| O|  |TAMS 0x00000000c3900000, 0x00000000c3800000| Untracked 
| 569|0x00000000c3900000, 0x00000000c3900000, 0x00000000c3a00000|  0%| F|  |TAMS 0x00000000c3900000, 0x00000000c3900000| Untracked 
| 570|0x00000000c3a00000, 0x00000000c3a00000, 0x00000000c3b00000|  0%| F|  |TAMS 0x00000000c3a00000, 0x00000000c3a00000| Untracked 
| 571|0x00000000c3b00000, 0x00000000c3c00000, 0x00000000c3c00000|100%| O|  |TAMS 0x00000000c3c00000, 0x00000000c3b00000| Untracked 
| 572|0x00000000c3c00000, 0x00000000c3d00000, 0x00000000c3d00000|100%| O|  |TAMS 0x00000000c3d00000, 0x00000000c3c00000| Untracked 
| 573|0x00000000c3d00000, 0x00000000c3d00000, 0x00000000c3e00000|  0%| F|  |TAMS 0x00000000c3d00000, 0x00000000c3d00000| Untracked 
| 574|0x00000000c3e00000, 0x00000000c3e00000, 0x00000000c3f00000|  0%| F|  |TAMS 0x00000000c3e00000, 0x00000000c3e00000| Untracked 
| 575|0x00000000c3f00000, 0x00000000c4000000, 0x00000000c4000000|100%| O|  |TAMS 0x00000000c3f00000, 0x00000000c3f00000| Untracked 
| 576|0x00000000c4000000, 0x00000000c4100000, 0x00000000c4100000|100%| O|  |TAMS 0x00000000c4000000, 0x00000000c4000000| Untracked 
| 577|0x00000000c4100000, 0x00000000c4100000, 0x00000000c4200000|  0%| F|  |TAMS 0x00000000c4100000, 0x00000000c4100000| Untracked 
| 578|0x00000000c4200000, 0x00000000c4200000, 0x00000000c4300000|  0%| F|  |TAMS 0x00000000c4200000, 0x00000000c4200000| Untracked 
| 579|0x00000000c4300000, 0x00000000c4300000, 0x00000000c4400000|  0%| F|  |TAMS 0x00000000c4300000, 0x00000000c4300000| Untracked 
| 580|0x00000000c4400000, 0x00000000c4500000, 0x00000000c4500000|100%| O|  |TAMS 0x00000000c4500000, 0x00000000c4400000| Untracked 
| 581|0x00000000c4500000, 0x00000000c4600000, 0x00000000c4600000|100%| O|  |TAMS 0x00000000c4600000, 0x00000000c4500000| Untracked 
| 582|0x00000000c4600000, 0x00000000c4700000, 0x00000000c4700000|100%| O|  |TAMS 0x00000000c4700000, 0x00000000c4600000| Untracked 
| 583|0x00000000c4700000, 0x00000000c4800000, 0x00000000c4800000|100%| O|  |TAMS 0x00000000c4800000, 0x00000000c4700000| Untracked 
| 584|0x00000000c4800000, 0x00000000c4900000, 0x00000000c4900000|100%| O|  |TAMS 0x00000000c4900000, 0x00000000c4800000| Untracked 
| 585|0x00000000c4900000, 0x00000000c4a00000, 0x00000000c4a00000|100%| O|  |TAMS 0x00000000c4900000, 0x00000000c4900000| Untracked 
| 586|0x00000000c4a00000, 0x00000000c4b00000, 0x00000000c4b00000|100%| O|  |TAMS 0x00000000c4a00000, 0x00000000c4a00000| Untracked 
| 587|0x00000000c4b00000, 0x00000000c4c00000, 0x00000000c4c00000|100%| O|  |TAMS 0x00000000c4b00000, 0x00000000c4b00000| Untracked 
| 588|0x00000000c4c00000, 0x00000000c4d00000, 0x00000000c4d00000|100%| O|  |TAMS 0x00000000c4c00000, 0x00000000c4c00000| Untracked 
| 589|0x00000000c4d00000, 0x00000000c4e00000, 0x00000000c4e00000|100%|HS|  |TAMS 0x00000000c4e00000, 0x00000000c4d00000| Complete 
| 590|0x00000000c4e00000, 0x00000000c4f00000, 0x00000000c4f00000|100%|HC|  |TAMS 0x00000000c4f00000, 0x00000000c4e00000| Complete 
| 591|0x00000000c4f00000, 0x00000000c5000000, 0x00000000c5000000|100%| O|  |TAMS 0x00000000c5000000, 0x00000000c4f00000| Untracked 
| 592|0x00000000c5000000, 0x00000000c5100000, 0x00000000c5100000|100%| O|  |TAMS 0x00000000c5100000, 0x00000000c5000000| Untracked 
| 593|0x00000000c5100000, 0x00000000c5200000, 0x00000000c5200000|100%| O|  |TAMS 0x00000000c5200000, 0x00000000c5100000| Untracked 
| 594|0x00000000c5200000, 0x00000000c5300000, 0x00000000c5300000|100%| O|  |TAMS 0x00000000c5200000, 0x00000000c5200000| Untracked 
| 595|0x00000000c5300000, 0x00000000c5400000, 0x00000000c5400000|100%| O|  |TAMS 0x00000000c5300000, 0x00000000c5300000| Untracked 
| 596|0x00000000c5400000, 0x00000000c5500000, 0x00000000c5500000|100%| O|  |TAMS 0x00000000c5400000, 0x00000000c5400000| Untracked 
| 597|0x00000000c5500000, 0x00000000c5600000, 0x00000000c5600000|100%| O|  |TAMS 0x00000000c5500000, 0x00000000c5500000| Untracked 
| 598|0x00000000c5600000, 0x00000000c5700000, 0x00000000c5700000|100%| O|  |TAMS 0x00000000c5600000, 0x00000000c5600000| Untracked 
| 599|0x00000000c5700000, 0x00000000c5800000, 0x00000000c5800000|100%| O|  |TAMS 0x00000000c5700000, 0x00000000c5700000| Untracked 
| 600|0x00000000c5800000, 0x00000000c5900000, 0x00000000c5900000|100%| O|  |TAMS 0x00000000c5800000, 0x00000000c5800000| Untracked 
| 601|0x00000000c5900000, 0x00000000c5a00000, 0x00000000c5a00000|100%| O|  |TAMS 0x00000000c5900000, 0x00000000c5900000| Untracked 
| 602|0x00000000c5a00000, 0x00000000c5b00000, 0x00000000c5b00000|100%| O|  |TAMS 0x00000000c5a00000, 0x00000000c5a00000| Untracked 
| 603|0x00000000c5b00000, 0x00000000c5c00000, 0x00000000c5c00000|100%| O|  |TAMS 0x00000000c5b00000, 0x00000000c5b00000| Untracked 
| 604|0x00000000c5c00000, 0x00000000c5d00000, 0x00000000c5d00000|100%| O|  |TAMS 0x00000000c5c00000, 0x00000000c5c00000| Untracked 
| 605|0x00000000c5d00000, 0x00000000c5e00000, 0x00000000c5e00000|100%| O|  |TAMS 0x00000000c5d00000, 0x00000000c5d00000| Untracked 
| 606|0x00000000c5e00000, 0x00000000c5f00000, 0x00000000c5f00000|100%| O|  |TAMS 0x00000000c5e00000, 0x00000000c5e00000| Untracked 
| 607|0x00000000c5f00000, 0x00000000c6000000, 0x00000000c6000000|100%| O|  |TAMS 0x00000000c5f00000, 0x00000000c5f00000| Untracked 
| 608|0x00000000c6000000, 0x00000000c6000000, 0x00000000c6100000|  0%| F|  |TAMS 0x00000000c6000000, 0x00000000c6000000| Untracked 
| 609|0x00000000c6100000, 0x00000000c6100000, 0x00000000c6200000|  0%| F|  |TAMS 0x00000000c6100000, 0x00000000c6100000| Untracked 
| 610|0x00000000c6200000, 0x00000000c6200000, 0x00000000c6300000|  0%| F|  |TAMS 0x00000000c6200000, 0x00000000c6200000| Untracked 
| 611|0x00000000c6300000, 0x00000000c6300000, 0x00000000c6400000|  0%| F|  |TAMS 0x00000000c6300000, 0x00000000c6300000| Untracked 
| 612|0x00000000c6400000, 0x00000000c6400000, 0x00000000c6500000|  0%| F|  |TAMS 0x00000000c6400000, 0x00000000c6400000| Untracked 
| 613|0x00000000c6500000, 0x00000000c6500000, 0x00000000c6600000|  0%| F|  |TAMS 0x00000000c6500000, 0x00000000c6500000| Untracked 
| 614|0x00000000c6600000, 0x00000000c6600000, 0x00000000c6700000|  0%| F|  |TAMS 0x00000000c6600000, 0x00000000c6600000| Untracked 
| 615|0x00000000c6700000, 0x00000000c6700000, 0x00000000c6800000|  0%| F|  |TAMS 0x00000000c6700000, 0x00000000c6700000| Untracked 
| 616|0x00000000c6800000, 0x00000000c6800000, 0x00000000c6900000|  0%| F|  |TAMS 0x00000000c6800000, 0x00000000c6800000| Untracked 
| 617|0x00000000c6900000, 0x00000000c6900000, 0x00000000c6a00000|  0%| F|  |TAMS 0x00000000c6900000, 0x00000000c6900000| Untracked 
| 618|0x00000000c6a00000, 0x00000000c6a00000, 0x00000000c6b00000|  0%| F|  |TAMS 0x00000000c6a00000, 0x00000000c6a00000| Untracked 
| 619|0x00000000c6b00000, 0x00000000c6b00000, 0x00000000c6c00000|  0%| F|  |TAMS 0x00000000c6b00000, 0x00000000c6b00000| Untracked 
| 620|0x00000000c6c00000, 0x00000000c6c00000, 0x00000000c6d00000|  0%| F|  |TAMS 0x00000000c6c00000, 0x00000000c6c00000| Untracked 
| 621|0x00000000c6d00000, 0x00000000c6d00000, 0x00000000c6e00000|  0%| F|  |TAMS 0x00000000c6d00000, 0x00000000c6d00000| Untracked 
| 622|0x00000000c6e00000, 0x00000000c6e00000, 0x00000000c6f00000|  0%| F|  |TAMS 0x00000000c6e00000, 0x00000000c6e00000| Untracked 
| 623|0x00000000c6f00000, 0x00000000c6f00000, 0x00000000c7000000|  0%| F|  |TAMS 0x00000000c6f00000, 0x00000000c6f00000| Untracked 
| 624|0x00000000c7000000, 0x00000000c7000000, 0x00000000c7100000|  0%| F|  |TAMS 0x00000000c7000000, 0x00000000c7000000| Untracked 
| 625|0x00000000c7100000, 0x00000000c7100000, 0x00000000c7200000|  0%| F|  |TAMS 0x00000000c7100000, 0x00000000c7100000| Untracked 
| 626|0x00000000c7200000, 0x00000000c7200000, 0x00000000c7300000|  0%| F|  |TAMS 0x00000000c7200000, 0x00000000c7200000| Untracked 
| 627|0x00000000c7300000, 0x00000000c7300000, 0x00000000c7400000|  0%| F|  |TAMS 0x00000000c7300000, 0x00000000c7300000| Untracked 
| 628|0x00000000c7400000, 0x00000000c7400000, 0x00000000c7500000|  0%| F|  |TAMS 0x00000000c7400000, 0x00000000c7400000| Untracked 
| 629|0x00000000c7500000, 0x00000000c7500000, 0x00000000c7600000|  0%| F|  |TAMS 0x00000000c7500000, 0x00000000c7500000| Untracked 
| 630|0x00000000c7600000, 0x00000000c7600000, 0x00000000c7700000|  0%| F|  |TAMS 0x00000000c7600000, 0x00000000c7600000| Untracked 
| 631|0x00000000c7700000, 0x00000000c7700000, 0x00000000c7800000|  0%| F|  |TAMS 0x00000000c7700000, 0x00000000c7700000| Untracked 
| 632|0x00000000c7800000, 0x00000000c7800000, 0x00000000c7900000|  0%| F|  |TAMS 0x00000000c7800000, 0x00000000c7800000| Untracked 
| 633|0x00000000c7900000, 0x00000000c7900000, 0x00000000c7a00000|  0%| F|  |TAMS 0x00000000c7900000, 0x00000000c7900000| Untracked 
| 634|0x00000000c7a00000, 0x00000000c7a00000, 0x00000000c7b00000|  0%| F|  |TAMS 0x00000000c7a00000, 0x00000000c7a00000| Untracked 
| 635|0x00000000c7b00000, 0x00000000c7b00000, 0x00000000c7c00000|  0%| F|  |TAMS 0x00000000c7b00000, 0x00000000c7b00000| Untracked 
| 636|0x00000000c7c00000, 0x00000000c7c00000, 0x00000000c7d00000|  0%| F|  |TAMS 0x00000000c7c00000, 0x00000000c7c00000| Untracked 
| 637|0x00000000c7d00000, 0x00000000c7d00000, 0x00000000c7e00000|  0%| F|  |TAMS 0x00000000c7d00000, 0x00000000c7d00000| Untracked 
| 638|0x00000000c7e00000, 0x00000000c7e00000, 0x00000000c7f00000|  0%| F|  |TAMS 0x00000000c7e00000, 0x00000000c7e00000| Untracked 
| 639|0x00000000c7f00000, 0x00000000c7f00000, 0x00000000c8000000|  0%| F|  |TAMS 0x00000000c7f00000, 0x00000000c7f00000| Untracked 
| 640|0x00000000c8000000, 0x00000000c8000000, 0x00000000c8100000|  0%| F|  |TAMS 0x00000000c8000000, 0x00000000c8000000| Untracked 
| 641|0x00000000c8100000, 0x00000000c8100000, 0x00000000c8200000|  0%| F|  |TAMS 0x00000000c8100000, 0x00000000c8100000| Untracked 
| 642|0x00000000c8200000, 0x00000000c8200000, 0x00000000c8300000|  0%| F|  |TAMS 0x00000000c8200000, 0x00000000c8200000| Untracked 
| 643|0x00000000c8300000, 0x00000000c8300000, 0x00000000c8400000|  0%| F|  |TAMS 0x00000000c8300000, 0x00000000c8300000| Untracked 
| 644|0x00000000c8400000, 0x00000000c8400000, 0x00000000c8500000|  0%| F|  |TAMS 0x00000000c8400000, 0x00000000c8400000| Untracked 
| 645|0x00000000c8500000, 0x00000000c8500000, 0x00000000c8600000|  0%| F|  |TAMS 0x00000000c8500000, 0x00000000c8500000| Untracked 
| 646|0x00000000c8600000, 0x00000000c8600000, 0x00000000c8700000|  0%| F|  |TAMS 0x00000000c8600000, 0x00000000c8600000| Untracked 
| 647|0x00000000c8700000, 0x00000000c8700000, 0x00000000c8800000|  0%| F|  |TAMS 0x00000000c8700000, 0x00000000c8700000| Untracked 
| 648|0x00000000c8800000, 0x00000000c8800000, 0x00000000c8900000|  0%| F|  |TAMS 0x00000000c8800000, 0x00000000c8800000| Untracked 
| 649|0x00000000c8900000, 0x00000000c8900000, 0x00000000c8a00000|  0%| F|  |TAMS 0x00000000c8900000, 0x00000000c8900000| Untracked 
| 650|0x00000000c8a00000, 0x00000000c8a00000, 0x00000000c8b00000|  0%| F|  |TAMS 0x00000000c8a00000, 0x00000000c8a00000| Untracked 
| 651|0x00000000c8b00000, 0x00000000c8b00000, 0x00000000c8c00000|  0%| F|  |TAMS 0x00000000c8b00000, 0x00000000c8b00000| Untracked 
| 652|0x00000000c8c00000, 0x00000000c8c00000, 0x00000000c8d00000|  0%| F|  |TAMS 0x00000000c8c00000, 0x00000000c8c00000| Untracked 
| 653|0x00000000c8d00000, 0x00000000c8d00000, 0x00000000c8e00000|  0%| F|  |TAMS 0x00000000c8d00000, 0x00000000c8d00000| Untracked 
| 654|0x00000000c8e00000, 0x00000000c8e00000, 0x00000000c8f00000|  0%| F|  |TAMS 0x00000000c8e00000, 0x00000000c8e00000| Untracked 
| 655|0x00000000c8f00000, 0x00000000c8f00000, 0x00000000c9000000|  0%| F|  |TAMS 0x00000000c8f00000, 0x00000000c8f00000| Untracked 
| 656|0x00000000c9000000, 0x00000000c9000000, 0x00000000c9100000|  0%| F|  |TAMS 0x00000000c9000000, 0x00000000c9000000| Untracked 
| 657|0x00000000c9100000, 0x00000000c9100000, 0x00000000c9200000|  0%| F|  |TAMS 0x00000000c9100000, 0x00000000c9100000| Untracked 
| 658|0x00000000c9200000, 0x00000000c9300000, 0x00000000c9300000|100%| S|CS|TAMS 0x00000000c9200000, 0x00000000c9200000| Complete 
| 659|0x00000000c9300000, 0x00000000c9400000, 0x00000000c9400000|100%| S|CS|TAMS 0x00000000c9300000, 0x00000000c9300000| Complete 
| 660|0x00000000c9400000, 0x00000000c9500000, 0x00000000c9500000|100%| S|CS|TAMS 0x00000000c9400000, 0x00000000c9400000| Complete 
| 661|0x00000000c9500000, 0x00000000c9600000, 0x00000000c9600000|100%| S|CS|TAMS 0x00000000c9500000, 0x00000000c9500000| Complete 
| 662|0x00000000c9600000, 0x00000000c9700000, 0x00000000c9700000|100%| S|CS|TAMS 0x00000000c9600000, 0x00000000c9600000| Complete 
| 663|0x00000000c9700000, 0x00000000c9800000, 0x00000000c9800000|100%| S|CS|TAMS 0x00000000c9700000, 0x00000000c9700000| Complete 
| 664|0x00000000c9800000, 0x00000000c9900000, 0x00000000c9900000|100%| S|CS|TAMS 0x00000000c9800000, 0x00000000c9800000| Complete 
| 665|0x00000000c9900000, 0x00000000c9a00000, 0x00000000c9a00000|100%| S|CS|TAMS 0x00000000c9900000, 0x00000000c9900000| Complete 
| 666|0x00000000c9a00000, 0x00000000c9a00000, 0x00000000c9b00000|  0%| F|  |TAMS 0x00000000c9a00000, 0x00000000c9a00000| Untracked 
| 667|0x00000000c9b00000, 0x00000000c9b00000, 0x00000000c9c00000|  0%| F|  |TAMS 0x00000000c9b00000, 0x00000000c9b00000| Untracked 
| 668|0x00000000c9c00000, 0x00000000c9c00000, 0x00000000c9d00000|  0%| F|  |TAMS 0x00000000c9c00000, 0x00000000c9c00000| Untracked 
| 669|0x00000000c9d00000, 0x00000000c9d00000, 0x00000000c9e00000|  0%| F|  |TAMS 0x00000000c9d00000, 0x00000000c9d00000| Untracked 
| 670|0x00000000c9e00000, 0x00000000c9e00000, 0x00000000c9f00000|  0%| F|  |TAMS 0x00000000c9e00000, 0x00000000c9e00000| Untracked 
| 671|0x00000000c9f00000, 0x00000000c9f00000, 0x00000000ca000000|  0%| F|  |TAMS 0x00000000c9f00000, 0x00000000c9f00000| Untracked 
| 672|0x00000000ca000000, 0x00000000ca000000, 0x00000000ca100000|  0%| F|  |TAMS 0x00000000ca000000, 0x00000000ca000000| Untracked 
| 673|0x00000000ca100000, 0x00000000ca100000, 0x00000000ca200000|  0%| F|  |TAMS 0x00000000ca100000, 0x00000000ca100000| Untracked 
| 674|0x00000000ca200000, 0x00000000ca200000, 0x00000000ca300000|  0%| F|  |TAMS 0x00000000ca200000, 0x00000000ca200000| Untracked 
| 675|0x00000000ca300000, 0x00000000ca300000, 0x00000000ca400000|  0%| F|  |TAMS 0x00000000ca300000, 0x00000000ca300000| Untracked 
| 676|0x00000000ca400000, 0x00000000ca400000, 0x00000000ca500000|  0%| F|  |TAMS 0x00000000ca400000, 0x00000000ca400000| Untracked 
| 677|0x00000000ca500000, 0x00000000ca500000, 0x00000000ca600000|  0%| F|  |TAMS 0x00000000ca500000, 0x00000000ca500000| Untracked 
| 678|0x00000000ca600000, 0x00000000ca600000, 0x00000000ca700000|  0%| F|  |TAMS 0x00000000ca600000, 0x00000000ca600000| Untracked 
| 679|0x00000000ca700000, 0x00000000ca700000, 0x00000000ca800000|  0%| F|  |TAMS 0x00000000ca700000, 0x00000000ca700000| Untracked 
| 680|0x00000000ca800000, 0x00000000ca800000, 0x00000000ca900000|  0%| F|  |TAMS 0x00000000ca800000, 0x00000000ca800000| Untracked 
| 681|0x00000000ca900000, 0x00000000ca900000, 0x00000000caa00000|  0%| F|  |TAMS 0x00000000ca900000, 0x00000000ca900000| Untracked 
| 682|0x00000000caa00000, 0x00000000caa00000, 0x00000000cab00000|  0%| F|  |TAMS 0x00000000caa00000, 0x00000000caa00000| Untracked 
| 683|0x00000000cab00000, 0x00000000cab00000, 0x00000000cac00000|  0%| F|  |TAMS 0x00000000cab00000, 0x00000000cab00000| Untracked 
| 684|0x00000000cac00000, 0x00000000cad00000, 0x00000000cad00000|100%| S|CS|TAMS 0x00000000cac00000, 0x00000000cac00000| Complete 
| 685|0x00000000cad00000, 0x00000000cae00000, 0x00000000cae00000|100%| S|CS|TAMS 0x00000000cad00000, 0x00000000cad00000| Complete 
| 686|0x00000000cae00000, 0x00000000caf00000, 0x00000000caf00000|100%| S|CS|TAMS 0x00000000cae00000, 0x00000000cae00000| Complete 
| 687|0x00000000caf00000, 0x00000000cb000000, 0x00000000cb000000|100%| S|CS|TAMS 0x00000000caf00000, 0x00000000caf00000| Complete 
| 688|0x00000000cb000000, 0x00000000cb100000, 0x00000000cb100000|100%| S|CS|TAMS 0x00000000cb000000, 0x00000000cb000000| Complete 
| 689|0x00000000cb100000, 0x00000000cb200000, 0x00000000cb200000|100%| S|CS|TAMS 0x00000000cb100000, 0x00000000cb100000| Complete 
| 690|0x00000000cb200000, 0x00000000cb300000, 0x00000000cb300000|100%| S|CS|TAMS 0x00000000cb200000, 0x00000000cb200000| Complete 
| 691|0x00000000cb300000, 0x00000000cb400000, 0x00000000cb400000|100%| S|CS|TAMS 0x00000000cb300000, 0x00000000cb300000| Complete 
| 692|0x00000000cb400000, 0x00000000cb500000, 0x00000000cb500000|100%| S|CS|TAMS 0x00000000cb400000, 0x00000000cb400000| Complete 
| 693|0x00000000cb500000, 0x00000000cb600000, 0x00000000cb600000|100%| S|CS|TAMS 0x00000000cb500000, 0x00000000cb500000| Complete 
| 694|0x00000000cb600000, 0x00000000cb700000, 0x00000000cb700000|100%| S|CS|TAMS 0x00000000cb600000, 0x00000000cb600000| Complete 
| 695|0x00000000cb700000, 0x00000000cb800000, 0x00000000cb800000|100%| S|CS|TAMS 0x00000000cb700000, 0x00000000cb700000| Complete 
| 696|0x00000000cb800000, 0x00000000cb900000, 0x00000000cb900000|100%| S|CS|TAMS 0x00000000cb800000, 0x00000000cb800000| Complete 
| 697|0x00000000cb900000, 0x00000000cba00000, 0x00000000cba00000|100%| S|CS|TAMS 0x00000000cb900000, 0x00000000cb900000| Complete 
| 698|0x00000000cba00000, 0x00000000cbb00000, 0x00000000cbb00000|100%| S|CS|TAMS 0x00000000cba00000, 0x00000000cba00000| Complete 
| 699|0x00000000cbb00000, 0x00000000cbb00000, 0x00000000cbc00000|  0%| F|  |TAMS 0x00000000cbb00000, 0x00000000cbb00000| Untracked 
| 700|0x00000000cbc00000, 0x00000000cbc00000, 0x00000000cbd00000|  0%| F|  |TAMS 0x00000000cbc00000, 0x00000000cbc00000| Untracked 
| 701|0x00000000cbd00000, 0x00000000cbd00000, 0x00000000cbe00000|  0%| F|  |TAMS 0x00000000cbd00000, 0x00000000cbd00000| Untracked 
| 702|0x00000000cbe00000, 0x00000000cbe00000, 0x00000000cbf00000|  0%| F|  |TAMS 0x00000000cbe00000, 0x00000000cbe00000| Untracked 
| 703|0x00000000cbf00000, 0x00000000cbf80000, 0x00000000cc000000| 50%| E|  |TAMS 0x00000000cbf00000, 0x00000000cbf00000| Complete 
| 704|0x00000000cc000000, 0x00000000cc100000, 0x00000000cc100000|100%| E|CS|TAMS 0x00000000cc000000, 0x00000000cc000000| Complete 
| 705|0x00000000cc100000, 0x00000000cc200000, 0x00000000cc200000|100%| E|CS|TAMS 0x00000000cc100000, 0x00000000cc100000| Complete 
| 706|0x00000000cc200000, 0x00000000cc300000, 0x00000000cc300000|100%| E|CS|TAMS 0x00000000cc200000, 0x00000000cc200000| Complete 
| 707|0x00000000cc300000, 0x00000000cc400000, 0x00000000cc400000|100%| E|CS|TAMS 0x00000000cc300000, 0x00000000cc300000| Complete 
| 708|0x00000000cc400000, 0x00000000cc500000, 0x00000000cc500000|100%| E|CS|TAMS 0x00000000cc400000, 0x00000000cc400000| Complete 
| 709|0x00000000cc500000, 0x00000000cc600000, 0x00000000cc600000|100%| E|CS|TAMS 0x00000000cc500000, 0x00000000cc500000| Complete 
| 710|0x00000000cc600000, 0x00000000cc700000, 0x00000000cc700000|100%| E|CS|TAMS 0x00000000cc600000, 0x00000000cc600000| Complete 
| 711|0x00000000cc700000, 0x00000000cc800000, 0x00000000cc800000|100%| E|CS|TAMS 0x00000000cc700000, 0x00000000cc700000| Complete 
| 712|0x00000000cc800000, 0x00000000cc900000, 0x00000000cc900000|100%| E|CS|TAMS 0x00000000cc800000, 0x00000000cc800000| Complete 
| 713|0x00000000cc900000, 0x00000000cca00000, 0x00000000cca00000|100%| E|CS|TAMS 0x00000000cc900000, 0x00000000cc900000| Complete 
| 714|0x00000000cca00000, 0x00000000ccb00000, 0x00000000ccb00000|100%| E|CS|TAMS 0x00000000cca00000, 0x00000000cca00000| Complete 
| 715|0x00000000ccb00000, 0x00000000ccc00000, 0x00000000ccc00000|100%| E|CS|TAMS 0x00000000ccb00000, 0x00000000ccb00000| Complete 
| 716|0x00000000ccc00000, 0x00000000ccd00000, 0x00000000ccd00000|100%| E|CS|TAMS 0x00000000ccc00000, 0x00000000ccc00000| Complete 
| 717|0x00000000ccd00000, 0x00000000cce00000, 0x00000000cce00000|100%| E|CS|TAMS 0x00000000ccd00000, 0x00000000ccd00000| Complete 
| 718|0x00000000cce00000, 0x00000000ccf00000, 0x00000000ccf00000|100%| E|CS|TAMS 0x00000000cce00000, 0x00000000cce00000| Complete 
| 719|0x00000000ccf00000, 0x00000000cd000000, 0x00000000cd000000|100%| E|CS|TAMS 0x00000000ccf00000, 0x00000000ccf00000| Complete 
| 720|0x00000000cd000000, 0x00000000cd100000, 0x00000000cd100000|100%| E|CS|TAMS 0x00000000cd000000, 0x00000000cd000000| Complete 
| 721|0x00000000cd100000, 0x00000000cd200000, 0x00000000cd200000|100%| E|CS|TAMS 0x00000000cd100000, 0x00000000cd100000| Complete 
| 722|0x00000000cd200000, 0x00000000cd300000, 0x00000000cd300000|100%| E|CS|TAMS 0x00000000cd200000, 0x00000000cd200000| Complete 
| 723|0x00000000cd300000, 0x00000000cd400000, 0x00000000cd400000|100%| E|CS|TAMS 0x00000000cd300000, 0x00000000cd300000| Complete 
| 724|0x00000000cd400000, 0x00000000cd500000, 0x00000000cd500000|100%| E|CS|TAMS 0x00000000cd400000, 0x00000000cd400000| Complete 
| 725|0x00000000cd500000, 0x00000000cd600000, 0x00000000cd600000|100%| E|CS|TAMS 0x00000000cd500000, 0x00000000cd500000| Complete 
| 726|0x00000000cd600000, 0x00000000cd700000, 0x00000000cd700000|100%| E|CS|TAMS 0x00000000cd600000, 0x00000000cd600000| Complete 
| 727|0x00000000cd700000, 0x00000000cd800000, 0x00000000cd800000|100%| E|CS|TAMS 0x00000000cd700000, 0x00000000cd700000| Complete 
| 728|0x00000000cd800000, 0x00000000cd900000, 0x00000000cd900000|100%| E|CS|TAMS 0x00000000cd800000, 0x00000000cd800000| Complete 
| 729|0x00000000cd900000, 0x00000000cda00000, 0x00000000cda00000|100%| E|CS|TAMS 0x00000000cd900000, 0x00000000cd900000| Complete 
| 730|0x00000000cda00000, 0x00000000cdb00000, 0x00000000cdb00000|100%| E|CS|TAMS 0x00000000cda00000, 0x00000000cda00000| Complete 
| 731|0x00000000cdb00000, 0x00000000cdc00000, 0x00000000cdc00000|100%| E|CS|TAMS 0x00000000cdb00000, 0x00000000cdb00000| Complete 
| 732|0x00000000cdc00000, 0x00000000cdd00000, 0x00000000cdd00000|100%| E|CS|TAMS 0x00000000cdc00000, 0x00000000cdc00000| Complete 
| 733|0x00000000cdd00000, 0x00000000cde00000, 0x00000000cde00000|100%| E|CS|TAMS 0x00000000cdd00000, 0x00000000cdd00000| Complete 
| 734|0x00000000cde00000, 0x00000000cdf00000, 0x00000000cdf00000|100%| E|CS|TAMS 0x00000000cde00000, 0x00000000cde00000| Complete 
| 735|0x00000000cdf00000, 0x00000000ce000000, 0x00000000ce000000|100%| E|CS|TAMS 0x00000000cdf00000, 0x00000000cdf00000| Complete 
| 736|0x00000000ce000000, 0x00000000ce100000, 0x00000000ce100000|100%| E|CS|TAMS 0x00000000ce000000, 0x00000000ce000000| Complete 
| 737|0x00000000ce100000, 0x00000000ce200000, 0x00000000ce200000|100%| E|CS|TAMS 0x00000000ce100000, 0x00000000ce100000| Complete 
| 738|0x00000000ce200000, 0x00000000ce300000, 0x00000000ce300000|100%| E|CS|TAMS 0x00000000ce200000, 0x00000000ce200000| Complete 
| 739|0x00000000ce300000, 0x00000000ce400000, 0x00000000ce400000|100%| E|CS|TAMS 0x00000000ce300000, 0x00000000ce300000| Complete 
| 740|0x00000000ce400000, 0x00000000ce500000, 0x00000000ce500000|100%| E|CS|TAMS 0x00000000ce400000, 0x00000000ce400000| Complete 
| 741|0x00000000ce500000, 0x00000000ce600000, 0x00000000ce600000|100%| E|CS|TAMS 0x00000000ce500000, 0x00000000ce500000| Complete 
| 742|0x00000000ce600000, 0x00000000ce700000, 0x00000000ce700000|100%| E|CS|TAMS 0x00000000ce600000, 0x00000000ce600000| Complete 
| 743|0x00000000ce700000, 0x00000000ce800000, 0x00000000ce800000|100%| E|CS|TAMS 0x00000000ce700000, 0x00000000ce700000| Complete 
| 744|0x00000000ce800000, 0x00000000ce900000, 0x00000000ce900000|100%| E|CS|TAMS 0x00000000ce800000, 0x00000000ce800000| Complete 
| 745|0x00000000ce900000, 0x00000000cea00000, 0x00000000cea00000|100%| E|CS|TAMS 0x00000000ce900000, 0x00000000ce900000| Complete 
| 746|0x00000000cea00000, 0x00000000ceb00000, 0x00000000ceb00000|100%| E|CS|TAMS 0x00000000cea00000, 0x00000000cea00000| Complete 
| 747|0x00000000ceb00000, 0x00000000cec00000, 0x00000000cec00000|100%| E|CS|TAMS 0x00000000ceb00000, 0x00000000ceb00000| Complete 
| 748|0x00000000cec00000, 0x00000000ced00000, 0x00000000ced00000|100%| E|CS|TAMS 0x00000000cec00000, 0x00000000cec00000| Complete 
| 749|0x00000000ced00000, 0x00000000cee00000, 0x00000000cee00000|100%| E|CS|TAMS 0x00000000ced00000, 0x00000000ced00000| Complete 
| 750|0x00000000cee00000, 0x00000000cef00000, 0x00000000cef00000|100%| E|CS|TAMS 0x00000000cee00000, 0x00000000cee00000| Complete 
| 751|0x00000000cef00000, 0x00000000cf000000, 0x00000000cf000000|100%| E|CS|TAMS 0x00000000cef00000, 0x00000000cef00000| Complete 
| 752|0x00000000cf000000, 0x00000000cf100000, 0x00000000cf100000|100%| E|CS|TAMS 0x00000000cf000000, 0x00000000cf000000| Complete 
| 753|0x00000000cf100000, 0x00000000cf200000, 0x00000000cf200000|100%| E|CS|TAMS 0x00000000cf100000, 0x00000000cf100000| Complete 
| 754|0x00000000cf200000, 0x00000000cf300000, 0x00000000cf300000|100%| E|CS|TAMS 0x00000000cf200000, 0x00000000cf200000| Complete 
| 755|0x00000000cf300000, 0x00000000cf400000, 0x00000000cf400000|100%| E|CS|TAMS 0x00000000cf300000, 0x00000000cf300000| Complete 
| 756|0x00000000cf400000, 0x00000000cf500000, 0x00000000cf500000|100%| E|CS|TAMS 0x00000000cf400000, 0x00000000cf400000| Complete 
| 757|0x00000000cf500000, 0x00000000cf600000, 0x00000000cf600000|100%| E|CS|TAMS 0x00000000cf500000, 0x00000000cf500000| Complete 
| 758|0x00000000cf600000, 0x00000000cf700000, 0x00000000cf700000|100%| E|CS|TAMS 0x00000000cf600000, 0x00000000cf600000| Complete 
| 759|0x00000000cf700000, 0x00000000cf800000, 0x00000000cf800000|100%| E|CS|TAMS 0x00000000cf700000, 0x00000000cf700000| Complete 
| 760|0x00000000cf800000, 0x00000000cf900000, 0x00000000cf900000|100%| E|CS|TAMS 0x00000000cf800000, 0x00000000cf800000| Complete 
| 761|0x00000000cf900000, 0x00000000cfa00000, 0x00000000cfa00000|100%| E|CS|TAMS 0x00000000cf900000, 0x00000000cf900000| Complete 
| 762|0x00000000cfa00000, 0x00000000cfb00000, 0x00000000cfb00000|100%| E|CS|TAMS 0x00000000cfa00000, 0x00000000cfa00000| Complete 
| 763|0x00000000cfb00000, 0x00000000cfc00000, 0x00000000cfc00000|100%| E|CS|TAMS 0x00000000cfb00000, 0x00000000cfb00000| Complete 
| 764|0x00000000cfc00000, 0x00000000cfd00000, 0x00000000cfd00000|100%| E|CS|TAMS 0x00000000cfc00000, 0x00000000cfc00000| Complete 
| 765|0x00000000cfd00000, 0x00000000cfe00000, 0x00000000cfe00000|100%| E|CS|TAMS 0x00000000cfd00000, 0x00000000cfd00000| Complete 
| 766|0x00000000cfe00000, 0x00000000cff00000, 0x00000000cff00000|100%| E|CS|TAMS 0x00000000cfe00000, 0x00000000cfe00000| Complete 
| 767|0x00000000cff00000, 0x00000000d0000000, 0x00000000d0000000|100%| E|CS|TAMS 0x00000000cff00000, 0x00000000cff00000| Complete 
| 768|0x00000000d0000000, 0x00000000d0100000, 0x00000000d0100000|100%| E|CS|TAMS 0x00000000d0000000, 0x00000000d0000000| Complete 
| 769|0x00000000d0100000, 0x00000000d0200000, 0x00000000d0200000|100%| E|CS|TAMS 0x00000000d0100000, 0x00000000d0100000| Complete 
| 770|0x00000000d0200000, 0x00000000d0300000, 0x00000000d0300000|100%| E|CS|TAMS 0x00000000d0200000, 0x00000000d0200000| Complete 
| 771|0x00000000d0300000, 0x00000000d0400000, 0x00000000d0400000|100%| E|CS|TAMS 0x00000000d0300000, 0x00000000d0300000| Complete 
| 772|0x00000000d0400000, 0x00000000d0500000, 0x00000000d0500000|100%| E|CS|TAMS 0x00000000d0400000, 0x00000000d0400000| Complete 
| 773|0x00000000d0500000, 0x00000000d0600000, 0x00000000d0600000|100%| E|CS|TAMS 0x00000000d0500000, 0x00000000d0500000| Complete 
| 774|0x00000000d0600000, 0x00000000d0700000, 0x00000000d0700000|100%| E|CS|TAMS 0x00000000d0600000, 0x00000000d0600000| Complete 
| 775|0x00000000d0700000, 0x00000000d0800000, 0x00000000d0800000|100%| E|CS|TAMS 0x00000000d0700000, 0x00000000d0700000| Complete 
| 776|0x00000000d0800000, 0x00000000d0900000, 0x00000000d0900000|100%| E|CS|TAMS 0x00000000d0800000, 0x00000000d0800000| Complete 
| 777|0x00000000d0900000, 0x00000000d0a00000, 0x00000000d0a00000|100%| E|CS|TAMS 0x00000000d0900000, 0x00000000d0900000| Complete 
| 778|0x00000000d0a00000, 0x00000000d0b00000, 0x00000000d0b00000|100%| E|CS|TAMS 0x00000000d0a00000, 0x00000000d0a00000| Complete 
| 779|0x00000000d0b00000, 0x00000000d0c00000, 0x00000000d0c00000|100%| E|CS|TAMS 0x00000000d0b00000, 0x00000000d0b00000| Complete 
| 780|0x00000000d0c00000, 0x00000000d0d00000, 0x00000000d0d00000|100%| E|CS|TAMS 0x00000000d0c00000, 0x00000000d0c00000| Complete 
| 781|0x00000000d0d00000, 0x00000000d0e00000, 0x00000000d0e00000|100%| E|CS|TAMS 0x00000000d0d00000, 0x00000000d0d00000| Complete 
| 782|0x00000000d0e00000, 0x00000000d0f00000, 0x00000000d0f00000|100%| E|CS|TAMS 0x00000000d0e00000, 0x00000000d0e00000| Complete 
| 783|0x00000000d0f00000, 0x00000000d1000000, 0x00000000d1000000|100%| E|CS|TAMS 0x00000000d0f00000, 0x00000000d0f00000| Complete 
| 784|0x00000000d1000000, 0x00000000d1100000, 0x00000000d1100000|100%| E|CS|TAMS 0x00000000d1000000, 0x00000000d1000000| Complete 
| 785|0x00000000d1100000, 0x00000000d1200000, 0x00000000d1200000|100%| E|CS|TAMS 0x00000000d1100000, 0x00000000d1100000| Complete 
| 786|0x00000000d1200000, 0x00000000d1300000, 0x00000000d1300000|100%| E|CS|TAMS 0x00000000d1200000, 0x00000000d1200000| Complete 
| 787|0x00000000d1300000, 0x00000000d1400000, 0x00000000d1400000|100%| E|CS|TAMS 0x00000000d1300000, 0x00000000d1300000| Complete 
| 788|0x00000000d1400000, 0x00000000d1500000, 0x00000000d1500000|100%| E|CS|TAMS 0x00000000d1400000, 0x00000000d1400000| Complete 
| 789|0x00000000d1500000, 0x00000000d1600000, 0x00000000d1600000|100%| E|CS|TAMS 0x00000000d1500000, 0x00000000d1500000| Complete 
| 790|0x00000000d1600000, 0x00000000d1700000, 0x00000000d1700000|100%| E|CS|TAMS 0x00000000d1600000, 0x00000000d1600000| Complete 
| 791|0x00000000d1700000, 0x00000000d1800000, 0x00000000d1800000|100%| E|CS|TAMS 0x00000000d1700000, 0x00000000d1700000| Complete 
| 792|0x00000000d1800000, 0x00000000d1900000, 0x00000000d1900000|100%| E|CS|TAMS 0x00000000d1800000, 0x00000000d1800000| Complete 
| 793|0x00000000d1900000, 0x00000000d1a00000, 0x00000000d1a00000|100%| E|CS|TAMS 0x00000000d1900000, 0x00000000d1900000| Complete 
| 794|0x00000000d1a00000, 0x00000000d1b00000, 0x00000000d1b00000|100%| E|CS|TAMS 0x00000000d1a00000, 0x00000000d1a00000| Complete 
| 795|0x00000000d1b00000, 0x00000000d1c00000, 0x00000000d1c00000|100%| E|CS|TAMS 0x00000000d1b00000, 0x00000000d1b00000| Complete 
| 796|0x00000000d1c00000, 0x00000000d1d00000, 0x00000000d1d00000|100%| E|CS|TAMS 0x00000000d1c00000, 0x00000000d1c00000| Complete 
| 797|0x00000000d1d00000, 0x00000000d1e00000, 0x00000000d1e00000|100%| E|CS|TAMS 0x00000000d1d00000, 0x00000000d1d00000| Complete 
| 798|0x00000000d1e00000, 0x00000000d1f00000, 0x00000000d1f00000|100%| E|CS|TAMS 0x00000000d1e00000, 0x00000000d1e00000| Complete 
| 799|0x00000000d1f00000, 0x00000000d2000000, 0x00000000d2000000|100%| E|CS|TAMS 0x00000000d1f00000, 0x00000000d1f00000| Complete 
| 800|0x00000000d2000000, 0x00000000d2100000, 0x00000000d2100000|100%| E|CS|TAMS 0x00000000d2000000, 0x00000000d2000000| Complete 
| 801|0x00000000d2100000, 0x00000000d2200000, 0x00000000d2200000|100%| E|CS|TAMS 0x00000000d2100000, 0x00000000d2100000| Complete 
| 802|0x00000000d2200000, 0x00000000d2300000, 0x00000000d2300000|100%| E|CS|TAMS 0x00000000d2200000, 0x00000000d2200000| Complete 
| 803|0x00000000d2300000, 0x00000000d2400000, 0x00000000d2400000|100%| E|CS|TAMS 0x00000000d2300000, 0x00000000d2300000| Complete 
| 804|0x00000000d2400000, 0x00000000d2500000, 0x00000000d2500000|100%| E|CS|TAMS 0x00000000d2400000, 0x00000000d2400000| Complete 
| 805|0x00000000d2500000, 0x00000000d2600000, 0x00000000d2600000|100%| E|CS|TAMS 0x00000000d2500000, 0x00000000d2500000| Complete 
| 806|0x00000000d2600000, 0x00000000d2700000, 0x00000000d2700000|100%| E|CS|TAMS 0x00000000d2600000, 0x00000000d2600000| Complete 
| 807|0x00000000d2700000, 0x00000000d2800000, 0x00000000d2800000|100%| E|CS|TAMS 0x00000000d2700000, 0x00000000d2700000| Complete 
| 808|0x00000000d2800000, 0x00000000d2900000, 0x00000000d2900000|100%| E|CS|TAMS 0x00000000d2800000, 0x00000000d2800000| Complete 
| 809|0x00000000d2900000, 0x00000000d2a00000, 0x00000000d2a00000|100%| E|CS|TAMS 0x00000000d2900000, 0x00000000d2900000| Complete 
| 810|0x00000000d2a00000, 0x00000000d2b00000, 0x00000000d2b00000|100%| E|CS|TAMS 0x00000000d2a00000, 0x00000000d2a00000| Complete 
| 811|0x00000000d2b00000, 0x00000000d2c00000, 0x00000000d2c00000|100%| E|CS|TAMS 0x00000000d2b00000, 0x00000000d2b00000| Complete 
| 812|0x00000000d2c00000, 0x00000000d2d00000, 0x00000000d2d00000|100%| E|CS|TAMS 0x00000000d2c00000, 0x00000000d2c00000| Complete 
| 813|0x00000000d2d00000, 0x00000000d2e00000, 0x00000000d2e00000|100%| E|CS|TAMS 0x00000000d2d00000, 0x00000000d2d00000| Complete 
| 814|0x00000000d2e00000, 0x00000000d2f00000, 0x00000000d2f00000|100%| E|CS|TAMS 0x00000000d2e00000, 0x00000000d2e00000| Complete 
| 815|0x00000000d2f00000, 0x00000000d3000000, 0x00000000d3000000|100%| E|CS|TAMS 0x00000000d2f00000, 0x00000000d2f00000| Complete 
| 816|0x00000000d3000000, 0x00000000d3100000, 0x00000000d3100000|100%| E|CS|TAMS 0x00000000d3000000, 0x00000000d3000000| Complete 
| 817|0x00000000d3100000, 0x00000000d3200000, 0x00000000d3200000|100%| E|CS|TAMS 0x00000000d3100000, 0x00000000d3100000| Complete 
| 818|0x00000000d3200000, 0x00000000d3300000, 0x00000000d3300000|100%| E|CS|TAMS 0x00000000d3200000, 0x00000000d3200000| Complete 
| 819|0x00000000d3300000, 0x00000000d3400000, 0x00000000d3400000|100%| E|CS|TAMS 0x00000000d3300000, 0x00000000d3300000| Complete 
| 820|0x00000000d3400000, 0x00000000d3500000, 0x00000000d3500000|100%| E|CS|TAMS 0x00000000d3400000, 0x00000000d3400000| Complete 
| 821|0x00000000d3500000, 0x00000000d3600000, 0x00000000d3600000|100%| E|CS|TAMS 0x00000000d3500000, 0x00000000d3500000| Complete 
| 822|0x00000000d3600000, 0x00000000d3700000, 0x00000000d3700000|100%| E|CS|TAMS 0x00000000d3600000, 0x00000000d3600000| Complete 
| 823|0x00000000d3700000, 0x00000000d3800000, 0x00000000d3800000|100%| E|CS|TAMS 0x00000000d3700000, 0x00000000d3700000| Complete 
| 824|0x00000000d3800000, 0x00000000d3900000, 0x00000000d3900000|100%| E|CS|TAMS 0x00000000d3800000, 0x00000000d3800000| Complete 
| 825|0x00000000d3900000, 0x00000000d3a00000, 0x00000000d3a00000|100%| E|CS|TAMS 0x00000000d3900000, 0x00000000d3900000| Complete 
| 826|0x00000000d3a00000, 0x00000000d3b00000, 0x00000000d3b00000|100%| E|CS|TAMS 0x00000000d3a00000, 0x00000000d3a00000| Complete 
| 827|0x00000000d3b00000, 0x00000000d3c00000, 0x00000000d3c00000|100%| E|CS|TAMS 0x00000000d3b00000, 0x00000000d3b00000| Complete 
| 828|0x00000000d3c00000, 0x00000000d3d00000, 0x00000000d3d00000|100%| E|CS|TAMS 0x00000000d3c00000, 0x00000000d3c00000| Complete 
| 829|0x00000000d3d00000, 0x00000000d3e00000, 0x00000000d3e00000|100%| E|CS|TAMS 0x00000000d3d00000, 0x00000000d3d00000| Complete 
| 830|0x00000000d3e00000, 0x00000000d3f00000, 0x00000000d3f00000|100%| E|CS|TAMS 0x00000000d3e00000, 0x00000000d3e00000| Complete 
| 831|0x00000000d3f00000, 0x00000000d4000000, 0x00000000d4000000|100%| E|CS|TAMS 0x00000000d3f00000, 0x00000000d3f00000| Complete 
| 832|0x00000000d4000000, 0x00000000d4100000, 0x00000000d4100000|100%| E|CS|TAMS 0x00000000d4000000, 0x00000000d4000000| Complete 
| 833|0x00000000d4100000, 0x00000000d4200000, 0x00000000d4200000|100%| E|CS|TAMS 0x00000000d4100000, 0x00000000d4100000| Complete 
| 834|0x00000000d4200000, 0x00000000d4300000, 0x00000000d4300000|100%| E|CS|TAMS 0x00000000d4200000, 0x00000000d4200000| Complete 
| 835|0x00000000d4300000, 0x00000000d4400000, 0x00000000d4400000|100%| E|CS|TAMS 0x00000000d4300000, 0x00000000d4300000| Complete 
| 836|0x00000000d4400000, 0x00000000d4500000, 0x00000000d4500000|100%| E|CS|TAMS 0x00000000d4400000, 0x00000000d4400000| Complete 
| 837|0x00000000d4500000, 0x00000000d4600000, 0x00000000d4600000|100%| E|CS|TAMS 0x00000000d4500000, 0x00000000d4500000| Complete 
| 838|0x00000000d4600000, 0x00000000d4700000, 0x00000000d4700000|100%| E|CS|TAMS 0x00000000d4600000, 0x00000000d4600000| Complete 
| 839|0x00000000d4700000, 0x00000000d4800000, 0x00000000d4800000|100%| E|CS|TAMS 0x00000000d4700000, 0x00000000d4700000| Complete 
| 840|0x00000000d4800000, 0x00000000d4900000, 0x00000000d4900000|100%| E|CS|TAMS 0x00000000d4800000, 0x00000000d4800000| Complete 
| 841|0x00000000d4900000, 0x00000000d4a00000, 0x00000000d4a00000|100%| E|CS|TAMS 0x00000000d4900000, 0x00000000d4900000| Complete 
| 842|0x00000000d4a00000, 0x00000000d4b00000, 0x00000000d4b00000|100%| E|CS|TAMS 0x00000000d4a00000, 0x00000000d4a00000| Complete 
| 843|0x00000000d4b00000, 0x00000000d4c00000, 0x00000000d4c00000|100%| E|CS|TAMS 0x00000000d4b00000, 0x00000000d4b00000| Complete 
| 844|0x00000000d4c00000, 0x00000000d4d00000, 0x00000000d4d00000|100%| E|CS|TAMS 0x00000000d4c00000, 0x00000000d4c00000| Complete 
| 845|0x00000000d4d00000, 0x00000000d4e00000, 0x00000000d4e00000|100%| E|CS|TAMS 0x00000000d4d00000, 0x00000000d4d00000| Complete 
| 846|0x00000000d4e00000, 0x00000000d4f00000, 0x00000000d4f00000|100%| E|CS|TAMS 0x00000000d4e00000, 0x00000000d4e00000| Complete 
| 847|0x00000000d4f00000, 0x00000000d5000000, 0x00000000d5000000|100%| E|CS|TAMS 0x00000000d4f00000, 0x00000000d4f00000| Complete 
| 848|0x00000000d5000000, 0x00000000d5100000, 0x00000000d5100000|100%| E|CS|TAMS 0x00000000d5000000, 0x00000000d5000000| Complete 
| 849|0x00000000d5100000, 0x00000000d5200000, 0x00000000d5200000|100%| E|CS|TAMS 0x00000000d5100000, 0x00000000d5100000| Complete 
| 850|0x00000000d5200000, 0x00000000d5300000, 0x00000000d5300000|100%| E|CS|TAMS 0x00000000d5200000, 0x00000000d5200000| Complete 
| 851|0x00000000d5300000, 0x00000000d5400000, 0x00000000d5400000|100%| E|CS|TAMS 0x00000000d5300000, 0x00000000d5300000| Complete 
| 852|0x00000000d5400000, 0x00000000d5500000, 0x00000000d5500000|100%| E|CS|TAMS 0x00000000d5400000, 0x00000000d5400000| Complete 
| 853|0x00000000d5500000, 0x00000000d5600000, 0x00000000d5600000|100%| E|CS|TAMS 0x00000000d5500000, 0x00000000d5500000| Complete 
| 854|0x00000000d5600000, 0x00000000d5700000, 0x00000000d5700000|100%| E|CS|TAMS 0x00000000d5600000, 0x00000000d5600000| Complete 
| 855|0x00000000d5700000, 0x00000000d5800000, 0x00000000d5800000|100%| E|CS|TAMS 0x00000000d5700000, 0x00000000d5700000| Complete 
| 856|0x00000000d5800000, 0x00000000d5900000, 0x00000000d5900000|100%| E|CS|TAMS 0x00000000d5800000, 0x00000000d5800000| Complete 
| 857|0x00000000d5900000, 0x00000000d5a00000, 0x00000000d5a00000|100%| E|CS|TAMS 0x00000000d5900000, 0x00000000d5900000| Complete 
| 858|0x00000000d5a00000, 0x00000000d5b00000, 0x00000000d5b00000|100%| E|CS|TAMS 0x00000000d5a00000, 0x00000000d5a00000| Complete 
| 859|0x00000000d5b00000, 0x00000000d5c00000, 0x00000000d5c00000|100%| E|CS|TAMS 0x00000000d5b00000, 0x00000000d5b00000| Complete 
| 860|0x00000000d5c00000, 0x00000000d5d00000, 0x00000000d5d00000|100%| E|CS|TAMS 0x00000000d5c00000, 0x00000000d5c00000| Complete 
| 861|0x00000000d5d00000, 0x00000000d5e00000, 0x00000000d5e00000|100%| E|CS|TAMS 0x00000000d5d00000, 0x00000000d5d00000| Complete 
| 862|0x00000000d5e00000, 0x00000000d5f00000, 0x00000000d5f00000|100%| E|CS|TAMS 0x00000000d5e00000, 0x00000000d5e00000| Complete 
| 863|0x00000000d5f00000, 0x00000000d6000000, 0x00000000d6000000|100%| E|CS|TAMS 0x00000000d5f00000, 0x00000000d5f00000| Complete 
| 864|0x00000000d6000000, 0x00000000d6100000, 0x00000000d6100000|100%| E|CS|TAMS 0x00000000d6000000, 0x00000000d6000000| Complete 
| 865|0x00000000d6100000, 0x00000000d6200000, 0x00000000d6200000|100%| E|CS|TAMS 0x00000000d6100000, 0x00000000d6100000| Complete 
| 866|0x00000000d6200000, 0x00000000d6300000, 0x00000000d6300000|100%| E|CS|TAMS 0x00000000d6200000, 0x00000000d6200000| Complete 
| 867|0x00000000d6300000, 0x00000000d6400000, 0x00000000d6400000|100%| E|CS|TAMS 0x00000000d6300000, 0x00000000d6300000| Complete 
| 868|0x00000000d6400000, 0x00000000d6500000, 0x00000000d6500000|100%| E|CS|TAMS 0x00000000d6400000, 0x00000000d6400000| Complete 
| 869|0x00000000d6500000, 0x00000000d6600000, 0x00000000d6600000|100%| E|CS|TAMS 0x00000000d6500000, 0x00000000d6500000| Complete 
| 870|0x00000000d6600000, 0x00000000d6700000, 0x00000000d6700000|100%| E|CS|TAMS 0x00000000d6600000, 0x00000000d6600000| Complete 
| 871|0x00000000d6700000, 0x00000000d6800000, 0x00000000d6800000|100%| E|CS|TAMS 0x00000000d6700000, 0x00000000d6700000| Complete 
| 872|0x00000000d6800000, 0x00000000d6900000, 0x00000000d6900000|100%| E|CS|TAMS 0x00000000d6800000, 0x00000000d6800000| Complete 
| 873|0x00000000d6900000, 0x00000000d6a00000, 0x00000000d6a00000|100%| E|CS|TAMS 0x00000000d6900000, 0x00000000d6900000| Complete 
| 874|0x00000000d6a00000, 0x00000000d6b00000, 0x00000000d6b00000|100%| E|CS|TAMS 0x00000000d6a00000, 0x00000000d6a00000| Complete 
| 875|0x00000000d6b00000, 0x00000000d6c00000, 0x00000000d6c00000|100%| E|CS|TAMS 0x00000000d6b00000, 0x00000000d6b00000| Complete 
| 876|0x00000000d6c00000, 0x00000000d6d00000, 0x00000000d6d00000|100%| E|CS|TAMS 0x00000000d6c00000, 0x00000000d6c00000| Complete 
| 877|0x00000000d6d00000, 0x00000000d6e00000, 0x00000000d6e00000|100%| E|CS|TAMS 0x00000000d6d00000, 0x00000000d6d00000| Complete 
| 878|0x00000000d6e00000, 0x00000000d6f00000, 0x00000000d6f00000|100%| E|CS|TAMS 0x00000000d6e00000, 0x00000000d6e00000| Complete 
| 879|0x00000000d6f00000, 0x00000000d7000000, 0x00000000d7000000|100%| E|CS|TAMS 0x00000000d6f00000, 0x00000000d6f00000| Complete 
| 880|0x00000000d7000000, 0x00000000d7100000, 0x00000000d7100000|100%| E|CS|TAMS 0x00000000d7000000, 0x00000000d7000000| Complete 
| 881|0x00000000d7100000, 0x00000000d7200000, 0x00000000d7200000|100%| E|CS|TAMS 0x00000000d7100000, 0x00000000d7100000| Complete 
| 882|0x00000000d7200000, 0x00000000d7300000, 0x00000000d7300000|100%| E|CS|TAMS 0x00000000d7200000, 0x00000000d7200000| Complete 
| 883|0x00000000d7300000, 0x00000000d7400000, 0x00000000d7400000|100%| E|CS|TAMS 0x00000000d7300000, 0x00000000d7300000| Complete 
| 884|0x00000000d7400000, 0x00000000d7500000, 0x00000000d7500000|100%| E|CS|TAMS 0x00000000d7400000, 0x00000000d7400000| Complete 
| 885|0x00000000d7500000, 0x00000000d7600000, 0x00000000d7600000|100%| E|CS|TAMS 0x00000000d7500000, 0x00000000d7500000| Complete 
| 886|0x00000000d7600000, 0x00000000d7700000, 0x00000000d7700000|100%| E|CS|TAMS 0x00000000d7600000, 0x00000000d7600000| Complete 
| 887|0x00000000d7700000, 0x00000000d7800000, 0x00000000d7800000|100%| E|CS|TAMS 0x00000000d7700000, 0x00000000d7700000| Complete 
| 888|0x00000000d7800000, 0x00000000d7900000, 0x00000000d7900000|100%| E|CS|TAMS 0x00000000d7800000, 0x00000000d7800000| Complete 
| 889|0x00000000d7900000, 0x00000000d7a00000, 0x00000000d7a00000|100%| E|CS|TAMS 0x00000000d7900000, 0x00000000d7900000| Complete 
| 890|0x00000000d7a00000, 0x00000000d7b00000, 0x00000000d7b00000|100%| E|CS|TAMS 0x00000000d7a00000, 0x00000000d7a00000| Complete 
| 891|0x00000000d7b00000, 0x00000000d7c00000, 0x00000000d7c00000|100%| E|CS|TAMS 0x00000000d7b00000, 0x00000000d7b00000| Complete 
| 892|0x00000000d7c00000, 0x00000000d7d00000, 0x00000000d7d00000|100%| E|CS|TAMS 0x00000000d7c00000, 0x00000000d7c00000| Complete 
| 893|0x00000000d7d00000, 0x00000000d7e00000, 0x00000000d7e00000|100%| E|CS|TAMS 0x00000000d7d00000, 0x00000000d7d00000| Complete 
| 894|0x00000000d7e00000, 0x00000000d7f00000, 0x00000000d7f00000|100%| E|CS|TAMS 0x00000000d7e00000, 0x00000000d7e00000| Complete 
| 895|0x00000000d7f00000, 0x00000000d8000000, 0x00000000d8000000|100%| E|CS|TAMS 0x00000000d7f00000, 0x00000000d7f00000| Complete 
| 896|0x00000000d8000000, 0x00000000d8100000, 0x00000000d8100000|100%| E|CS|TAMS 0x00000000d8000000, 0x00000000d8000000| Complete 
| 897|0x00000000d8100000, 0x00000000d8200000, 0x00000000d8200000|100%| E|CS|TAMS 0x00000000d8100000, 0x00000000d8100000| Complete 
| 898|0x00000000d8200000, 0x00000000d8300000, 0x00000000d8300000|100%| E|CS|TAMS 0x00000000d8200000, 0x00000000d8200000| Complete 
| 899|0x00000000d8300000, 0x00000000d8400000, 0x00000000d8400000|100%| E|CS|TAMS 0x00000000d8300000, 0x00000000d8300000| Complete 
| 900|0x00000000d8400000, 0x00000000d8500000, 0x00000000d8500000|100%| E|CS|TAMS 0x00000000d8400000, 0x00000000d8400000| Complete 
| 901|0x00000000d8500000, 0x00000000d8600000, 0x00000000d8600000|100%| E|CS|TAMS 0x00000000d8500000, 0x00000000d8500000| Complete 
| 902|0x00000000d8600000, 0x00000000d8700000, 0x00000000d8700000|100%| E|CS|TAMS 0x00000000d8600000, 0x00000000d8600000| Complete 
| 903|0x00000000d8700000, 0x00000000d8800000, 0x00000000d8800000|100%| E|CS|TAMS 0x00000000d8700000, 0x00000000d8700000| Complete 
| 904|0x00000000d8800000, 0x00000000d8900000, 0x00000000d8900000|100%| E|CS|TAMS 0x00000000d8800000, 0x00000000d8800000| Complete 
| 905|0x00000000d8900000, 0x00000000d8a00000, 0x00000000d8a00000|100%| E|CS|TAMS 0x00000000d8900000, 0x00000000d8900000| Complete 
| 906|0x00000000d8a00000, 0x00000000d8b00000, 0x00000000d8b00000|100%| E|CS|TAMS 0x00000000d8a00000, 0x00000000d8a00000| Complete 
| 907|0x00000000d8b00000, 0x00000000d8c00000, 0x00000000d8c00000|100%| E|CS|TAMS 0x00000000d8b00000, 0x00000000d8b00000| Complete 
| 908|0x00000000d8c00000, 0x00000000d8d00000, 0x00000000d8d00000|100%| E|CS|TAMS 0x00000000d8c00000, 0x00000000d8c00000| Complete 
| 909|0x00000000d8d00000, 0x00000000d8e00000, 0x00000000d8e00000|100%| E|CS|TAMS 0x00000000d8d00000, 0x00000000d8d00000| Complete 
| 910|0x00000000d8e00000, 0x00000000d8f00000, 0x00000000d8f00000|100%| E|CS|TAMS 0x00000000d8e00000, 0x00000000d8e00000| Complete 
| 911|0x00000000d8f00000, 0x00000000d9000000, 0x00000000d9000000|100%| E|CS|TAMS 0x00000000d8f00000, 0x00000000d8f00000| Complete 
| 912|0x00000000d9000000, 0x00000000d9100000, 0x00000000d9100000|100%| E|CS|TAMS 0x00000000d9000000, 0x00000000d9000000| Complete 
| 913|0x00000000d9100000, 0x00000000d9200000, 0x00000000d9200000|100%| E|CS|TAMS 0x00000000d9100000, 0x00000000d9100000| Complete 
| 914|0x00000000d9200000, 0x00000000d9300000, 0x00000000d9300000|100%| E|CS|TAMS 0x00000000d9200000, 0x00000000d9200000| Complete 
| 915|0x00000000d9300000, 0x00000000d9400000, 0x00000000d9400000|100%| E|CS|TAMS 0x00000000d9300000, 0x00000000d9300000| Complete 
| 916|0x00000000d9400000, 0x00000000d9500000, 0x00000000d9500000|100%| E|CS|TAMS 0x00000000d9400000, 0x00000000d9400000| Complete 
| 917|0x00000000d9500000, 0x00000000d9600000, 0x00000000d9600000|100%| E|CS|TAMS 0x00000000d9500000, 0x00000000d9500000| Complete 
| 918|0x00000000d9600000, 0x00000000d9700000, 0x00000000d9700000|100%| E|CS|TAMS 0x00000000d9600000, 0x00000000d9600000| Complete 
| 919|0x00000000d9700000, 0x00000000d9800000, 0x00000000d9800000|100%| E|CS|TAMS 0x00000000d9700000, 0x00000000d9700000| Complete 
| 920|0x00000000d9800000, 0x00000000d9900000, 0x00000000d9900000|100%| E|CS|TAMS 0x00000000d9800000, 0x00000000d9800000| Complete 
| 921|0x00000000d9900000, 0x00000000d9a00000, 0x00000000d9a00000|100%| E|CS|TAMS 0x00000000d9900000, 0x00000000d9900000| Complete 
| 922|0x00000000d9a00000, 0x00000000d9b00000, 0x00000000d9b00000|100%| E|CS|TAMS 0x00000000d9a00000, 0x00000000d9a00000| Complete 
| 923|0x00000000d9b00000, 0x00000000d9c00000, 0x00000000d9c00000|100%| E|CS|TAMS 0x00000000d9b00000, 0x00000000d9b00000| Complete 
| 924|0x00000000d9c00000, 0x00000000d9d00000, 0x00000000d9d00000|100%| E|CS|TAMS 0x00000000d9c00000, 0x00000000d9c00000| Complete 
| 925|0x00000000d9d00000, 0x00000000d9e00000, 0x00000000d9e00000|100%| E|CS|TAMS 0x00000000d9d00000, 0x00000000d9d00000| Complete 
| 926|0x00000000d9e00000, 0x00000000d9f00000, 0x00000000d9f00000|100%| E|CS|TAMS 0x00000000d9e00000, 0x00000000d9e00000| Complete 
| 927|0x00000000d9f00000, 0x00000000da000000, 0x00000000da000000|100%| E|CS|TAMS 0x00000000d9f00000, 0x00000000d9f00000| Complete 
| 928|0x00000000da000000, 0x00000000da100000, 0x00000000da100000|100%| E|CS|TAMS 0x00000000da000000, 0x00000000da000000| Complete 
| 929|0x00000000da100000, 0x00000000da200000, 0x00000000da200000|100%| E|CS|TAMS 0x00000000da100000, 0x00000000da100000| Complete 
| 930|0x00000000da200000, 0x00000000da300000, 0x00000000da300000|100%| E|CS|TAMS 0x00000000da200000, 0x00000000da200000| Complete 
| 931|0x00000000da300000, 0x00000000da400000, 0x00000000da400000|100%| E|CS|TAMS 0x00000000da300000, 0x00000000da300000| Complete 
| 932|0x00000000da400000, 0x00000000da500000, 0x00000000da500000|100%| E|CS|TAMS 0x00000000da400000, 0x00000000da400000| Complete 
| 933|0x00000000da500000, 0x00000000da600000, 0x00000000da600000|100%| E|CS|TAMS 0x00000000da500000, 0x00000000da500000| Complete 
| 934|0x00000000da600000, 0x00000000da700000, 0x00000000da700000|100%| E|CS|TAMS 0x00000000da600000, 0x00000000da600000| Complete 
| 935|0x00000000da700000, 0x00000000da800000, 0x00000000da800000|100%| E|CS|TAMS 0x00000000da700000, 0x00000000da700000| Complete 
| 936|0x00000000da800000, 0x00000000da900000, 0x00000000da900000|100%| E|CS|TAMS 0x00000000da800000, 0x00000000da800000| Complete 
| 937|0x00000000da900000, 0x00000000daa00000, 0x00000000daa00000|100%| E|CS|TAMS 0x00000000da900000, 0x00000000da900000| Complete 
| 938|0x00000000daa00000, 0x00000000dab00000, 0x00000000dab00000|100%| E|CS|TAMS 0x00000000daa00000, 0x00000000daa00000| Complete 
| 939|0x00000000dab00000, 0x00000000dac00000, 0x00000000dac00000|100%| E|CS|TAMS 0x00000000dab00000, 0x00000000dab00000| Complete 
| 940|0x00000000dac00000, 0x00000000dad00000, 0x00000000dad00000|100%| E|CS|TAMS 0x00000000dac00000, 0x00000000dac00000| Complete 
| 941|0x00000000dad00000, 0x00000000dae00000, 0x00000000dae00000|100%| E|CS|TAMS 0x00000000dad00000, 0x00000000dad00000| Complete 
| 942|0x00000000dae00000, 0x00000000daf00000, 0x00000000daf00000|100%| E|CS|TAMS 0x00000000dae00000, 0x00000000dae00000| Complete 
| 943|0x00000000daf00000, 0x00000000db000000, 0x00000000db000000|100%| E|CS|TAMS 0x00000000daf00000, 0x00000000daf00000| Complete 
| 944|0x00000000db000000, 0x00000000db100000, 0x00000000db100000|100%| E|CS|TAMS 0x00000000db000000, 0x00000000db000000| Complete 
| 945|0x00000000db100000, 0x00000000db200000, 0x00000000db200000|100%| E|CS|TAMS 0x00000000db100000, 0x00000000db100000| Complete 
| 946|0x00000000db200000, 0x00000000db300000, 0x00000000db300000|100%| E|CS|TAMS 0x00000000db200000, 0x00000000db200000| Complete 
| 947|0x00000000db300000, 0x00000000db400000, 0x00000000db400000|100%| E|CS|TAMS 0x00000000db300000, 0x00000000db300000| Complete 
| 948|0x00000000db400000, 0x00000000db500000, 0x00000000db500000|100%| E|CS|TAMS 0x00000000db400000, 0x00000000db400000| Complete 
| 949|0x00000000db500000, 0x00000000db600000, 0x00000000db600000|100%| E|CS|TAMS 0x00000000db500000, 0x00000000db500000| Complete 
| 950|0x00000000db600000, 0x00000000db700000, 0x00000000db700000|100%| E|CS|TAMS 0x00000000db600000, 0x00000000db600000| Complete 
| 951|0x00000000db700000, 0x00000000db800000, 0x00000000db800000|100%| E|CS|TAMS 0x00000000db700000, 0x00000000db700000| Complete 
| 952|0x00000000db800000, 0x00000000db900000, 0x00000000db900000|100%| E|CS|TAMS 0x00000000db800000, 0x00000000db800000| Complete 
| 953|0x00000000db900000, 0x00000000dba00000, 0x00000000dba00000|100%| E|CS|TAMS 0x00000000db900000, 0x00000000db900000| Complete 
| 954|0x00000000dba00000, 0x00000000dbb00000, 0x00000000dbb00000|100%| E|CS|TAMS 0x00000000dba00000, 0x00000000dba00000| Complete 
| 955|0x00000000dbb00000, 0x00000000dbc00000, 0x00000000dbc00000|100%| E|CS|TAMS 0x00000000dbb00000, 0x00000000dbb00000| Complete 
| 956|0x00000000dbc00000, 0x00000000dbd00000, 0x00000000dbd00000|100%| E|CS|TAMS 0x00000000dbc00000, 0x00000000dbc00000| Complete 
| 957|0x00000000dbd00000, 0x00000000dbe00000, 0x00000000dbe00000|100%| E|CS|TAMS 0x00000000dbd00000, 0x00000000dbd00000| Complete 
| 958|0x00000000dbe00000, 0x00000000dbf00000, 0x00000000dbf00000|100%| E|CS|TAMS 0x00000000dbe00000, 0x00000000dbe00000| Complete 
| 959|0x00000000dbf00000, 0x00000000dc000000, 0x00000000dc000000|100%| E|CS|TAMS 0x00000000dbf00000, 0x00000000dbf00000| Complete 
| 960|0x00000000dc000000, 0x00000000dc100000, 0x00000000dc100000|100%| E|CS|TAMS 0x00000000dc000000, 0x00000000dc000000| Complete 
| 961|0x00000000dc100000, 0x00000000dc200000, 0x00000000dc200000|100%| E|CS|TAMS 0x00000000dc100000, 0x00000000dc100000| Complete 
| 962|0x00000000dc200000, 0x00000000dc300000, 0x00000000dc300000|100%| E|CS|TAMS 0x00000000dc200000, 0x00000000dc200000| Complete 
| 963|0x00000000dc300000, 0x00000000dc400000, 0x00000000dc400000|100%| E|CS|TAMS 0x00000000dc300000, 0x00000000dc300000| Complete 
| 964|0x00000000dc400000, 0x00000000dc500000, 0x00000000dc500000|100%| E|CS|TAMS 0x00000000dc400000, 0x00000000dc400000| Complete 
| 965|0x00000000dc500000, 0x00000000dc600000, 0x00000000dc600000|100%| E|CS|TAMS 0x00000000dc500000, 0x00000000dc500000| Complete 
| 966|0x00000000dc600000, 0x00000000dc700000, 0x00000000dc700000|100%| E|CS|TAMS 0x00000000dc600000, 0x00000000dc600000| Complete 
| 967|0x00000000dc700000, 0x00000000dc800000, 0x00000000dc800000|100%| E|CS|TAMS 0x00000000dc700000, 0x00000000dc700000| Complete 
| 968|0x00000000dc800000, 0x00000000dc900000, 0x00000000dc900000|100%| E|CS|TAMS 0x00000000dc800000, 0x00000000dc800000| Complete 
| 969|0x00000000dc900000, 0x00000000dca00000, 0x00000000dca00000|100%| E|CS|TAMS 0x00000000dc900000, 0x00000000dc900000| Complete 
| 970|0x00000000dca00000, 0x00000000dcb00000, 0x00000000dcb00000|100%| E|CS|TAMS 0x00000000dca00000, 0x00000000dca00000| Complete 
| 971|0x00000000dcb00000, 0x00000000dcc00000, 0x00000000dcc00000|100%| E|CS|TAMS 0x00000000dcb00000, 0x00000000dcb00000| Complete 
| 972|0x00000000dcc00000, 0x00000000dcd00000, 0x00000000dcd00000|100%| E|CS|TAMS 0x00000000dcc00000, 0x00000000dcc00000| Complete 
| 973|0x00000000dcd00000, 0x00000000dce00000, 0x00000000dce00000|100%| E|CS|TAMS 0x00000000dcd00000, 0x00000000dcd00000| Complete 
| 974|0x00000000dce00000, 0x00000000dcf00000, 0x00000000dcf00000|100%| E|CS|TAMS 0x00000000dce00000, 0x00000000dce00000| Complete 

Card table byte_map: [0x0000015ff7390000,0x0000015ff7690000] _byte_map_base: 0x0000015ff6e90000

Marking Bits (Prev, Next): (CMBitMap*) 0x0000015fe023b9e0, (CMBitMap*) 0x0000015fe023b9a0
 Prev Bits: [0x0000015ff9190000, 0x0000015ffa990000)
 Next Bits: [0x0000015ff7990000, 0x0000015ff9190000)

Polling page: 0x0000015fde1c0000

Metaspace:

Usage:
  Non-class:    163.58 MB used.
      Class:     23.90 MB used.
       Both:    187.48 MB used.

Virtual space:
  Non-class space:      192.00 MB reserved,     165.69 MB ( 86%) committed,  3 nodes.
      Class space:      320.00 MB reserved,      25.44 MB (  8%) committed,  1 nodes.
             Both:      512.00 MB reserved,     191.12 MB ( 37%) committed. 

Chunk freelists:
   Non-Class:  9.67 MB
       Class:  6.41 MB
        Both:  16.09 MB

MaxMetaspaceSize: 384.00 MB
CompressedClassSpaceSize: 320.00 MB
Initial GC threshold: 21.00 MB
Current GC threshold: 264.06 MB
CDS: on
MetaspaceReclaimPolicy: balanced
 - commit_granule_bytes: 65536.
 - commit_granule_words: 8192.
 - virtual_space_node_default_size: 8388608.
 - enlarge_chunks_in_place: 1.
 - new_chunks_are_fully_committed: 0.
 - uncommit_free_chunks: 1.
 - use_allocation_guard: 0.
 - handle_deallocations: 1.


Internal statistics:

num_allocs_failed_limit: 12.
num_arena_births: 4248.
num_arena_deaths: 0.
num_vsnodes_births: 4.
num_vsnodes_deaths: 0.
num_space_committed: 3056.
num_space_uncommitted: 0.
num_chunks_returned_to_freelist: 12.
num_chunks_taken_from_freelist: 13757.
num_chunk_merges: 12.
num_chunk_splits: 8563.
num_chunks_enlarged: 4988.
num_inconsistent_stats: 0.

CodeHeap 'non-profiled nmethods': size=120000Kb used=29103Kb max_used=29318Kb free=90896Kb
 bounds [0x0000015fef830000, 0x0000015ff14e0000, 0x0000015ff6d60000]
CodeHeap 'profiled nmethods': size=120000Kb used=76211Kb max_used=76765Kb free=43788Kb
 bounds [0x0000015fe7d60000, 0x0000015fec8b0000, 0x0000015fef290000]
CodeHeap 'non-nmethods': size=5760Kb used=2571Kb max_used=2632Kb free=3188Kb
 bounds [0x0000015fef290000, 0x0000015fef530000, 0x0000015fef830000]
 total_blobs=38361 nmethods=37248 adapters=1023
 compilation: enabled
              stopped_count=0, restarted_count=0
 full_count=0

Compilation events (20 events):
Event: 269.687 Thread 0x0000015ffd40e4e0 nmethod 50989 0x0000015fec228590 code [0x0000015fec2288c0, 0x0000015fec229658]
Event: 269.698 Thread 0x0000015ffd40e4e0 50990       3       java.util.stream.SliceOps::flags (20 bytes)
Event: 269.698 Thread 0x0000015ffd40e4e0 nmethod 50990 0x0000015febfb4410 code [0x0000015febfb45a0, 0x0000015febfb46f8]
Event: 269.702 Thread 0x0000015ffd40e4e0 50992       3       com.android.tools.r8.internal.O9::a (15 bytes)
Event: 269.702 Thread 0x0000015ffd40e4e0 nmethod 50992 0x0000015fec211a90 code [0x0000015fec211c40, 0x0000015fec211f28]
Event: 269.702 Thread 0x0000015ffd40e4e0 50993       3       com.android.tools.r8.internal.O9::a (13 bytes)
Event: 269.702 Thread 0x0000015ffd40e4e0 nmethod 50993 0x0000015fec165c10 code [0x0000015fec165dc0, 0x0000015fec165f58]
Event: 269.712 Thread 0x0000015ffd40e4e0 50994       2       com.android.tools.r8.graph.k1::getAccessFlags (5 bytes)
Event: 269.712 Thread 0x0000015ffd40e4e0 nmethod 50994 0x0000015fec165890 code [0x0000015fec165a20, 0x0000015fec165b38]
Event: 269.712 Thread 0x0000015ffd40e4e0 50995       3       com.android.tools.r8.internal.k9::<init> (15 bytes)
Event: 269.713 Thread 0x0000015ffd40e4e0 nmethod 50995 0x0000015feb598e90 code [0x0000015feb599040, 0x0000015feb599278]
Event: 269.713 Thread 0x0000015ffd40e4e0 50996       2       com.android.tools.r8.synthesis.t::<init> (57 bytes)
Event: 269.713 Thread 0x0000015ffd40e4e0 nmethod 50996 0x0000015fec165410 code [0x0000015fec1655a0, 0x0000015fec165758]
Event: 269.714 Thread 0x0000015ffd40e4e0 50997       2       com.android.tools.r8.synthesis.X::<init> (8 bytes)
Event: 269.714 Thread 0x0000015ffd40e4e0 nmethod 50997 0x0000015feb598a90 code [0x0000015feb598c40, 0x0000015feb598dc8]
Event: 269.714 Thread 0x0000015ffd40e4e0 50998       2       com.android.tools.r8.synthesis.n::<init> (12 bytes)
Event: 269.714 Thread 0x0000015ffd40e4e0 nmethod 50998 0x0000015feb598690 code [0x0000015feb598840, 0x0000015feb5989c8]
Event: 269.715 Thread 0x0000015ffd40e4e0 51000       2       com.android.tools.r8.internal.mS::a (192 bytes)
Event: 270.708 Thread 0x0000015ffd40e4e0 nmethod 51000 0x0000015feb597b90 code [0x0000015feb597da0, 0x0000015feb598208]
Event: 270.708 Thread 0x0000015ffd40e4e0 51016 %     3       com.android.tools.r8.internal.o00::b @ 19 (1938 bytes)

GC Heap History (20 events):
Event: 227.284 GC heap before
{Heap before GC invocations=267 (full 0):
 garbage-first heap   total 998400K, used 878392K [0x00000000a0000000, 0x0000000100000000)
  region size 1024K, 305 young (312320K), 15 survivors (15360K)
 Metaspace       used 170910K, committed 174464K, reserved 524288K
  class space    used 21705K, committed 23232K, reserved 327680K
}
Event: 227.294 GC heap after
{Heap after GC invocations=268 (full 0):
 garbage-first heap   total 998400K, used 573456K [0x00000000a0000000, 0x0000000100000000)
  region size 1024K, 16 young (16384K), 16 survivors (16384K)
 Metaspace       used 170910K, committed 174464K, reserved 524288K
  class space    used 21705K, committed 23232K, reserved 327680K
}
Event: 230.644 GC heap before
{Heap before GC invocations=268 (full 0):
 garbage-first heap   total 998400K, used 881680K [0x00000000a0000000, 0x0000000100000000)
  region size 1024K, 305 young (312320K), 16 survivors (16384K)
 Metaspace       used 171619K, committed 175168K, reserved 524288K
  class space    used 21745K, committed 23296K, reserved 327680K
}
Event: 230.655 GC heap after
{Heap after GC invocations=269 (full 0):
 garbage-first heap   total 998400K, used 580060K [0x00000000a0000000, 0x0000000100000000)
  region size 1024K, 20 young (20480K), 20 survivors (20480K)
 Metaspace       used 171619K, committed 175168K, reserved 524288K
  class space    used 21745K, committed 23296K, reserved 327680K
}
Event: 234.509 GC heap before
{Heap before GC invocations=269 (full 0):
 garbage-first heap   total 998400K, used 869852K [0x00000000a0000000, 0x0000000100000000)
  region size 1024K, 304 young (311296K), 20 survivors (20480K)
 Metaspace       used 171695K, committed 175296K, reserved 524288K
  class space    used 21746K, committed 23296K, reserved 327680K
}
Event: 234.522 GC heap after
{Heap after GC invocations=270 (full 0):
 garbage-first heap   total 998400K, used 573065K [0x00000000a0000000, 0x0000000100000000)
  region size 1024K, 18 young (18432K), 18 survivors (18432K)
 Metaspace       used 171695K, committed 175296K, reserved 524288K
  class space    used 21746K, committed 23296K, reserved 327680K
}
Event: 253.949 GC heap before
{Heap before GC invocations=270 (full 0):
 garbage-first heap   total 998400K, used 882313K [0x00000000a0000000, 0x0000000100000000)
  region size 1024K, 309 young (316416K), 18 survivors (18432K)
 Metaspace       used 172450K, committed 176064K, reserved 524288K
  class space    used 21801K, committed 23360K, reserved 327680K
}
Event: 253.965 GC heap after
{Heap after GC invocations=271 (full 0):
 garbage-first heap   total 998400K, used 580555K [0x00000000a0000000, 0x0000000100000000)
  region size 1024K, 23 young (23552K), 23 survivors (23552K)
 Metaspace       used 172450K, committed 176064K, reserved 524288K
  class space    used 21801K, committed 23360K, reserved 327680K
}
Event: 256.203 GC heap before
{Heap before GC invocations=271 (full 0):
 garbage-first heap   total 998400K, used 868299K [0x00000000a0000000, 0x0000000100000000)
  region size 1024K, 305 young (312320K), 23 survivors (23552K)
 Metaspace       used 172485K, committed 176128K, reserved 524288K
  class space    used 21801K, committed 23360K, reserved 327680K
}
Event: 256.235 GC heap after
{Heap after GC invocations=272 (full 0):
 garbage-first heap   total 998400K, used 575043K [0x00000000a0000000, 0x0000000100000000)
  region size 1024K, 18 young (18432K), 18 survivors (18432K)
 Metaspace       used 172485K, committed 176128K, reserved 524288K
  class space    used 21801K, committed 23360K, reserved 327680K
}
Event: 262.484 GC heap before
{Heap before GC invocations=272 (full 0):
 garbage-first heap   total 998400K, used 878147K [0x00000000a0000000, 0x0000000100000000)
  region size 1024K, 309 young (316416K), 18 survivors (18432K)
 Metaspace       used 179648K, committed 183296K, reserved 524288K
  class space    used 22833K, committed 24384K, reserved 327680K
}
Event: 262.508 GC heap after
{Heap after GC invocations=273 (full 0):
 garbage-first heap   total 998400K, used 580873K [0x00000000a0000000, 0x0000000100000000)
  region size 1024K, 22 young (22528K), 22 survivors (22528K)
 Metaspace       used 179648K, committed 183296K, reserved 524288K
  class space    used 22833K, committed 24384K, reserved 327680K
}
Event: 265.718 GC heap before
{Heap before GC invocations=273 (full 0):
 garbage-first heap   total 998400K, used 870665K [0x00000000a0000000, 0x0000000100000000)
  region size 1024K, 306 young (313344K), 22 survivors (22528K)
 Metaspace       used 190767K, committed 194496K, reserved 524288K
  class space    used 24391K, committed 25984K, reserved 327680K
}
Event: 265.742 GC heap after
{Heap after GC invocations=274 (full 0):
 garbage-first heap   total 998400K, used 583771K [0x00000000a0000000, 0x0000000100000000)
  region size 1024K, 25 young (25600K), 25 survivors (25600K)
 Metaspace       used 190767K, committed 194496K, reserved 524288K
  class space    used 24391K, committed 25984K, reserved 327680K
}
Event: 266.797 GC heap before
{Heap before GC invocations=274 (full 0):
 garbage-first heap   total 998400K, used 870491K [0x00000000a0000000, 0x0000000100000000)
  region size 1024K, 305 young (312320K), 25 survivors (25600K)
 Metaspace       used 191219K, committed 194880K, reserved 524288K
  class space    used 24434K, committed 25984K, reserved 327680K
}
Event: 266.815 GC heap after
{Heap after GC invocations=275 (full 0):
 garbage-first heap   total 998400K, used 582494K [0x00000000a0000000, 0x0000000100000000)
  region size 1024K, 19 young (19456K), 19 survivors (19456K)
 Metaspace       used 191219K, committed 194880K, reserved 524288K
  class space    used 24434K, committed 25984K, reserved 327680K
}
Event: 268.033 GC heap before
{Heap before GC invocations=275 (full 0):
 garbage-first heap   total 998400K, used 876382K [0x00000000a0000000, 0x0000000100000000)
  region size 1024K, 306 young (313344K), 19 survivors (19456K)
 Metaspace       used 191763K, committed 195456K, reserved 524288K
  class space    used 24467K, committed 26048K, reserved 327680K
}
Event: 268.055 GC heap after
{Heap after GC invocations=276 (full 0):
 garbage-first heap   total 998400K, used 588548K [0x00000000a0000000, 0x0000000100000000)
  region size 1024K, 25 young (25600K), 25 survivors (25600K)
 Metaspace       used 191763K, committed 195456K, reserved 524288K
  class space    used 24467K, committed 26048K, reserved 327680K
}
Event: 269.312 GC heap before
{Heap before GC invocations=276 (full 0):
 garbage-first heap   total 998400K, used 871172K [0x00000000a0000000, 0x0000000100000000)
  region size 1024K, 301 young (308224K), 25 survivors (25600K)
 Metaspace       used 191941K, committed 195648K, reserved 524288K
  class space    used 24472K, committed 26048K, reserved 327680K
}
Event: 269.341 GC heap after
{Heap after GC invocations=277 (full 0):
 garbage-first heap   total 998400K, used 592485K [0x00000000a0000000, 0x0000000100000000)
  region size 1024K, 23 young (23552K), 23 survivors (23552K)
 Metaspace       used 191941K, committed 195648K, reserved 524288K
  class space    used 24472K, committed 26048K, reserved 327680K
}

Dll operation events (16 events):
Event: 0.014 Loaded shared library C:\Program Files\Microsoft\jdk-17.0.18.8-hotspot\bin\java.dll
Event: 0.057 Loaded shared library C:\Program Files\Microsoft\jdk-17.0.18.8-hotspot\bin\jsvml.dll
Event: 0.102 Loaded shared library C:\Program Files\Microsoft\jdk-17.0.18.8-hotspot\bin\zip.dll
Event: 0.107 Loaded shared library C:\Program Files\Microsoft\jdk-17.0.18.8-hotspot\bin\instrument.dll
Event: 0.112 Loaded shared library C:\Program Files\Microsoft\jdk-17.0.18.8-hotspot\bin\net.dll
Event: 0.114 Loaded shared library C:\Program Files\Microsoft\jdk-17.0.18.8-hotspot\bin\nio.dll
Event: 0.117 Loaded shared library C:\Program Files\Microsoft\jdk-17.0.18.8-hotspot\bin\zip.dll
Event: 0.530 Loaded shared library C:\Program Files\Microsoft\jdk-17.0.18.8-hotspot\bin\jimage.dll
Event: 0.833 Loaded shared library C:\Program Files\Microsoft\jdk-17.0.18.8-hotspot\bin\verify.dll
Event: 0.948 Loaded shared library C:\Users\Sudharani-ITS130\.gradle\native\1def1411415f61bf3af743bc5b6707747c0891f09f0c88961ee8f79bc544acac\windows-amd64\native-platform.dll
Event: 0.966 Loaded shared library C:\Users\Sudharani-ITS130\.gradle\native\0.2.7\x86_64-windows-gnu\gradle-fileevents.dll
Event: 3.430 Loaded shared library C:\Program Files\Microsoft\jdk-17.0.18.8-hotspot\bin\management.dll
Event: 3.477 Loaded shared library C:\Program Files\Microsoft\jdk-17.0.18.8-hotspot\bin\management_ext.dll
Event: 4.059 Loaded shared library C:\Program Files\Microsoft\jdk-17.0.18.8-hotspot\bin\extnet.dll
Event: 4.261 Loaded shared library C:\Program Files\Microsoft\jdk-17.0.18.8-hotspot\bin\sunmscapi.dll
Event: 162.283 Loaded shared library C:\Program Files\Microsoft\jdk-17.0.18.8-hotspot\bin\rmi.dll

Deoptimization events (20 events):
Event: 267.898 Thread 0x0000015fa7630170 Uncommon trap: trap_request=0xffffffd6 fr.pc=0x0000015ff053c0d0 relative=0x00000000000015b0
Event: 267.898 Thread 0x0000015fa7630170 Uncommon trap: reason=array_check action=maybe_recompile pc=0x0000015ff053c0d0 method=java.util.TimSort.mergeLo(IIII)V @ 212 c2
Event: 267.898 Thread 0x0000015fa7630170 DEOPT PACKING pc=0x0000015ff053c0d0 sp=0x00000031358fe240
Event: 267.898 Thread 0x0000015fa7630170 DEOPT UNPACKING pc=0x0000015fef2ea1a3 sp=0x00000031358fe210 mode 2
Event: 268.187 Thread 0x0000015ffe31ec50 DEOPT PACKING pc=0x0000015fec116ae6 sp=0x00000031327fa2f0
Event: 268.187 Thread 0x0000015ffe31ec50 DEOPT UNPACKING pc=0x0000015fef2eace3 sp=0x00000031327f97c8 mode 0
Event: 268.613 Thread 0x0000015ffe31ec50 DEOPT PACKING pc=0x0000015fec83a772 sp=0x00000031327fa270
Event: 268.613 Thread 0x0000015ffe31ec50 DEOPT UNPACKING pc=0x0000015fef2eace3 sp=0x00000031327f9708 mode 0
Event: 268.613 Thread 0x0000015ffe31e740 DEOPT PACKING pc=0x0000015feafee56c sp=0x00000031326f8370
Event: 268.613 Thread 0x0000015ffe31e740 DEOPT UNPACKING pc=0x0000015fef2eace3 sp=0x00000031326f7988 mode 0
Event: 268.613 Thread 0x0000015ffe31e740 DEOPT PACKING pc=0x0000015fec5d59d4 sp=0x00000031326f8e80
Event: 268.613 Thread 0x0000015ffe31e740 DEOPT UNPACKING pc=0x0000015fef2eace3 sp=0x00000031326f8718 mode 0
Event: 268.653 Thread 0x0000015ffe31ec50 DEOPT PACKING pc=0x0000015febd5b13d sp=0x00000031327f9010
Event: 268.653 Thread 0x0000015ffe31ec50 DEOPT UNPACKING pc=0x0000015fef2eace3 sp=0x00000031327f8788 mode 0
Event: 268.736 Thread 0x0000015ffe31e740 DEOPT PACKING pc=0x0000015fec180437 sp=0x00000031326f8a00
Event: 268.736 Thread 0x0000015ffe31e740 DEOPT UNPACKING pc=0x0000015fef2eace3 sp=0x00000031326f7f30 mode 0
Event: 268.869 Thread 0x0000015ffe31ec50 DEOPT PACKING pc=0x0000015febf37b78 sp=0x00000031327f9480
Event: 268.869 Thread 0x0000015ffe31ec50 DEOPT UNPACKING pc=0x0000015fef2eace3 sp=0x00000031327f8918 mode 0
Event: 269.748 Thread 0x0000015ffe31ec50 DEOPT PACKING pc=0x0000015fe82ab804 sp=0x00000031327f9950
Event: 269.748 Thread 0x0000015ffe31ec50 DEOPT UNPACKING pc=0x0000015fef2eace3 sp=0x00000031327f8e00 mode 0

Classes loaded (20 events):
Event: 263.653 Loading class java/util/IdentityHashMap$IdentityHashMapSpliterator done
Event: 263.653 Loading class java/util/IdentityHashMap$EntrySpliterator done
Event: 263.680 Loading class java/util/SortedSet$1
Event: 263.681 Loading class java/util/SortedSet$1 done
Event: 263.688 Loading class java/util/stream/SliceOps
Event: 263.689 Loading class java/util/stream/SliceOps done
Event: 263.689 Loading class java/util/stream/SliceOps$1
Event: 263.690 Loading class java/util/stream/SliceOps$1 done
Event: 263.693 Loading class java/util/stream/SliceOps$1$1
Event: 263.694 Loading class java/util/stream/SliceOps$1$1 done
Event: 264.743 Loading class java/nio/ShortBuffer
Event: 264.744 Loading class java/nio/ShortBuffer done
Event: 264.780 Loading class java/nio/ByteBufferAsShortBufferL
Event: 264.780 Loading class java/nio/ByteBufferAsShortBufferL done
Event: 264.818 Loading class java/util/zip/Adler32
Event: 264.818 Loading class java/util/zip/Adler32 done
Event: 266.385 Loading class java/util/concurrent/ConcurrentHashMap$TreeNode
Event: 266.387 Loading class java/util/concurrent/ConcurrentHashMap$TreeNode done
Event: 266.387 Loading class java/util/concurrent/ConcurrentHashMap$TreeBin
Event: 266.395 Loading class java/util/concurrent/ConcurrentHashMap$TreeBin done

Classes unloaded (0 events):
No events

Classes redefined (0 events):
No events

Internal exceptions (20 events):
Event: 267.189 Thread 0x0000015fa7b02c20 Exception <a 'sun/nio/fs/WindowsException'{0x00000000dbc0f2a8}> (0x00000000dbc0f2a8) 
thrown [s\src\hotspot\share\prims\jni.cpp, line 516]
Event: 267.264 Thread 0x0000015ffe31ec50 Exception <a 'java/lang/NoSuchMethodError'{0x00000000d4d44880}: 'java.lang.Object java.lang.invoke.DirectMethodHandle$Holder.newInvokeSpecial(java.lang.Object, int, java.lang.Object, java.lang.Object, java.lang.Object)'> (0x00000000d4d44880) 
thrown [s\src\hotspot\share\interpreter\linkResolver.cpp, line 759]
Event: 267.264 Thread 0x0000015ffe31ec50 Exception <a 'java/lang/NoSuchMethodError'{0x00000000d4d49288}: 'java.lang.Object java.lang.invoke.DirectMethodHandle$Holder.invokeSpecial(java.lang.Object, java.lang.Object, int, java.lang.Object, java.lang.Object, java.lang.Object)'> (0x00000000d4d49288) 
thrown [s\src\hotspot\share\interpreter\linkResolver.cpp, line 759]
Event: 267.386 Thread 0x0000015ffe31ec50 Exception <a 'sun/nio/fs/WindowsException'{0x00000000d42a3f68}> (0x00000000d42a3f68) 
thrown [s\src\hotspot\share\prims\jni.cpp, line 516]
Event: 267.441 Thread 0x0000015ffe31ec50 Exception <a 'sun/nio/fs/WindowsException'{0x00000000d41ff560}> (0x00000000d41ff560) 
thrown [s\src\hotspot\share\prims\jni.cpp, line 516]
Event: 267.444 Thread 0x0000015ffe31ec50 Exception <a 'sun/nio/fs/WindowsException'{0x00000000d4040ac8}> (0x00000000d4040ac8) 
thrown [s\src\hotspot\share\prims\jni.cpp, line 516]
Event: 267.444 Thread 0x0000015ffe31ec50 Exception <a 'sun/nio/fs/WindowsException'{0x00000000d40419d8}> (0x00000000d40419d8) 
thrown [s\src\hotspot\share\prims\jni.cpp, line 516]
Event: 267.444 Thread 0x0000015ffe31ec50 Exception <a 'sun/nio/fs/WindowsException'{0x00000000d4041bb0}> (0x00000000d4041bb0) 
thrown [s\src\hotspot\share\prims\jni.cpp, line 516]
Event: 267.446 Thread 0x0000015fa7630170 Exception <a 'sun/nio/fs/WindowsException'{0x00000000d40ba388}> (0x00000000d40ba388) 
thrown [s\src\hotspot\share\prims\jni.cpp, line 516]
Event: 267.446 Thread 0x0000015fa7630170 Exception <a 'sun/nio/fs/WindowsException'{0x00000000d40ba620}> (0x00000000d40ba620) 
thrown [s\src\hotspot\share\prims\jni.cpp, line 516]
Event: 267.446 Thread 0x0000015fa7630170 Exception <a 'sun/nio/fs/WindowsException'{0x00000000d40ba828}> (0x00000000d40ba828) 
thrown [s\src\hotspot\share\prims\jni.cpp, line 516]
Event: 267.849 Thread 0x0000015ffe31ec50 Exception <a 'sun/nio/fs/WindowsException'{0x00000000ce62d6f0}> (0x00000000ce62d6f0) 
thrown [s\src\hotspot\share\prims\jni.cpp, line 516]
Event: 267.883 Thread 0x0000015ffe31ec50 Exception <a 'sun/nio/fs/WindowsException'{0x00000000cdf13750}> (0x00000000cdf13750) 
thrown [s\src\hotspot\share\prims\jni.cpp, line 516]
Event: 267.886 Thread 0x0000015ffe31ec50 Exception <a 'sun/nio/fs/WindowsException'{0x00000000cdf6da50}> (0x00000000cdf6da50) 
thrown [s\src\hotspot\share\prims\jni.cpp, line 516]
Event: 267.886 Thread 0x0000015ffe31ec50 Exception <a 'sun/nio/fs/WindowsException'{0x00000000cdf6e970}> (0x00000000cdf6e970) 
thrown [s\src\hotspot\share\prims\jni.cpp, line 516]
Event: 267.886 Thread 0x0000015ffe31ec50 Exception <a 'sun/nio/fs/WindowsException'{0x00000000cdf6eb58}> (0x00000000cdf6eb58) 
thrown [s\src\hotspot\share\prims\jni.cpp, line 516]
Event: 267.888 Thread 0x0000015fa7630170 Exception <a 'sun/nio/fs/WindowsException'{0x00000000cde82448}> (0x00000000cde82448) 
thrown [s\src\hotspot\share\prims\jni.cpp, line 516]
Event: 267.888 Thread 0x0000015fa7630170 Exception <a 'sun/nio/fs/WindowsException'{0x00000000cde826f8}> (0x00000000cde826f8) 
thrown [s\src\hotspot\share\prims\jni.cpp, line 516]
Event: 267.888 Thread 0x0000015fa7630170 Exception <a 'sun/nio/fs/WindowsException'{0x00000000cde82910}> (0x00000000cde82910) 
thrown [s\src\hotspot\share\prims\jni.cpp, line 516]
Event: 269.194 Thread 0x0000015ffe31ec50 Exception <a 'java/lang/NoSuchMethodError'{0x00000000ce2c33d0}: 'java.lang.Object java.lang.invoke.DirectMethodHandle$Holder.newInvokeSpecial(java.lang.Object, int, java.lang.Object, java.lang.Object, java.lang.Object, java.lang.Object)'> (0x00000000ce2c33d0) 
thrown [s\src\hotspot\share\interpreter\linkResolver.cpp, line 759]

VM Operations (20 events):
Event: 267.126 Executing VM operation: ICBufferFull
Event: 267.126 Executing VM operation: ICBufferFull done
Event: 267.319 Executing VM operation: ICBufferFull
Event: 267.319 Executing VM operation: ICBufferFull done
Event: 267.746 Executing VM operation: HandshakeAllThreads
Event: 267.746 Executing VM operation: HandshakeAllThreads done
Event: 267.843 Executing VM operation: ICBufferFull
Event: 267.843 Executing VM operation: ICBufferFull done
Event: 268.032 Executing VM operation: G1CollectForAllocation
Event: 268.055 Executing VM operation: G1CollectForAllocation done
Event: 268.160 Executing VM operation: HandshakeAllThreads
Event: 268.612 Executing VM operation: HandshakeAllThreads done
Event: 268.612 Executing VM operation: HandshakeAllThreads
Event: 268.613 Executing VM operation: HandshakeAllThreads done
Event: 268.695 Executing VM operation: HandshakeAllThreads
Event: 268.695 Executing VM operation: HandshakeAllThreads done
Event: 269.173 Executing VM operation: ICBufferFull
Event: 269.173 Executing VM operation: ICBufferFull done
Event: 269.312 Executing VM operation: G1CollectForAllocation
Event: 269.341 Executing VM operation: G1CollectForAllocation done

Memory protections (0 events):
No events

Nmethod flushes (20 events):
Event: 268.752 Thread 0x0000015ffd41b0b0 flushing  nmethod 0x0000015fec355290
Event: 268.752 Thread 0x0000015ffd41b0b0 flushing  nmethod 0x0000015fec3a0a10
Event: 268.753 Thread 0x0000015ffd41b0b0 flushing  nmethod 0x0000015fec40ae90
Event: 268.753 Thread 0x0000015ffd41b0b0 flushing  nmethod 0x0000015fec461f90
Event: 268.753 Thread 0x0000015ffd41b0b0 flushing  nmethod 0x0000015fec462510
Event: 268.753 Thread 0x0000015ffd41b0b0 flushing  nmethod 0x0000015fec4b6190
Event: 268.754 Thread 0x0000015ffd41b0b0 flushing  nmethod 0x0000015fec617290
Event: 268.754 Thread 0x0000015ffd41b0b0 flushing  nmethod 0x0000015fec61a710
Event: 268.754 Thread 0x0000015ffd41b0b0 flushing  nmethod 0x0000015fec61b510
Event: 268.754 Thread 0x0000015ffd41b0b0 flushing  nmethod 0x0000015fec61ba90
Event: 268.754 Thread 0x0000015ffd41b0b0 flushing  nmethod 0x0000015fec61be90
Event: 268.755 Thread 0x0000015ffd41b0b0 flushing  nmethod 0x0000015fec705810
Event: 268.755 Thread 0x0000015ffd41b0b0 flushing  nmethod 0x0000015fec709010
Event: 268.755 Thread 0x0000015ffd41b0b0 flushing  nmethod 0x0000015fec709710
Event: 268.755 Thread 0x0000015ffd41b0b0 flushing  nmethod 0x0000015fec709c90
Event: 268.755 Thread 0x0000015ffd41b0b0 flushing  nmethod 0x0000015fec70f690
Event: 268.755 Thread 0x0000015ffd41b0b0 flushing  nmethod 0x0000015fec758590
Event: 268.755 Thread 0x0000015ffd41b0b0 flushing  nmethod 0x0000015fec79ad90
Event: 268.755 Thread 0x0000015ffd41b0b0 flushing  nmethod 0x0000015fec79bd10
Event: 268.755 Thread 0x0000015ffd41b0b0 flushing  nmethod 0x0000015fec79c190

Events (20 events):
Event: 214.188 Thread 0x0000015fa7b01cf0 Thread exited: 0x0000015fa7b01cf0
Event: 215.059 Thread 0x0000015fa7b008b0 Thread added: 0x0000015fa8da9810
Event: 215.072 Thread 0x0000015fa9d9a4b0 Thread added: 0x0000015fa85de7a0
Event: 220.706 Thread 0x0000015fa8da9810 Thread exited: 0x0000015fa8da9810
Event: 221.606 Thread 0x0000015fa8d50860 Thread added: 0x0000015fa8d50350
Event: 222.714 Thread 0x0000015fa7b008b0 Thread added: 0x0000015fa94dcab0
Event: 227.297 Thread 0x0000015fa94dcab0 Thread exited: 0x0000015fa94dcab0
Event: 233.033 Thread 0x0000015ffe31a570 Thread exited: 0x0000015ffe31a570
Event: 235.034 Thread 0x0000015fa7b008b0 Thread added: 0x0000015fa892d970
Event: 250.840 Thread 0x0000015ffe31ec50 Thread added: 0x0000015fa7630170
Event: 253.970 Thread 0x0000015fa8d50350 Thread exited: 0x0000015fa8d50350
Event: 253.971 Thread 0x0000015fa892d970 Thread exited: 0x0000015fa892d970
Event: 254.681 Thread 0x0000015fa7630170 Thread added: 0x0000015fa7b02200
Event: 257.290 Thread 0x0000015fa7b008b0 Thread exited: 0x0000015fa7b008b0
Event: 258.752 Thread 0x0000015ffe31ec50 Thread added: 0x0000015fa7b02c20
Event: 259.165 Thread 0x0000015fa17fa740 Thread exited: 0x0000015fa17fa740
Event: 259.165 Thread 0x0000015fa17f9d20 Thread exited: 0x0000015fa17f9d20
Event: 259.173 Thread 0x0000015fa17fa230 Thread exited: 0x0000015fa17fa230
Event: 260.766 Thread 0x0000015fa8d50860 Thread exited: 0x0000015fa8d50860
Event: 262.511 Thread 0x0000015fa7b02200 Thread exited: 0x0000015fa7b02200


Dynamic libraries:
0x00007ff75f3e0000 - 0x00007ff75f3ee000 	C:\Program Files\Microsoft\jdk-17.0.18.8-hotspot\bin\java.exe
0x00007ff9e5820000 - 0x00007ff9e5a86000 	C:\WINDOWS\SYSTEM32\ntdll.dll
0x00007ff9e4310000 - 0x00007ff9e43d9000 	C:\WINDOWS\System32\KERNEL32.DLL
0x00007ff9e2a30000 - 0x00007ff9e2e2f000 	C:\WINDOWS\System32\KERNELBASE.dll
0x00007ff9e3090000 - 0x00007ff9e31dc000 	C:\WINDOWS\System32\ucrtbase.dll
0x00007ff94c600000 - 0x00007ff94c61e000 	C:\Program Files\Microsoft\jdk-17.0.18.8-hotspot\bin\VCRUNTIME140.dll
0x00007ff94d100000 - 0x00007ff94d118000 	C:\Program Files\Microsoft\jdk-17.0.18.8-hotspot\bin\jli.dll
0x00007ff9e5280000 - 0x00007ff9e5446000 	C:\WINDOWS\System32\USER32.dll
0x00007ff9c4a20000 - 0x00007ff9c4cb1000 	C:\WINDOWS\WinSxS\amd64_microsoft.windows.common-controls_6595b64144ccf1df_6.0.26100.8972_none_3e0da176e32f9d4b\COMCTL32.dll
0x00007ff9e3520000 - 0x00007ff9e3547000 	C:\WINDOWS\System32\win32u.dll
0x00007ff9e44a0000 - 0x00007ff9e4549000 	C:\WINDOWS\System32\msvcrt.dll
0x00007ff9e4470000 - 0x00007ff9e449b000 	C:\WINDOWS\System32\GDI32.dll
0x00007ff9e3280000 - 0x00007ff9e33a9000 	C:\WINDOWS\System32\gdi32full.dll
0x00007ff9e33b0000 - 0x00007ff9e3453000 	C:\WINDOWS\System32\msvcp_win.dll
0x00007ff9e3850000 - 0x00007ff9e3882000 	C:\WINDOWS\System32\IMM32.DLL
0x00007ff9cd4e0000 - 0x00007ff9cd4ec000 	C:\Program Files\Microsoft\jdk-17.0.18.8-hotspot\bin\vcruntime140_1.dll
0x00007ff943380000 - 0x00007ff943409000 	C:\Program Files\Microsoft\jdk-17.0.18.8-hotspot\bin\msvcp140.dll
0x00007ff942700000 - 0x00007ff94337a000 	C:\Program Files\Microsoft\jdk-17.0.18.8-hotspot\bin\server\jvm.dll
0x00007ff9e5150000 - 0x00007ff9e520c000 	C:\WINDOWS\System32\ADVAPI32.dll
0x00007ff9e3890000 - 0x00007ff9e393a000 	C:\WINDOWS\System32\sechost.dll
0x00007ff9e4e00000 - 0x00007ff9e4f18000 	C:\WINDOWS\System32\RPCRT4.dll
0x00007ff9e5030000 - 0x00007ff9e50b2000 	C:\WINDOWS\System32\WS2_32.dll
0x00007ff9d7360000 - 0x00007ff9d7396000 	C:\WINDOWS\SYSTEM32\WINMM.dll
0x00007ff9d6900000 - 0x00007ff9d690b000 	C:\WINDOWS\SYSTEM32\VERSION.dll
0x00007ff9e2890000 - 0x00007ff9e28ee000 	C:\WINDOWS\SYSTEM32\POWRPROF.dll
0x00007ff9e2870000 - 0x00007ff9e2885000 	C:\WINDOWS\SYSTEM32\UMPDC.dll
0x00007ff9e1720000 - 0x00007ff9e173b000 	C:\WINDOWS\SYSTEM32\kernel.appcore.dll
0x00007ff9b5d30000 - 0x00007ff9b5d3a000 	C:\Program Files\Microsoft\jdk-17.0.18.8-hotspot\bin\jimage.dll
0x00007ff9e01a0000 - 0x00007ff9e03e2000 	C:\WINDOWS\SYSTEM32\DBGHELP.DLL
0x00007ff9e5450000 - 0x00007ff9e57d5000 	C:\WINDOWS\System32\combase.dll
0x00007ff9e3de0000 - 0x00007ff9e3eb9000 	C:\WINDOWS\System32\OLEAUT32.dll
0x00007ff9cf480000 - 0x00007ff9cf4bb000 	C:\WINDOWS\SYSTEM32\dbgcore.DLL
0x00007ff9e2fd0000 - 0x00007ff9e307c000 	C:\WINDOWS\System32\bcryptPrimitives.dll
0x00007ff978630000 - 0x00007ff97863f000 	C:\Program Files\Microsoft\jdk-17.0.18.8-hotspot\bin\instrument.dll
0x00007ff94c5d0000 - 0x00007ff94c5f6000 	C:\Program Files\Microsoft\jdk-17.0.18.8-hotspot\bin\java.dll
0x00007ff943510000 - 0x00007ff9435e6000 	C:\Program Files\Microsoft\jdk-17.0.18.8-hotspot\bin\jsvml.dll
0x00007ff9e4550000 - 0x00007ff9e4cd8000 	C:\WINDOWS\System32\SHELL32.dll
0x00007ff9e0500000 - 0x00007ff9e0d9b000 	C:\WINDOWS\SYSTEM32\windows.storage.dll
0x00007ff9e4f30000 - 0x00007ff9e5029000 	C:\WINDOWS\System32\SHCORE.dll
0x00007ff9e3570000 - 0x00007ff9e35d6000 	C:\WINDOWS\System32\shlwapi.dll
0x00007ff9e2950000 - 0x00007ff9e2979000 	C:\WINDOWS\SYSTEM32\profapi.dll
0x00007ff94b8a0000 - 0x00007ff94b8b8000 	C:\Program Files\Microsoft\jdk-17.0.18.8-hotspot\bin\zip.dll
0x00007ff94bfd0000 - 0x00007ff94bfeb000 	C:\Program Files\Microsoft\jdk-17.0.18.8-hotspot\bin\net.dll
0x00007ff9da220000 - 0x00007ff9da348000 	C:\WINDOWS\SYSTEM32\WINHTTP.dll
0x00007ff9e1cd0000 - 0x00007ff9e1d3c000 	C:\WINDOWS\system32\mswsock.dll
0x00007ff94b8c0000 - 0x00007ff94b8d6000 	C:\Program Files\Microsoft\jdk-17.0.18.8-hotspot\bin\nio.dll
0x00007ff9b6280000 - 0x00007ff9b6290000 	C:\Program Files\Microsoft\jdk-17.0.18.8-hotspot\bin\verify.dll
0x00007ff9b6250000 - 0x00007ff9b6277000 	C:\Users\Sudharani-ITS130\.gradle\native\1def1411415f61bf3af743bc5b6707747c0891f09f0c88961ee8f79bc544acac\windows-amd64\native-platform.dll
0x00007ff941750000 - 0x00007ff9417c8000 	C:\Users\Sudharani-ITS130\.gradle\native\0.2.7\x86_64-windows-gnu\gradle-fileevents.dll
0x00007ff9b6240000 - 0x00007ff9b624a000 	C:\Program Files\Microsoft\jdk-17.0.18.8-hotspot\bin\management.dll
0x00007ff9b3a20000 - 0x00007ff9b3a2c000 	C:\Program Files\Microsoft\jdk-17.0.18.8-hotspot\bin\management_ext.dll
0x00007ff9e4f20000 - 0x00007ff9e4f28000 	C:\WINDOWS\System32\PSAPI.DLL
0x00007ff9e1140000 - 0x00007ff9e1173000 	C:\WINDOWS\SYSTEM32\IPHLPAPI.DLL
0x00007ff9e3610000 - 0x00007ff9e361a000 	C:\WINDOWS\System32\NSI.dll
0x00007ff9da480000 - 0x00007ff9da49d000 	C:\WINDOWS\SYSTEM32\dhcpcsvc6.DLL
0x00007ff9da450000 - 0x00007ff9da475000 	C:\WINDOWS\SYSTEM32\dhcpcsvc.DLL
0x00007ff9e11e0000 - 0x00007ff9e1338000 	C:\WINDOWS\SYSTEM32\DNSAPI.dll
0x00007ff9e1ad0000 - 0x00007ff9e1add000 	C:\WINDOWS\SYSTEM32\DSPARSE.dll
0x00007ff9b1ed0000 - 0x00007ff9b1ed9000 	C:\Program Files\Microsoft\jdk-17.0.18.8-hotspot\bin\extnet.dll
0x00007ff9e1fc0000 - 0x00007ff9e1fdb000 	C:\WINDOWS\SYSTEM32\CRYPTSP.dll
0x00007ff9e1680000 - 0x00007ff9e16b9000 	C:\WINDOWS\system32\rsaenh.dll
0x00007ff9e1d80000 - 0x00007ff9e1db2000 	C:\WINDOWS\SYSTEM32\USERENV.dll
0x00007ff9e2920000 - 0x00007ff9e294a000 	C:\WINDOWS\SYSTEM32\bcrypt.dll
0x00007ff9e1fe0000 - 0x00007ff9e1fec000 	C:\WINDOWS\SYSTEM32\CRYPTBASE.dll
0x00007ff974710000 - 0x00007ff97471e000 	C:\Program Files\Microsoft\jdk-17.0.18.8-hotspot\bin\sunmscapi.dll
0x00007ff9e2e40000 - 0x00007ff9e2fbe000 	C:\WINDOWS\System32\CRYPT32.dll
0x00007ff9e2200000 - 0x00007ff9e2230000 	C:\WINDOWS\SYSTEM32\ncrypt.dll
0x00007ff9e21b0000 - 0x00007ff9e21ef000 	C:\WINDOWS\SYSTEM32\NTASN1.dll
0x00007ff9cd4b0000 - 0x00007ff9cd4b8000 	C:\WINDOWS\system32\wshunix.dll
0x00007ff9e1850000 - 0x00007ff9e1886000 	C:\WINDOWS\SYSTEM32\ntmarta.dll
0x00007ff9dcd30000 - 0x00007ff9dcdcf000 	C:\WINDOWS\system32\apphelp.dll
0x00007ff9dca20000 - 0x00007ff9dca27000 	C:\Program Files\Microsoft\jdk-17.0.18.8-hotspot\bin\rmi.dll

dbghelp: loaded successfully - version: 4.0.5 - missing functions: none
symbol engine: initialized successfully - sym options: 0x614 - pdb path: .;C:\Program Files\Microsoft\jdk-17.0.18.8-hotspot\bin;C:\WINDOWS\SYSTEM32;C:\WINDOWS\WinSxS\amd64_microsoft.windows.common-controls_6595b64144ccf1df_6.0.26100.8972_none_3e0da176e32f9d4b;C:\Program Files\Microsoft\jdk-17.0.18.8-hotspot\bin\server;C:\Users\Sudharani-ITS130\.gradle\native\1def1411415f61bf3af743bc5b6707747c0891f09f0c88961ee8f79bc544acac\windows-amd64;C:\Users\Sudharani-ITS130\.gradle\native\0.2.7\x86_64-windows-gnu

VM Arguments:
jvm_args: --add-opens=java.base/java.lang=ALL-UNNAMED --add-opens=java.base/java.lang.invoke=ALL-UNNAMED --add-opens=java.base/java.util=ALL-UNNAMED --add-opens=java.prefs/java.util.prefs=ALL-UNNAMED --add-exports=jdk.compiler/com.sun.tools.javac.api=ALL-UNNAMED --add-exports=jdk.compiler/com.sun.tools.javac.util=ALL-UNNAMED --add-opens=java.base/java.util=ALL-UNNAMED --add-opens=java.prefs/java.util.prefs=ALL-UNNAMED --add-opens=java.base/java.nio.charset=ALL-UNNAMED --add-opens=java.base/java.net=ALL-UNNAMED --add-opens=java.base/java.util.concurrent.atomic=ALL-UNNAMED --add-opens=java.xml/javax.xml.namespace=ALL-UNNAMED -XX:MaxMetaspaceSize=384m -Xmx1536m -Dfile.encoding=windows-1252 -Duser.country=US -Duser.language=en -Duser.variant -javaagent:C:\Users\Sudharani-ITS130\.gradle\wrapper\dists\gradle-8.13-bin\5xuhj0ry160q40clulazy9h7d\gradle-8.13\lib\agents\gradle-instrumentation-agent-8.13.jar 
java_command: org.gradle.launcher.daemon.bootstrap.GradleDaemon 8.13
java_class_path (initial): C:\Users\Sudharani-ITS130\.gradle\wrapper\dists\gradle-8.13-bin\5xuhj0ry160q40clulazy9h7d\gradle-8.13\lib\gradle-daemon-main-8.13.jar
Launcher Type: SUN_STANDARD

[Global flags]
     intx CICompilerCount                          = 4                                         {product} {ergonomic}
   size_t CompressedClassSpaceSize                 = 335544320                                 {product} {ergonomic}
     uint ConcGCThreads                            = 2                                         {product} {ergonomic}
     uint G1ConcRefinementThreads                  = 8                                         {product} {ergonomic}
   size_t G1HeapRegionSize                         = 1048576                                   {product} {ergonomic}
    uintx GCDrainStackTargetSize                   = 64                                        {product} {ergonomic}
   size_t InitialHeapSize                          = 260046848                                 {product} {ergonomic}
   size_t MarkStackSize                            = 4194304                                   {product} {ergonomic}
   size_t MaxHeapSize                              = 1610612736                                {product} {command line}
   size_t MaxMetaspaceSize                         = 402653184                                 {product} {command line}
   size_t MaxNewSize                               = 965738496                                 {product} {ergonomic}
   size_t MinHeapDeltaBytes                        = 1048576                                   {product} {ergonomic}
   size_t MinHeapSize                              = 8388608                                   {product} {ergonomic}
    uintx NonNMethodCodeHeapSize                   = 5839372                                {pd product} {ergonomic}
    uintx NonProfiledCodeHeapSize                  = 122909434                              {pd product} {ergonomic}
    uintx ProfiledCodeHeapSize                     = 122909434                              {pd product} {ergonomic}
    uintx ReservedCodeCacheSize                    = 251658240                              {pd product} {ergonomic}
     bool SegmentedCodeCache                       = true                                      {product} {ergonomic}
   size_t SoftMaxHeapSize                          = 1610612736                             {manageable} {ergonomic}
     bool UseCompressedClassPointers               = true                           {product lp64_product} {ergonomic}
     bool UseCompressedOops                        = true                           {product lp64_product} {ergonomic}
     bool UseG1GC                                  = true                                      {product} {ergonomic}
     bool UseLargePagesIndividualAllocation        = false                                  {pd product} {ergonomic}

Logging:
Log output configuration:
 #0: stdout all=warning uptime,level,tags
 #1: stderr all=off uptime,level,tags

Environment Variables:
JAVA_HOME=C:\Program Files\Microsoft\jdk-17.0.18.8-hotspot\
PATH=D:\DelPart\delivery_partner_frontend\node_modules\.bin;D:\DelPart\delivery_partner_frontend\node_modules\.bin;D:\DelPart\node_modules\.bin;D:\node_modules\.bin;C:\Program Files\nodejs\node_modules\npm\node_modules\@npmcli\run-script\lib\node-gyp-bin;%PATH%;C:\Users\Sudharani-ITS130\AppData\Local\Android\Sdk\platform-tools;C:\Users\Sudharani-ITS130\AppData\Local\Android\Sdk\emulator;C:\Users\Sudharani-ITS130\AppData\Local\Android\Sdk\platform-tools;C:\Users\Sudharani-ITS130\AppData\Local\Android\Sdk\emulator;;C:\WINDOWS\system32;C:\WINDOWS;C:\WINDOWS\System32\Wbem;C:\WINDOWS\System32\WindowsPowerShell\v1.0\;C:\WINDOWS\System32\OpenSSH\;C:\Program Files\Microsoft\jdk-17.0.18.8-hotspot\bin;C:\Python314\Scripts\;C:\Python314\;C:\Windows\system32;C:\Windows;C:\Windows\System32\Wbem;C:\Windows\System32\WindowsPowerShell\v1.0\;C:\Windows\System32\OpenSSH\;C:\Program Files\nodejs\;C:\ProgramData\chocolatey\bin;C:\Program Files\Git\cmd;C:\Users\Sudharani-ITS130\AppData\Local\Microsoft\WindowsApps;C:\Users\Sudharani-ITS130\AppData\Roaming\npm;C:\Users\Sudharani-ITS130\AppData\Local\Programs\Microsoft VS Code\bin;C:\Users\Sudharani-ITS130\AppData\Local\Microsoft\WindowsApps
USERNAME=Sudharani-ITS130
LANG=en_US.UTF-8
OS=Windows_NT
PROCESSOR_IDENTIFIER=Intel64 Family 6 Model 140 Stepping 1, GenuineIntel
TMP=C:\Users\SUDHAR~1\AppData\Local\Temp
TEMP=C:\Users\SUDHAR~1\AppData\Local\Temp



Periodic native trim disabled


---------------  S Y S T E M  ---------------

OS:
 Windows 11 , 64 bit Build 26100 (10.0.26100.9168)
OS uptime: 0 days 1:46 hours

CPU: total 8 (initial active 8) (4 cores per cpu, 2 threads per core) family 6 model 140 stepping 1 microcode 0xbe, cx8, cmov, fxsr, ht, mmx, 3dnowpref, sse, sse2, sse3, ssse3, sse4.1, sse4.2, popcnt, lzcnt, tsc, tscinvbit, avx, avx2, aes, erms, clmul, bmi1, bmi2, adx, avx512f, avx512dq, avx512cd, avx512bw, avx512vl, sha, fma, vzeroupper, avx512_vpopcntdq, avx512_vpclmulqdq, avx512_vaes, avx512_vnni, clflush, clflushopt, clwb, avx512_vbmi2, avx512_vbmi
Processor Information for processor 0
  Max Mhz: 1382, Current Mhz: 1382, Mhz Limit: 1382
Processor Information for processor 1
  Max Mhz: 1382, Current Mhz: 1382, Mhz Limit: 1382
Processor Information for processor 2
  Max Mhz: 1382, Current Mhz: 1382, Mhz Limit: 1382
Processor Information for processor 3
  Max Mhz: 1382, Current Mhz: 1382, Mhz Limit: 1382
Processor Information for processor 4
  Max Mhz: 1382, Current Mhz: 1382, Mhz Limit: 1382
Processor Information for processor 5
  Max Mhz: 1382, Current Mhz: 987, Mhz Limit: 1382
Processor Information for processor 6
  Max Mhz: 1382, Current Mhz: 1382, Mhz Limit: 1382
Processor Information for processor 7
  Max Mhz: 1382, Current Mhz: 1382, Mhz Limit: 1382

Memory: 4k page, system-wide physical 15781M (124M free)
TotalPageFile size 40646M (AvailPageFile size 3M)
current process WorkingSet (physical memory assigned to process): 956M, peak: 1242M
current process commit charge ("private bytes"): 1631M, peak: 1634M

vm_info: OpenJDK 64-Bit Server VM (17.0.18+8-LTS) for windows-amd64 JRE (17.0.18+8-LTS), built on Jan 15 2026 18:50:45 by "MicrosoftCorporation" with MS VC++ 17.14 (VS2022)

END.
