#
# There is insufficient memory for the Java Runtime Environment to continue.
# Native memory allocation (mmap) failed to map 63963136 bytes. Error detail: G1 virtual space
# Possible reasons:
#   The system is out of physical RAM or swap space
#   This process is running with CompressedOops enabled, and the Java Heap may be blocking the growth of the native heap
# Possible solutions:
#   Reduce memory load on the system
#   Increase physical memory or swap space
#   Check if swap backing store is full
#   Decrease Java heap size (-Xmx/-Xms)
#   Decrease number of Java threads
#   Decrease Java thread stack sizes (-Xss)
#   Set larger code cache with -XX:ReservedCodeCacheSize=
#   JVM is running with Unscaled Compressed Oops mode in which the Java heap is
#     placed in the first 4GB address space. The Java Heap base address is the
#     maximum limit for the native heap growth. Please use -XX:HeapBaseMinAddress
#     to set the Java Heap base and to place the Java Heap above 4GB virtual address.
# This output file may be truncated or incomplete.
#
#  Out of Memory Error (os_windows.cpp:3690), pid=22996, tid=23076
#
# JRE version: OpenJDK Runtime Environment Microsoft-13106358 (17.0.18+8) (build 17.0.18+8-LTS)
# Java VM: OpenJDK 64-Bit Server VM Microsoft-13106358 (17.0.18+8-LTS, mixed mode, sharing, tiered, compressed oops, compressed class ptrs, g1 gc, windows-amd64)
# No core dump will be written. Minidumps are not enabled by default on client versions of Windows
#

---------------  S U M M A R Y ------------

Command Line: --add-opens=java.base/java.lang=ALL-UNNAMED --add-opens=java.base/java.lang.invoke=ALL-UNNAMED --add-opens=java.base/java.util=ALL-UNNAMED --add-opens=java.prefs/java.util.prefs=ALL-UNNAMED --add-exports=jdk.compiler/com.sun.tools.javac.api=ALL-UNNAMED --add-exports=jdk.compiler/com.sun.tools.javac.util=ALL-UNNAMED --add-opens=java.base/java.util=ALL-UNNAMED --add-opens=java.prefs/java.util.prefs=ALL-UNNAMED --add-opens=java.base/java.nio.charset=ALL-UNNAMED --add-opens=java.base/java.net=ALL-UNNAMED --add-opens=java.base/java.util.concurrent.atomic=ALL-UNNAMED --add-opens=java.xml/javax.xml.namespace=ALL-UNNAMED -XX:MaxMetaspaceSize=256m -Xmx1024m -Dfile.encoding=windows-1252 -Duser.country=US -Duser.language=en -Duser.variant -javaagent:C:\Users\Sudharani-ITS130\.gradle\wrapper\dists\gradle-8.13-bin\5xuhj0ry160q40clulazy9h7d\gradle-8.13\lib\agents\gradle-instrumentation-agent-8.13.jar org.gradle.launcher.daemon.bootstrap.GradleDaemon 8.13

Host: 11th Gen Intel(R) Core(TM) i5-1135G7 @ 2.40GHz, 8 cores, 15G,  Windows 11 , 64 bit Build 26100 (10.0.26100.9168)
Time: Tue Aug 25 10:51:26 2026 India Standard Time elapsed time: 107.969615 seconds (0d 0h 1m 47s)

---------------  T H R E A D  ---------------

Current thread (0x0000028dffdc2c00):  VMThread "VM Thread" [stack: 0x000000ad91c00000,0x000000ad91d00000] [id=23076]

Stack: [0x000000ad91c00000,0x000000ad91d00000]
Native frames: (J=compiled Java code, j=interpreted, Vv=VM code, C=native code)
V  [jvm.dll+0x68c879]  (no source info available)
V  [jvm.dll+0x845979]  (no source info available)
V  [jvm.dll+0x8476e8]  (no source info available)
V  [jvm.dll+0x847d73]  (no source info available)
V  [jvm.dll+0x24cf6f]  (no source info available)
V  [jvm.dll+0x68bc79]  (no source info available)
V  [jvm.dll+0x68023a]  (no source info available)
V  [jvm.dll+0x3101a0]  (no source info available)
V  [jvm.dll+0x310042]  (no source info available)
V  [jvm.dll+0x317599]  (no source info available)
V  [jvm.dll+0x369999]  (no source info available)
V  [jvm.dll+0x369bcd]  (no source info available)
V  [jvm.dll+0x2e69aa]  (no source info available)
V  [jvm.dll+0x2e4da1]  (no source info available)
V  [jvm.dll+0x2e453c]  (no source info available)
V  [jvm.dll+0x328ecb]  (no source info available)
V  [jvm.dll+0x84c5fd]  (no source info available)
V  [jvm.dll+0x84d313]  (no source info available)
V  [jvm.dll+0x84d844]  (no source info available)
V  [jvm.dll+0x84dc28]  (no source info available)
V  [jvm.dll+0x84dd1e]  (no source info available)
V  [jvm.dll+0x7f5ebc]  (no source info available)
V  [jvm.dll+0x68de17]  (no source info available)
C  [ucrtbase.dll+0x2cd30]  (no source info available)
C  [KERNEL32.DLL+0x2ccb7]  (no source info available)
C  [ntdll.dll+0xaad6c]  (no source info available)

VM_Operation (0x000000ad934f7440): G1CollectForAllocation, mode: safepoint, requested by thread 0x0000028d96ada070


---------------  P R O C E S S  ---------------

Threads class SMR info:
_java_thread_list=0x0000028db838d110, length=159, elements={
0x0000028dfa95c950, 0x0000028dffdcc3b0, 0x0000028dffdcce80, 0x0000028d96ad3630,
0x0000028d96ad3f00, 0x0000028d96ad4de0, 0x0000028d96ad8720, 0x0000028d96afd5b0,
0x0000028d96b03ee0, 0x0000028d96b09d10, 0x0000028d96adafa0, 0x0000028d96ada580,
0x0000028d96adb4b0, 0x0000028d96adbed0, 0x0000028d96ad8c30, 0x0000028d96ad9140,
0x0000028d96ada070, 0x0000028daa763880, 0x0000028daa761f30, 0x0000028daa7647b0,
0x0000028daa764cc0, 0x0000028daa7651d0, 0x0000028daba84eb0, 0x0000028daba858d0,
0x0000028dab235df0, 0x0000028dab239fc0, 0x0000028dab23a9e0, 0x0000028dab23a4d0,
0x0000028d96adb9c0, 0x0000028dad0d18f0, 0x0000028dad0d2310, 0x0000028dad0d1e00,
0x0000028dad0d3750, 0x0000028dad0c89a0, 0x0000028dad0ccb70, 0x0000028dad0ca800,
0x0000028dad0cc660, 0x0000028dad0c93c0, 0x0000028dad0ceee0, 0x0000028daba853c0,
0x0000028dab6e6400, 0x0000028dab6e4ab0, 0x0000028dae7964d0, 0x0000028dae7969e0,
0x0000028dae795fc0, 0x0000028dae796ef0, 0x0000028dae797400, 0x0000028dae797e20,
0x0000028dae7955a0, 0x0000028dae797910, 0x0000028dae798330, 0x0000028dae794b80,
0x0000028dae795ab0, 0x0000028dad0cffa0, 0x0000028dad0d2d30, 0x0000028dad0d2820,
0x0000028dad0d3c60, 0x0000028dad0d3240, 0x0000028dad0d04b0, 0x0000028dad0d4170,
0x0000028dad0d09c0, 0x0000028dad0d4680, 0x0000028dad0d0ed0, 0x0000028dad0d4b90,
0x0000028dad0d13e0, 0x0000028dad0d5ac0, 0x0000028dad0d50a0, 0x0000028dad0d55b0,
0x0000028dad0d7920, 0x0000028dad0d5fd0, 0x0000028dad0d64e0, 0x0000028dad0d69f0,
0x0000028dad0d6f00, 0x0000028dad0d7410, 0x0000028dab6df9b0, 0x0000028dab6e0df0,
0x0000028dab6e08e0, 0x0000028dab6def90, 0x0000028dab6e2230, 0x0000028dab6e2740,
0x0000028dab6df4a0, 0x0000028dab6e2c50, 0x0000028dab6e3160, 0x0000028dab6e3670,
0x0000028dab6dfec0, 0x0000028dab6e1300, 0x0000028dab6e3b80, 0x0000028dab6e03d0,
0x0000028dab6e4090, 0x0000028dab6e4fc0, 0x0000028dab6e54d0, 0x0000028dab6e59e0,
0x0000028dab2349b0, 0x0000028dab236810, 0x0000028dab2353d0, 0x0000028dab234ec0,
0x0000028dab2358e0, 0x0000028dab233060, 0x0000028dab2344a0, 0x0000028dab233570,
0x0000028dab233a80, 0x0000028dab237740, 0x0000028dab233f90, 0x0000028dab237c50,
0x0000028dab239090, 0x0000028dab238160, 0x0000028dab238670, 0x0000028dab2395a0,
0x0000028dab238b80, 0x0000028dad0c9de0, 0x0000028dad0cad10, 0x0000028dad0ca2f0,
0x0000028dad0c8eb0, 0x0000028dad0c7f80, 0x0000028dad0cb220, 0x0000028dad0cd080,
0x0000028dad0c98d0, 0x0000028dad0cb730, 0x0000028dad0cd590, 0x0000028dad0cdaa0,
0x0000028dad0cdfb0, 0x0000028dad0cf3f0, 0x0000028dad0cc150, 0x0000028dad0ce4c0,
0x0000028dad0ce9d0, 0x0000028daba83a70, 0x0000028daba87730, 0x0000028daba85de0,
0x0000028daba83f80, 0x0000028daba84490, 0x0000028daba88150, 0x0000028daba849a0,
0x0000028daba88660, 0x0000028daba88b70, 0x0000028daba89fb0, 0x0000028daba8a9d0,
0x0000028daba89080, 0x0000028daba89aa0, 0x0000028daba89590, 0x0000028daba8a4c0,
0x0000028daa762950, 0x0000028daa762e60, 0x0000028daa763370, 0x0000028daa763d90,
0x0000028daa7642a0, 0x0000028daa7656e0, 0x0000028dae836fb0, 0x0000028dae8374c0,
0x0000028dae834c40, 0x0000028dae837ee0, 0x0000028dae83c5c0, 0x0000028dae838e10,
0x0000028dae839d40, 0x0000028dae83ac70, 0x0000028dae83a250, 0x0000028dae795090,
0x0000028db6bdcba0, 0x0000028db6bdc690, 0x0000028db3a2be90
}

Java Threads: ( => current thread )
  0x0000028dfa95c950 JavaThread "main" [_thread_blocked, id=23052, stack(0x000000ad91600000,0x000000ad91700000)]
  0x0000028dffdcc3b0 JavaThread "Reference Handler" daemon [_thread_blocked, id=23080, stack(0x000000ad91d00000,0x000000ad91e00000)]
  0x0000028dffdcce80 JavaThread "Finalizer" daemon [_thread_blocked, id=23084, stack(0x000000ad91e00000,0x000000ad91f00000)]
  0x0000028d96ad3630 JavaThread "Signal Dispatcher" daemon [_thread_blocked, id=23088, stack(0x000000ad91f00000,0x000000ad92000000)]
  0x0000028d96ad3f00 JavaThread "Attach Listener" daemon [_thread_blocked, id=23092, stack(0x000000ad92000000,0x000000ad92100000)]
  0x0000028d96ad4de0 JavaThread "Service Thread" daemon [_thread_blocked, id=23096, stack(0x000000ad92100000,0x000000ad92200000)]
  0x0000028d96ad8720 JavaThread "Monitor Deflation Thread" daemon [_thread_blocked, id=23100, stack(0x000000ad92200000,0x000000ad92300000)]
  0x0000028d96afd5b0 JavaThread "C2 CompilerThread0" daemon [_thread_blocked, id=23104, stack(0x000000ad92300000,0x000000ad92400000)]
  0x0000028d96b03ee0 JavaThread "C1 CompilerThread0" daemon [_thread_blocked, id=23108, stack(0x000000ad92400000,0x000000ad92500000)]
  0x0000028d96b09d10 JavaThread "Sweeper thread" daemon [_thread_blocked, id=23112, stack(0x000000ad92500000,0x000000ad92600000)]
  0x0000028d96adafa0 JavaThread "Common-Cleaner" daemon [_thread_blocked, id=23116, stack(0x000000ad92600000,0x000000ad92700000)]
  0x0000028d96ada580 JavaThread "Notification Thread" daemon [_thread_blocked, id=23120, stack(0x000000ad92700000,0x000000ad92800000)]
  0x0000028d96adb4b0 JavaThread "Daemon health stats" [_thread_blocked, id=23156, stack(0x000000ad92e00000,0x000000ad92f00000)]
  0x0000028d96adbed0 JavaThread "Incoming local TCP Connector on port 64219" [_thread_in_native, id=23160, stack(0x000000ad92f00000,0x000000ad93000000)]
  0x0000028d96ad8c30 JavaThread "Daemon periodic checks" [_thread_blocked, id=23164, stack(0x000000ad93000000,0x000000ad93100000)]
  0x0000028d96ad9140 JavaThread "Daemon" [_thread_blocked, id=23172, stack(0x000000ad93100000,0x000000ad93200000)]
  0x0000028d96ada070 JavaThread "Daemon worker" [_thread_blocked, id=23184, stack(0x000000ad93400000,0x000000ad93500000)]
  0x0000028daa763880 JavaThread "Cache worker for journal cache (C:\Users\Sudharani-ITS130\.gradle\caches\journal-1)" [_thread_blocked, id=23200, stack(0x000000ad93800000,0x000000ad93900000)]
  0x0000028daa761f30 JavaThread "File lock request listener" [_thread_in_native, id=23204, stack(0x000000ad93900000,0x000000ad93a00000)]
  0x0000028daa7647b0 JavaThread "Cache worker for file hash cache (C:\Users\Sudharani-ITS130\.gradle\caches\8.13\fileHashes)" [_thread_blocked, id=23208, stack(0x000000ad93a00000,0x000000ad93b00000)]
  0x0000028daa764cc0 JavaThread "File watcher server" daemon [_thread_in_native, id=23240, stack(0x000000ad94100000,0x000000ad94200000)]
  0x0000028daa7651d0 JavaThread "File watcher consumer" daemon [_thread_blocked, id=23244, stack(0x000000ad94200000,0x000000ad94300000)]
  0x0000028daba84eb0 JavaThread "jar transforms" [_thread_blocked, id=23252, stack(0x000000ad94300000,0x000000ad94400000)]
  0x0000028daba858d0 JavaThread "Cache worker for file content cache (C:\Users\Sudharani-ITS130\.gradle\caches\8.13\fileContent)" [_thread_blocked, id=23260, stack(0x000000ad94500000,0x000000ad94600000)]
  0x0000028dab235df0 JavaThread "Memory manager" [_thread_blocked, id=2000, stack(0x000000ad96600000,0x000000ad96700000)]
  0x0000028dab239fc0 JavaThread "ForkJoinPool.commonPool-worker-1" daemon [_thread_blocked, id=4052, stack(0x000000ad96700000,0x000000ad96800000)]
  0x0000028dab23a9e0 JavaThread "ForkJoinPool.commonPool-worker-2" daemon [_thread_blocked, id=9476, stack(0x000000ad96800000,0x000000ad96900000)]
  0x0000028dab23a4d0 JavaThread "ForkJoinPool.commonPool-worker-3" daemon [_thread_blocked, id=17052, stack(0x000000ad96900000,0x000000ad96a00000)]
  0x0000028d96adb9c0 JavaThread "ForkJoinPool.commonPool-worker-4" daemon [_thread_blocked, id=15552, stack(0x000000ad96a00000,0x000000ad96b00000)]
  0x0000028dad0d18f0 JavaThread "ForkJoinPool.commonPool-worker-5" daemon [_thread_blocked, id=5756, stack(0x000000ad96b00000,0x000000ad96c00000)]
  0x0000028dad0d2310 JavaThread "ForkJoinPool.commonPool-worker-6" daemon [_thread_blocked, id=16380, stack(0x000000ad96c00000,0x000000ad96d00000)]
  0x0000028dad0d1e00 JavaThread "ForkJoinPool.commonPool-worker-7" daemon [_thread_blocked, id=5088, stack(0x000000ad96d00000,0x000000ad96e00000)]
  0x0000028dad0d3750 JavaThread "included builds" [_thread_blocked, id=18588, stack(0x000000ad96e00000,0x000000ad96f00000)]
  0x0000028dad0c89a0 JavaThread "RMI Scheduler(0)" daemon [_thread_blocked, id=23364, stack(0x000000ad96500000,0x000000ad96600000)]
  0x0000028dad0ccb70 JavaThread "RMI RenewClean-[127.0.0.1:17883,org.jetbrains.kotlin.daemon.common.LoopbackNetworkInterface$ClientLoopbackSocketFactory@640a1b3d]" daemon [_thread_blocked, id=23320, stack(0x000000ad98d00000,0x000000ad98e00000)]
  0x0000028dad0ca800 JavaThread "RMI GC Daemon" daemon [_thread_blocked, id=23436, stack(0x000000ad98e00000,0x000000ad98f00000)]
  0x0000028dad0cc660 JavaThread "RMI TCP Accept-0" daemon [_thread_in_native, id=23312, stack(0x000000ad98f00000,0x000000ad99000000)]
  0x0000028dad0c93c0 JavaThread "RMI Reaper" [_thread_blocked, id=23360, stack(0x000000ad99000000,0x000000ad99100000)]
  0x0000028dad0ceee0 JavaThread "RMI TCP Connection(idle)" daemon [_thread_blocked, id=23460, stack(0x000000ad99100000,0x000000ad99200000)]
  0x0000028daba853c0 JavaThread "RMI RenewClean-[127.0.0.1:17489,org.jetbrains.kotlin.daemon.common.LoopbackNetworkInterface$ClientLoopbackSocketFactory@73a54492]" daemon [_thread_blocked, id=18796, stack(0x000000ad99200000,0x000000ad99300000)]
  0x0000028dab6e6400 JavaThread "jar transforms Thread 2" [_thread_blocked, id=16500, stack(0x000000ad9b300000,0x000000ad9b400000)]
  0x0000028dab6e4ab0 JavaThread "jar transforms Thread 3" [_thread_blocked, id=6040, stack(0x000000ad9b500000,0x000000ad9b600000)]
  0x0000028dae7964d0 JavaThread "RMI RenewClean-[127.0.0.1:17455,org.jetbrains.kotlin.daemon.common.LoopbackNetworkInterface$ClientLoopbackSocketFactory@7ea1e5a7]" daemon [_thread_blocked, id=11852, stack(0x000000ad99c00000,0x000000ad99d00000)]
  0x0000028dae7969e0 JavaThread "VFS cleanup" [_thread_blocked, id=6484, stack(0x000000ad93500000,0x000000ad93600000)]
  0x0000028dae795fc0 JavaThread "File lock release action executor" [_thread_blocked, id=18988, stack(0x000000ad93200000,0x000000ad93300000)]
  0x0000028dae796ef0 JavaThread "Handler for socket connection from /127.0.0.1:64219 to /127.0.0.1:64287" [_thread_in_native, id=18904, stack(0x000000ad91300000,0x000000ad91400000)]
  0x0000028dae797400 JavaThread "Cancel handler" [_thread_blocked, id=20800, stack(0x000000ad91400000,0x000000ad91500000)]
  0x0000028dae797e20 JavaThread "Asynchronous log dispatcher for DefaultDaemonConnection: socket connection from /127.0.0.1:64219 to /127.0.0.1:64287" [_thread_blocked, id=352, stack(0x000000ad93300000,0x000000ad93400000)]
  0x0000028dae7955a0 JavaThread "Stdin handler" [_thread_blocked, id=2084, stack(0x000000ad93600000,0x000000ad93700000)]
  0x0000028dae797910 JavaThread "Daemon client event forwarder" [_thread_blocked, id=20812, stack(0x000000ad93700000,0x000000ad93800000)]
  0x0000028dae798330 JavaThread "Cache worker for file hash cache (D:\DelPart\delivery_partner_frontend\android\.gradle\8.13\fileHashes)" [_thread_blocked, id=17488, stack(0x000000ad93b00000,0x000000ad93c00000)]
  0x0000028dae794b80 JavaThread "Cache worker for Build Output Cleanup Cache (D:\DelPart\delivery_partner_frontend\android\.gradle\buildOutputCleanup)" [_thread_blocked, id=18220, stack(0x000000ad93c00000,0x000000ad93d00000)]
  0x0000028dae795ab0 JavaThread "Cache worker for checksums cache (D:\DelPart\delivery_partner_frontend\android\.gradle\8.13\checksums)" [_thread_blocked, id=21172, stack(0x000000ad94700000,0x000000ad94800000)]
  0x0000028dad0cffa0 JavaThread "Cache worker for cache directory md-supplier (C:\Users\Sudharani-ITS130\.gradle\caches\8.13\md-supplier)" [_thread_blocked, id=20508, stack(0x000000ad94800000,0x000000ad94900000)]
  0x0000028dad0d2d30 JavaThread "Cache worker for cache directory md-rule (C:\Users\Sudharani-ITS130\.gradle\caches\8.13\md-rule)" [_thread_blocked, id=3524, stack(0x000000ad94900000,0x000000ad94a00000)]
  0x0000028dad0d2820 JavaThread "Cache worker for Build Output Cleanup Cache (D:\DelPart\delivery_partner_frontend\node_modules\@react-native\gradle-plugin\.gradle\buildOutputCleanup)" [_thread_blocked, id=19596, stack(0x000000ad94a00000,0x000000ad94b00000)]
  0x0000028dad0d3c60 JavaThread "Unconstrained build operations" [_thread_blocked, id=16852, stack(0x000000ad94b00000,0x000000ad94c00000)]
  0x0000028dad0d3240 JavaThread "Unconstrained build operations Thread 2" [_thread_blocked, id=22516, stack(0x000000ad94c00000,0x000000ad94d00000)]
  0x0000028dad0d04b0 JavaThread "Unconstrained build operations Thread 3" [_thread_blocked, id=11748, stack(0x000000ad94d00000,0x000000ad94e00000)]
  0x0000028dad0d4170 JavaThread "Unconstrained build operations Thread 4" [_thread_blocked, id=14744, stack(0x000000ad94e00000,0x000000ad94f00000)]
  0x0000028dad0d09c0 JavaThread "Unconstrained build operations Thread 5" [_thread_blocked, id=22224, stack(0x000000ad94f00000,0x000000ad95000000)]
  0x0000028dad0d4680 JavaThread "Unconstrained build operations Thread 6" [_thread_blocked, id=22240, stack(0x000000ad95000000,0x000000ad95100000)]
  0x0000028dad0d0ed0 JavaThread "Unconstrained build operations Thread 7" [_thread_blocked, id=9236, stack(0x000000ad95100000,0x000000ad95200000)]
  0x0000028dad0d4b90 JavaThread "Unconstrained build operations Thread 8" [_thread_blocked, id=23372, stack(0x000000ad95200000,0x000000ad95300000)]
  0x0000028dad0d13e0 JavaThread "Unconstrained build operations Thread 9" [_thread_blocked, id=23344, stack(0x000000ad95300000,0x000000ad95400000)]
  0x0000028dad0d5ac0 JavaThread "Unconstrained build operations Thread 10" [_thread_blocked, id=23416, stack(0x000000ad95400000,0x000000ad95500000)]
  0x0000028dad0d50a0 JavaThread "Unconstrained build operations Thread 11" [_thread_blocked, id=21144, stack(0x000000ad95500000,0x000000ad95600000)]
  0x0000028dad0d55b0 JavaThread "Unconstrained build operations Thread 12" [_thread_blocked, id=17312, stack(0x000000ad95600000,0x000000ad95700000)]
  0x0000028dad0d7920 JavaThread "Unconstrained build operations Thread 13" [_thread_blocked, id=4948, stack(0x000000ad95700000,0x000000ad95800000)]
  0x0000028dad0d5fd0 JavaThread "Unconstrained build operations Thread 14" [_thread_blocked, id=23340, stack(0x000000ad95800000,0x000000ad95900000)]
  0x0000028dad0d64e0 JavaThread "Unconstrained build operations Thread 15" [_thread_blocked, id=23336, stack(0x000000ad95900000,0x000000ad95a00000)]
  0x0000028dad0d69f0 JavaThread "Unconstrained build operations Thread 16" [_thread_blocked, id=23408, stack(0x000000ad95a00000,0x000000ad95b00000)]
  0x0000028dad0d6f00 JavaThread "Unconstrained build operations Thread 17" [_thread_blocked, id=16396, stack(0x000000ad95b00000,0x000000ad95c00000)]
  0x0000028dad0d7410 JavaThread "Unconstrained build operations Thread 18" [_thread_blocked, id=17492, stack(0x000000ad95c00000,0x000000ad95d00000)]
  0x0000028dab6df9b0 JavaThread "build event listener" [_thread_blocked, id=22472, stack(0x000000ad95d00000,0x000000ad95e00000)]
  0x0000028dab6e0df0 JavaThread "included builds" [_thread_blocked, id=18176, stack(0x000000ad95e00000,0x000000ad95f00000)]
  0x0000028dab6e08e0 JavaThread "Execution worker" [_thread_blocked, id=5636, stack(0x000000ad95f00000,0x000000ad96000000)]
  0x0000028dab6def90 JavaThread "Execution worker Thread 2" [_thread_blocked, id=23220, stack(0x000000ad96000000,0x000000ad96100000)]
  0x0000028dab6e2230 JavaThread "Execution worker Thread 3" [_thread_blocked, id=23264, stack(0x000000ad96100000,0x000000ad96200000)]
  0x0000028dab6e2740 JavaThread "Execution worker Thread 4" [_thread_blocked, id=23272, stack(0x000000ad96200000,0x000000ad96300000)]
  0x0000028dab6df4a0 JavaThread "Execution worker Thread 5" [_thread_blocked, id=10324, stack(0x000000ad96300000,0x000000ad96400000)]
  0x0000028dab6e2c50 JavaThread "Execution worker Thread 6" [_thread_blocked, id=23268, stack(0x000000ad96400000,0x000000ad96500000)]
  0x0000028dab6e3160 JavaThread "Execution worker Thread 7" [_thread_blocked, id=22488, stack(0x000000ad96f00000,0x000000ad97000000)]
  0x0000028dab6e3670 JavaThread "Cache worker for execution history cache (D:\DelPart\delivery_partner_frontend\node_modules\@react-native\gradle-plugin\.gradle\8.13\executionHistory)" [_thread_blocked, id=20264, stack(0x000000ad97000000,0x000000ad97100000)]
  0x0000028dab6dfec0 JavaThread "Unconstrained build operations Thread 19" [_thread_blocked, id=22008, stack(0x000000ad97100000,0x000000ad97200000)]
  0x0000028dab6e1300 JavaThread "Unconstrained build operations Thread 20" [_thread_blocked, id=19144, stack(0x000000ad97200000,0x000000ad97300000)]
  0x0000028dab6e3b80 JavaThread "Unconstrained build operations Thread 21" [_thread_blocked, id=18424, stack(0x000000ad97300000,0x000000ad97400000)]
  0x0000028dab6e03d0 JavaThread "Unconstrained build operations Thread 22" [_thread_blocked, id=17376, stack(0x000000ad97400000,0x000000ad97500000)]
  0x0000028dab6e4090 JavaThread "Unconstrained build operations Thread 23" [_thread_blocked, id=15040, stack(0x000000ad97500000,0x000000ad97600000)]
  0x0000028dab6e4fc0 JavaThread "Unconstrained build operations Thread 24" [_thread_blocked, id=23216, stack(0x000000ad97600000,0x000000ad97700000)]
  0x0000028dab6e54d0 JavaThread "Unconstrained build operations Thread 25" [_thread_blocked, id=23256, stack(0x000000ad97700000,0x000000ad97800000)]
  0x0000028dab6e59e0 JavaThread "Unconstrained build operations Thread 26" [_thread_blocked, id=12456, stack(0x000000ad97800000,0x000000ad97900000)]
  0x0000028dab2349b0 JavaThread "Unconstrained build operations Thread 27" [_thread_blocked, id=22824, stack(0x000000ad97900000,0x000000ad97a00000)]
  0x0000028dab236810 JavaThread "Unconstrained build operations Thread 28" [_thread_blocked, id=644, stack(0x000000ad97a00000,0x000000ad97b00000)]
  0x0000028dab2353d0 JavaThread "Unconstrained build operations Thread 29" [_thread_blocked, id=17300, stack(0x000000ad97b00000,0x000000ad97c00000)]
  0x0000028dab234ec0 JavaThread "Unconstrained build operations Thread 30" [_thread_blocked, id=6280, stack(0x000000ad97c00000,0x000000ad97d00000)]
  0x0000028dab2358e0 JavaThread "Unconstrained build operations Thread 31" [_thread_blocked, id=18976, stack(0x000000ad97d00000,0x000000ad97e00000)]
  0x0000028dab233060 JavaThread "Unconstrained build operations Thread 32" [_thread_blocked, id=5304, stack(0x000000ad97e00000,0x000000ad97f00000)]
  0x0000028dab2344a0 JavaThread "Unconstrained build operations Thread 33" [_thread_blocked, id=16504, stack(0x000000ad97f00000,0x000000ad98000000)]
  0x0000028dab233570 JavaThread "Unconstrained build operations Thread 34" [_thread_blocked, id=20260, stack(0x000000ad98000000,0x000000ad98100000)]
  0x0000028dab233a80 JavaThread "Unconstrained build operations Thread 35" [_thread_blocked, id=6200, stack(0x000000ad98100000,0x000000ad98200000)]
  0x0000028dab237740 JavaThread "Unconstrained build operations Thread 36" [_thread_blocked, id=21788, stack(0x000000ad98200000,0x000000ad98300000)]
  0x0000028dab233f90 JavaThread "Unconstrained build operations Thread 37" [_thread_blocked, id=15708, stack(0x000000ad98300000,0x000000ad98400000)]
  0x0000028dab237c50 JavaThread "Unconstrained build operations Thread 38" [_thread_blocked, id=22644, stack(0x000000ad98400000,0x000000ad98500000)]
  0x0000028dab239090 JavaThread "Unconstrained build operations Thread 39" [_thread_blocked, id=17332, stack(0x000000ad98500000,0x000000ad98600000)]
  0x0000028dab238160 JavaThread "Unconstrained build operations Thread 40" [_thread_blocked, id=23276, stack(0x000000ad98600000,0x000000ad98700000)]
  0x0000028dab238670 JavaThread "Unconstrained build operations Thread 41" [_thread_blocked, id=4168, stack(0x000000ad98700000,0x000000ad98800000)]
  0x0000028dab2395a0 JavaThread "Unconstrained build operations Thread 42" [_thread_blocked, id=15728, stack(0x000000ad98800000,0x000000ad98900000)]
  0x0000028dab238b80 JavaThread "Unconstrained build operations Thread 43" [_thread_blocked, id=19224, stack(0x000000ad98900000,0x000000ad98a00000)]
  0x0000028dad0c9de0 JavaThread "Unconstrained build operations Thread 44" [_thread_blocked, id=23288, stack(0x000000ad98a00000,0x000000ad98b00000)]
  0x0000028dad0cad10 JavaThread "Unconstrained build operations Thread 45" [_thread_blocked, id=7656, stack(0x000000ad98b00000,0x000000ad98c00000)]
  0x0000028dad0ca2f0 JavaThread "Unconstrained build operations Thread 46" [_thread_blocked, id=21064, stack(0x000000ad98c00000,0x000000ad98d00000)]
  0x0000028dad0c8eb0 JavaThread "Unconstrained build operations Thread 47" [_thread_blocked, id=19032, stack(0x000000ad99300000,0x000000ad99400000)]
  0x0000028dad0c7f80 JavaThread "Unconstrained build operations Thread 48" [_thread_blocked, id=16156, stack(0x000000ad99400000,0x000000ad99500000)]
  0x0000028dad0cb220 JavaThread "Unconstrained build operations Thread 49" [_thread_blocked, id=23284, stack(0x000000ad99500000,0x000000ad99600000)]
  0x0000028dad0cd080 JavaThread "Unconstrained build operations Thread 50" [_thread_blocked, id=6160, stack(0x000000ad99600000,0x000000ad99700000)]
  0x0000028dad0c98d0 JavaThread "Unconstrained build operations Thread 51" [_thread_blocked, id=9424, stack(0x000000ad99700000,0x000000ad99800000)]
  0x0000028dad0cb730 JavaThread "Unconstrained build operations Thread 52" [_thread_blocked, id=20784, stack(0x000000ad99800000,0x000000ad99900000)]
  0x0000028dad0cd590 JavaThread "Unconstrained build operations Thread 53" [_thread_blocked, id=22804, stack(0x000000ad99900000,0x000000ad99a00000)]
  0x0000028dad0cdaa0 JavaThread "Unconstrained build operations Thread 54" [_thread_blocked, id=11500, stack(0x000000ad99a00000,0x000000ad99b00000)]
  0x0000028dad0cdfb0 JavaThread "WorkerExecutor Queue" [_thread_blocked, id=15440, stack(0x000000ad99b00000,0x000000ad99c00000)]
  0x0000028dad0cf3f0 JavaThread "RMI RenewClean-[127.0.0.1:17314,org.jetbrains.kotlin.daemon.common.LoopbackNetworkInterface$ClientLoopbackSocketFactory@736b5b08]" daemon [_thread_blocked, id=21612, stack(0x000000ad94400000,0x000000ad94500000)]
  0x0000028dad0cc150 JavaThread "Unconstrained build operations Thread 55" [_thread_blocked, id=8536, stack(0x000000ad94600000,0x000000ad94700000)]
  0x0000028dad0ce4c0 JavaThread "Unconstrained build operations Thread 56" [_thread_blocked, id=8096, stack(0x000000ad99e00000,0x000000ad99f00000)]
  0x0000028dad0ce9d0 JavaThread "Unconstrained build operations Thread 57" [_thread_blocked, id=17080, stack(0x000000ad99f00000,0x000000ad9a000000)]
  0x0000028daba83a70 JavaThread "Unconstrained build operations Thread 58" [_thread_blocked, id=15404, stack(0x000000ad9a000000,0x000000ad9a100000)]
  0x0000028daba87730 JavaThread "Unconstrained build operations Thread 59" [_thread_blocked, id=8668, stack(0x000000ad9a100000,0x000000ad9a200000)]
  0x0000028daba85de0 JavaThread "Unconstrained build operations Thread 60" [_thread_blocked, id=2812, stack(0x000000ad9a200000,0x000000ad9a300000)]
  0x0000028daba83f80 JavaThread "Unconstrained build operations Thread 61" [_thread_blocked, id=16800, stack(0x000000ad9a300000,0x000000ad9a400000)]
  0x0000028daba84490 JavaThread "Unconstrained build operations Thread 62" [_thread_blocked, id=15844, stack(0x000000ad9a400000,0x000000ad9a500000)]
  0x0000028daba88150 JavaThread "Unconstrained build operations Thread 63" [_thread_blocked, id=16212, stack(0x000000ad9a500000,0x000000ad9a600000)]
  0x0000028daba849a0 JavaThread "Unconstrained build operations Thread 64" [_thread_blocked, id=3868, stack(0x000000ad9a600000,0x000000ad9a700000)]
  0x0000028daba88660 JavaThread "Unconstrained build operations Thread 65" [_thread_blocked, id=6516, stack(0x000000ad9a700000,0x000000ad9a800000)]
  0x0000028daba88b70 JavaThread "Unconstrained build operations Thread 66" [_thread_blocked, id=22544, stack(0x000000ad9a800000,0x000000ad9a900000)]
  0x0000028daba89fb0 JavaThread "Unconstrained build operations Thread 67" [_thread_blocked, id=23044, stack(0x000000ad9a900000,0x000000ad9aa00000)]
  0x0000028daba8a9d0 JavaThread "Unconstrained build operations Thread 68" [_thread_blocked, id=23040, stack(0x000000ad9aa00000,0x000000ad9ab00000)]
  0x0000028daba89080 JavaThread "Unconstrained build operations Thread 69" [_thread_blocked, id=13836, stack(0x000000ad9ab00000,0x000000ad9ac00000)]
  0x0000028daba89aa0 JavaThread "Unconstrained build operations Thread 70" [_thread_blocked, id=21636, stack(0x000000ad9ac00000,0x000000ad9ad00000)]
  0x0000028daba89590 JavaThread "Unconstrained build operations Thread 71" [_thread_blocked, id=2468, stack(0x000000ad9ad00000,0x000000ad9ae00000)]
  0x0000028daba8a4c0 JavaThread "Unconstrained build operations Thread 72" [_thread_blocked, id=23548, stack(0x000000ad9ae00000,0x000000ad9af00000)]
  0x0000028daa762950 JavaThread "Unconstrained build operations Thread 73" [_thread_blocked, id=19180, stack(0x000000ad9af00000,0x000000ad9b000000)]
  0x0000028daa762e60 JavaThread "Unconstrained build operations Thread 74" [_thread_blocked, id=23316, stack(0x000000ad9b000000,0x000000ad9b100000)]
  0x0000028daa763370 JavaThread "Unconstrained build operations Thread 75" [_thread_blocked, id=23492, stack(0x000000ad9b100000,0x000000ad9b200000)]
  0x0000028daa763d90 JavaThread "jar transforms Thread 4" [_thread_blocked, id=8548, stack(0x000000ad9b200000,0x000000ad9b300000)]
  0x0000028daa7642a0 JavaThread "jar transforms Thread 5" [_thread_blocked, id=7236, stack(0x000000ad9b400000,0x000000ad9b500000)]
  0x0000028daa7656e0 JavaThread "jar transforms Thread 6" [_thread_blocked, id=15524, stack(0x000000ad9b600000,0x000000ad9b700000)]
  0x0000028dae836fb0 JavaThread "build event listener" [_thread_blocked, id=20140, stack(0x000000ad9b700000,0x000000ad9b800000)]
  0x0000028dae8374c0 JavaThread "jar transforms Thread 7" [_thread_blocked, id=23168, stack(0x000000ad9b800000,0x000000ad9b900000)]
  0x0000028dae834c40 JavaThread "jar transforms Thread 8" [_thread_blocked, id=22864, stack(0x000000ad9b900000,0x000000ad9ba00000)]
  0x0000028dae837ee0 JavaThread "Problems report writer" [_thread_blocked, id=22936, stack(0x000000ad9ba00000,0x000000ad9bb00000)]
  0x0000028dae83c5c0 JavaThread "Unconstrained build operations Thread 76" [_thread_blocked, id=20712, stack(0x000000ad9bd00000,0x000000ad9be00000)]
  0x0000028dae838e10 JavaThread "Unconstrained build operations Thread 77" [_thread_blocked, id=2696, stack(0x000000ad9be00000,0x000000ad9bf00000)]
  0x0000028dae839d40 JavaThread "Unconstrained build operations Thread 78" [_thread_blocked, id=7264, stack(0x000000ad9bf00000,0x000000ad9c000000)]
  0x0000028dae83ac70 JavaThread "Unconstrained build operations Thread 79" [_thread_blocked, id=20956, stack(0x000000ad9c000000,0x000000ad9c100000)]
  0x0000028dae83a250 JavaThread "Unconstrained build operations Thread 80" [_thread_blocked, id=22664, stack(0x000000ad9c100000,0x000000ad9c200000)]
  0x0000028dae795090 JavaThread "Exec process" [_thread_blocked, id=23412, stack(0x000000ad9bc00000,0x000000ad9bd00000)]
  0x0000028db6bdcba0 JavaThread "Exec process Thread 2" [_thread_blocked, id=18812, stack(0x000000ad9c200000,0x000000ad9c300000)]
  0x0000028db6bdc690 JavaThread "Exec process Thread 3" [_thread_blocked, id=23036, stack(0x000000ad9c300000,0x000000ad9c400000)]
  0x0000028db3a2be90 JavaThread "C2 CompilerThread1" daemon [_thread_blocked, id=12412, stack(0x000000ad9bb00000,0x000000ad9bc00000)]

Other Threads:
=>0x0000028dffdc2c00 VMThread "VM Thread" [stack: 0x000000ad91c00000,0x000000ad91d00000] [id=23076]
  0x0000028dfa95d6e0 WatcherThread [stack: 0x000000ad92800000,0x000000ad92900000] [id=23124]
  0x0000028dfa99c430 GCTaskThread "GC Thread#0" [stack: 0x000000ad91700000,0x000000ad91800000] [id=23056]
  0x0000028da9053f80 GCTaskThread "GC Thread#1" [stack: 0x000000ad92900000,0x000000ad92a00000] [id=23128]
  0x0000028da9054250 GCTaskThread "GC Thread#2" [stack: 0x000000ad92a00000,0x000000ad92b00000] [id=23132]
  0x0000028da9054520 GCTaskThread "GC Thread#3" [stack: 0x000000ad92b00000,0x000000ad92c00000] [id=23136]
  0x0000028da90547f0 GCTaskThread "GC Thread#4" [stack: 0x000000ad92c00000,0x000000ad92d00000] [id=23140]
  0x0000028da916f5d0 GCTaskThread "GC Thread#5" [stack: 0x000000ad93d00000,0x000000ad93e00000] [id=23224]
  0x0000028da916f300 GCTaskThread "GC Thread#6" [stack: 0x000000ad93e00000,0x000000ad93f00000] [id=23228]
  0x0000028da916ea90 GCTaskThread "GC Thread#7" [stack: 0x000000ad93f00000,0x000000ad94000000] [id=23232]
  0x0000028dfa9a52a0 ConcurrentGCThread "G1 Main Marker" [stack: 0x000000ad91800000,0x000000ad91900000] [id=23060]
  0x0000028dfa9a5bd0 ConcurrentGCThread "G1 Conc#0" [stack: 0x000000ad91900000,0x000000ad91a00000] [id=23064]
  0x0000028da916f8a0 ConcurrentGCThread "G1 Conc#1" [stack: 0x000000ad94000000,0x000000ad94100000] [id=23236]
  0x0000028dfaa0e770 ConcurrentGCThread "G1 Refine#0" [stack: 0x000000ad91a00000,0x000000ad91b00000] [id=23068]
  0x0000028d96d76270 ConcurrentGCThread "G1 Refine#1" [stack: 0x000000ad92d00000,0x000000ad92e00000] [id=23144]
  0x0000028dffc761e0 ConcurrentGCThread "G1 Service" [stack: 0x000000ad91b00000,0x000000ad91c00000] [id=23072]

Threads with active compile tasks:
C2 CompilerThread0  108100 19881       4       org.gradle.internal.execution.ExecutionEngine$Execution$1::getOutput (11 bytes)
C2 CompilerThread1  108100 19882       4       org.gradle.internal.execution.steps.WorkspaceResult$$Lambda$509/0x0000028d98455cb0::apply (12 bytes)

VM state: at safepoint (normal execution)

VM Mutex/Monitor currently owned by a thread:  ([mutex/lock_event])
[0x0000028df8595420] Threads_lock - owner thread: 0x0000028dffdc2c00
[0x0000028dfa95abe0] Heap_lock - owner thread: 0x0000028d96ada070

Heap address: 0x00000000c0000000, size: 1024 MB, Compressed Oops mode: 32-bit

CDS archive(s) mapped at: [0x0000028d97000000-0x0000028d97bb0000-0x0000028d97bb0000), size 12255232, SharedBaseAddress: 0x0000028d97000000, ArchiveRelocationMode: 1.
Compressed class space mapped at: 0x0000028d98000000-0x0000028da5000000, reserved size: 218103808
Narrow klass base: 0x0000028d97000000, Narrow klass shift: 0, Narrow klass range: 0x100000000

GC Precious Log:
 CPUs: 8 total, 8 available
 Memory: 15781M
 Large Page Support: Disabled
 NUMA Support: Disabled
 Compressed Oops: Enabled (32-bit)
 Heap Region Size: 1M
 Heap Min Capacity: 8M
 Heap Initial Capacity: 248M
 Heap Max Capacity: 1G
 Pre-touch: Disabled
 Parallel Workers: 8
 Concurrent Workers: 2
 Concurrent Refinement Workers: 8
 Periodic GC: Disabled

Heap:
 garbage-first heap   total 385024K, used 336490K [0x00000000c0000000, 0x0000000100000000)
  region size 1024K, 3 young (3072K), 3 survivors (3072K)
 Metaspace       used 123363K, committed 125440K, reserved 344064K
  class space    used 16974K, committed 17920K, reserved 212992K

Heap Regions: E=young(eden), S=young(survivor), O=old, HS=humongous(starts), HC=humongous(continues), CS=collection set, F=free, OA=open archive, CA=closed archive, TAMS=top-at-mark-start (previous, next)
|   0|0x00000000c0000000, 0x00000000c0100000, 0x00000000c0100000|100%|HS|  |TAMS 0x00000000c0100000, 0x00000000c0100000| Complete 
|   1|0x00000000c0100000, 0x00000000c0200000, 0x00000000c0200000|100%|HC|  |TAMS 0x00000000c0200000, 0x00000000c0200000| Complete 
|   2|0x00000000c0200000, 0x00000000c0300000, 0x00000000c0300000|100%|HC|  |TAMS 0x00000000c0300000, 0x00000000c0300000| Complete 
|   3|0x00000000c0300000, 0x00000000c0400000, 0x00000000c0400000|100%| O|  |TAMS 0x00000000c0400000, 0x00000000c0400000| Untracked 
|   4|0x00000000c0400000, 0x00000000c0500000, 0x00000000c0500000|100%| O|  |TAMS 0x00000000c0500000, 0x00000000c0500000| Untracked 
|   5|0x00000000c0500000, 0x00000000c0600000, 0x00000000c0600000|100%| O|  |TAMS 0x00000000c0600000, 0x00000000c0600000| Untracked 
|   6|0x00000000c0600000, 0x00000000c0700000, 0x00000000c0700000|100%|HS|  |TAMS 0x00000000c0700000, 0x00000000c0700000| Complete 
|   7|0x00000000c0700000, 0x00000000c0800000, 0x00000000c0800000|100%| O|  |TAMS 0x00000000c0800000, 0x00000000c0800000| Untracked 
|   8|0x00000000c0800000, 0x00000000c0900000, 0x00000000c0900000|100%| O|  |TAMS 0x00000000c0900000, 0x00000000c0900000| Untracked 
|   9|0x00000000c0900000, 0x00000000c0a00000, 0x00000000c0a00000|100%| O|  |TAMS 0x00000000c0a00000, 0x00000000c0a00000| Untracked 
|  10|0x00000000c0a00000, 0x00000000c0b00000, 0x00000000c0b00000|100%| O|  |TAMS 0x00000000c0b00000, 0x00000000c0b00000| Untracked 
|  11|0x00000000c0b00000, 0x00000000c0c00000, 0x00000000c0c00000|100%| O|  |TAMS 0x00000000c0c00000, 0x00000000c0c00000| Untracked 
|  12|0x00000000c0c00000, 0x00000000c0d00000, 0x00000000c0d00000|100%| O|  |TAMS 0x00000000c0d00000, 0x00000000c0d00000| Untracked 
|  13|0x00000000c0d00000, 0x00000000c0e00000, 0x00000000c0e00000|100%| O|  |TAMS 0x00000000c0e00000, 0x00000000c0e00000| Untracked 
|  14|0x00000000c0e00000, 0x00000000c0f00000, 0x00000000c0f00000|100%| O|  |TAMS 0x00000000c0f00000, 0x00000000c0f00000| Untracked 
|  15|0x00000000c0f00000, 0x00000000c1000000, 0x00000000c1000000|100%| O|  |TAMS 0x00000000c1000000, 0x00000000c1000000| Untracked 
|  16|0x00000000c1000000, 0x00000000c1100000, 0x00000000c1100000|100%| O|  |TAMS 0x00000000c1100000, 0x00000000c1100000| Untracked 
|  17|0x00000000c1100000, 0x00000000c1200000, 0x00000000c1200000|100%| O|  |TAMS 0x00000000c1200000, 0x00000000c1200000| Untracked 
|  18|0x00000000c1200000, 0x00000000c1300000, 0x00000000c1300000|100%| O|  |TAMS 0x00000000c1300000, 0x00000000c1300000| Untracked 
|  19|0x00000000c1300000, 0x00000000c1400000, 0x00000000c1400000|100%| O|  |TAMS 0x00000000c1400000, 0x00000000c1400000| Untracked 
|  20|0x00000000c1400000, 0x00000000c1500000, 0x00000000c1500000|100%| O|  |TAMS 0x00000000c1500000, 0x00000000c1500000| Untracked 
|  21|0x00000000c1500000, 0x00000000c1600000, 0x00000000c1600000|100%| O|  |TAMS 0x00000000c1600000, 0x00000000c1600000| Untracked 
|  22|0x00000000c1600000, 0x00000000c1700000, 0x00000000c1700000|100%| O|  |TAMS 0x00000000c1700000, 0x00000000c1700000| Untracked 
|  23|0x00000000c1700000, 0x00000000c1800000, 0x00000000c1800000|100%| O|  |TAMS 0x00000000c1800000, 0x00000000c1800000| Untracked 
|  24|0x00000000c1800000, 0x00000000c1900000, 0x00000000c1900000|100%| O|  |TAMS 0x00000000c1900000, 0x00000000c1900000| Untracked 
|  25|0x00000000c1900000, 0x00000000c1a00000, 0x00000000c1a00000|100%| O|  |TAMS 0x00000000c1a00000, 0x00000000c1a00000| Untracked 
|  26|0x00000000c1a00000, 0x00000000c1b00000, 0x00000000c1b00000|100%| O|  |TAMS 0x00000000c1b00000, 0x00000000c1b00000| Untracked 
|  27|0x00000000c1b00000, 0x00000000c1c00000, 0x00000000c1c00000|100%| O|  |TAMS 0x00000000c1c00000, 0x00000000c1c00000| Untracked 
|  28|0x00000000c1c00000, 0x00000000c1d00000, 0x00000000c1d00000|100%| O|  |TAMS 0x00000000c1d00000, 0x00000000c1d00000| Untracked 
|  29|0x00000000c1d00000, 0x00000000c1e00000, 0x00000000c1e00000|100%| O|  |TAMS 0x00000000c1e00000, 0x00000000c1e00000| Untracked 
|  30|0x00000000c1e00000, 0x00000000c1f00000, 0x00000000c1f00000|100%| O|  |TAMS 0x00000000c1e00000, 0x00000000c1f00000| Untracked 
|  31|0x00000000c1f00000, 0x00000000c2000000, 0x00000000c2000000|100%| O|  |TAMS 0x00000000c2000000, 0x00000000c2000000| Untracked 
|  32|0x00000000c2000000, 0x00000000c2100000, 0x00000000c2100000|100%| O|  |TAMS 0x00000000c2100000, 0x00000000c2100000| Untracked 
|  33|0x00000000c2100000, 0x00000000c2200000, 0x00000000c2200000|100%| O|  |TAMS 0x00000000c2200000, 0x00000000c2200000| Untracked 
|  34|0x00000000c2200000, 0x00000000c2300000, 0x00000000c2300000|100%| O|  |TAMS 0x00000000c2300000, 0x00000000c2300000| Untracked 
|  35|0x00000000c2300000, 0x00000000c2400000, 0x00000000c2400000|100%| O|  |TAMS 0x00000000c2400000, 0x00000000c2400000| Untracked 
|  36|0x00000000c2400000, 0x00000000c2500000, 0x00000000c2500000|100%| O|  |TAMS 0x00000000c2500000, 0x00000000c2500000| Untracked 
|  37|0x00000000c2500000, 0x00000000c2600000, 0x00000000c2600000|100%| O|  |TAMS 0x00000000c2600000, 0x00000000c2600000| Untracked 
|  38|0x00000000c2600000, 0x00000000c2700000, 0x00000000c2700000|100%| O|  |TAMS 0x00000000c2700000, 0x00000000c2700000| Untracked 
|  39|0x00000000c2700000, 0x00000000c2800000, 0x00000000c2800000|100%| O|  |TAMS 0x00000000c2700000, 0x00000000c2800000| Untracked 
|  40|0x00000000c2800000, 0x00000000c2900000, 0x00000000c2900000|100%| O|  |TAMS 0x00000000c2900000, 0x00000000c2900000| Untracked 
|  41|0x00000000c2900000, 0x00000000c2a00000, 0x00000000c2a00000|100%|HS|  |TAMS 0x00000000c2a00000, 0x00000000c2a00000| Complete 
|  42|0x00000000c2a00000, 0x00000000c2b00000, 0x00000000c2b00000|100%|HC|  |TAMS 0x00000000c2b00000, 0x00000000c2b00000| Complete 
|  43|0x00000000c2b00000, 0x00000000c2c00000, 0x00000000c2c00000|100%|HC|  |TAMS 0x00000000c2c00000, 0x00000000c2c00000| Complete 
|  44|0x00000000c2c00000, 0x00000000c2d00000, 0x00000000c2d00000|100%|HS|  |TAMS 0x00000000c2d00000, 0x00000000c2d00000| Complete 
|  45|0x00000000c2d00000, 0x00000000c2e00000, 0x00000000c2e00000|100%|HC|  |TAMS 0x00000000c2e00000, 0x00000000c2e00000| Complete 
|  46|0x00000000c2e00000, 0x00000000c2f00000, 0x00000000c2f00000|100%|HC|  |TAMS 0x00000000c2f00000, 0x00000000c2f00000| Complete 
|  47|0x00000000c2f00000, 0x00000000c3000000, 0x00000000c3000000|100%| O|  |TAMS 0x00000000c2f00000, 0x00000000c3000000| Untracked 
|  48|0x00000000c3000000, 0x00000000c3100000, 0x00000000c3100000|100%| O|  |TAMS 0x00000000c3000000, 0x00000000c3100000| Untracked 
|  49|0x00000000c3100000, 0x00000000c3200000, 0x00000000c3200000|100%| O|  |TAMS 0x00000000c3200000, 0x00000000c3200000| Untracked 
|  50|0x00000000c3200000, 0x00000000c3300000, 0x00000000c3300000|100%| O|  |TAMS 0x00000000c3300000, 0x00000000c3300000| Untracked 
|  51|0x00000000c3300000, 0x00000000c3400000, 0x00000000c3400000|100%| O|  |TAMS 0x00000000c3300000, 0x00000000c3400000| Untracked 
|  52|0x00000000c3400000, 0x00000000c3500000, 0x00000000c3500000|100%| O|  |TAMS 0x00000000c3400000, 0x00000000c3500000| Untracked 
|  53|0x00000000c3500000, 0x00000000c3600000, 0x00000000c3600000|100%| O|  |TAMS 0x00000000c3600000, 0x00000000c3600000| Untracked 
|  54|0x00000000c3600000, 0x00000000c3700000, 0x00000000c3700000|100%| O|  |TAMS 0x00000000c3700000, 0x00000000c3700000| Untracked 
|  55|0x00000000c3700000, 0x00000000c3800000, 0x00000000c3800000|100%| O|  |TAMS 0x00000000c3800000, 0x00000000c3800000| Untracked 
|  56|0x00000000c3800000, 0x00000000c3900000, 0x00000000c3900000|100%| O|  |TAMS 0x00000000c3900000, 0x00000000c3900000| Untracked 
|  57|0x00000000c3900000, 0x00000000c3a00000, 0x00000000c3a00000|100%| O|  |TAMS 0x00000000c3a00000, 0x00000000c3a00000| Untracked 
|  58|0x00000000c3a00000, 0x00000000c3b00000, 0x00000000c3b00000|100%| O|  |TAMS 0x00000000c3b00000, 0x00000000c3b00000| Untracked 
|  59|0x00000000c3b00000, 0x00000000c3c00000, 0x00000000c3c00000|100%| O|  |TAMS 0x00000000c3c00000, 0x00000000c3c00000| Untracked 
|  60|0x00000000c3c00000, 0x00000000c3d00000, 0x00000000c3d00000|100%| O|  |TAMS 0x00000000c3c00000, 0x00000000c3d00000| Untracked 
|  61|0x00000000c3d00000, 0x00000000c3e00000, 0x00000000c3e00000|100%| O|  |TAMS 0x00000000c3d00000, 0x00000000c3e00000| Untracked 
|  62|0x00000000c3e00000, 0x00000000c3f00000, 0x00000000c3f00000|100%| O|  |TAMS 0x00000000c3e00000, 0x00000000c3f00000| Untracked 
|  63|0x00000000c3f00000, 0x00000000c4000000, 0x00000000c4000000|100%| O|  |TAMS 0x00000000c3f00000, 0x00000000c4000000| Untracked 
|  64|0x00000000c4000000, 0x00000000c4100000, 0x00000000c4100000|100%| O|  |TAMS 0x00000000c4000000, 0x00000000c4100000| Untracked 
|  65|0x00000000c4100000, 0x00000000c4200000, 0x00000000c4200000|100%| O|  |TAMS 0x00000000c4100000, 0x00000000c4200000| Untracked 
|  66|0x00000000c4200000, 0x00000000c4300000, 0x00000000c4300000|100%| O|  |TAMS 0x00000000c4200000, 0x00000000c4300000| Untracked 
|  67|0x00000000c4300000, 0x00000000c4400000, 0x00000000c4400000|100%| O|  |TAMS 0x00000000c4300000, 0x00000000c4400000| Untracked 
|  68|0x00000000c4400000, 0x00000000c4500000, 0x00000000c4500000|100%| O|  |TAMS 0x00000000c4400000, 0x00000000c4500000| Untracked 
|  69|0x00000000c4500000, 0x00000000c4600000, 0x00000000c4600000|100%| O|  |TAMS 0x00000000c4500000, 0x00000000c4600000| Untracked 
|  70|0x00000000c4600000, 0x00000000c4700000, 0x00000000c4700000|100%| O|  |TAMS 0x00000000c4700000, 0x00000000c4700000| Untracked 
|  71|0x00000000c4700000, 0x00000000c4800000, 0x00000000c4800000|100%|HS|  |TAMS 0x00000000c4700000, 0x00000000c4800000| Complete 
|  72|0x00000000c4800000, 0x00000000c4900000, 0x00000000c4900000|100%| O|  |TAMS 0x00000000c4900000, 0x00000000c4900000| Untracked 
|  73|0x00000000c4900000, 0x00000000c4a00000, 0x00000000c4a00000|100%| O|  |TAMS 0x00000000c4a00000, 0x00000000c4a00000| Untracked 
|  74|0x00000000c4a00000, 0x00000000c4b00000, 0x00000000c4b00000|100%| O|  |TAMS 0x00000000c4b00000, 0x00000000c4b00000| Untracked 
|  75|0x00000000c4b00000, 0x00000000c4c00000, 0x00000000c4c00000|100%| O|  |TAMS 0x00000000c4c00000, 0x00000000c4c00000| Untracked 
|  76|0x00000000c4c00000, 0x00000000c4d00000, 0x00000000c4d00000|100%|HS|  |TAMS 0x00000000c4d00000, 0x00000000c4d00000| Complete 
|  77|0x00000000c4d00000, 0x00000000c4e00000, 0x00000000c4e00000|100%|HC|  |TAMS 0x00000000c4e00000, 0x00000000c4e00000| Complete 
|  78|0x00000000c4e00000, 0x00000000c4f00000, 0x00000000c4f00000|100%|HC|  |TAMS 0x00000000c4f00000, 0x00000000c4f00000| Complete 
|  79|0x00000000c4f00000, 0x00000000c5000000, 0x00000000c5000000|100%|HS|  |TAMS 0x00000000c4f00000, 0x00000000c5000000| Complete 
|  80|0x00000000c5000000, 0x00000000c5100000, 0x00000000c5100000|100%|HS|  |TAMS 0x00000000c5000000, 0x00000000c5100000| Complete 
|  81|0x00000000c5100000, 0x00000000c5200000, 0x00000000c5200000|100%| O|  |TAMS 0x00000000c5200000, 0x00000000c5200000| Untracked 
|  82|0x00000000c5200000, 0x00000000c5300000, 0x00000000c5300000|100%|HS|  |TAMS 0x00000000c5200000, 0x00000000c5300000| Complete 
|  83|0x00000000c5300000, 0x00000000c5400000, 0x00000000c5400000|100%| O|  |TAMS 0x00000000c5300000, 0x00000000c5400000| Untracked 
|  84|0x00000000c5400000, 0x00000000c5500000, 0x00000000c5500000|100%| O|  |TAMS 0x00000000c5500000, 0x00000000c5500000| Untracked 
|  85|0x00000000c5500000, 0x00000000c5600000, 0x00000000c5600000|100%|HS|  |TAMS 0x00000000c5500000, 0x00000000c5600000| Complete 
|  86|0x00000000c5600000, 0x00000000c5700000, 0x00000000c5700000|100%|HS|  |TAMS 0x00000000c5600000, 0x00000000c5700000| Complete 
|  87|0x00000000c5700000, 0x00000000c5800000, 0x00000000c5800000|100%| O|  |TAMS 0x00000000c5700000, 0x00000000c5800000| Untracked 
|  88|0x00000000c5800000, 0x00000000c5900000, 0x00000000c5900000|100%| O|  |TAMS 0x00000000c5800000, 0x00000000c5900000| Untracked 
|  89|0x00000000c5900000, 0x00000000c5a00000, 0x00000000c5a00000|100%| O|  |TAMS 0x00000000c5a00000, 0x00000000c5a00000| Untracked 
|  90|0x00000000c5a00000, 0x00000000c5b00000, 0x00000000c5b00000|100%| O|  |TAMS 0x00000000c5a00000, 0x00000000c5b00000| Untracked 
|  91|0x00000000c5b00000, 0x00000000c5c00000, 0x00000000c5c00000|100%| O|  |TAMS 0x00000000c5b00000, 0x00000000c5c00000| Untracked 
|  92|0x00000000c5c00000, 0x00000000c5d00000, 0x00000000c5d00000|100%|HS|  |TAMS 0x00000000c5c00000, 0x00000000c5d00000| Complete 
|  93|0x00000000c5d00000, 0x00000000c5e00000, 0x00000000c5e00000|100%| O|  |TAMS 0x00000000c5e00000, 0x00000000c5e00000| Untracked 
|  94|0x00000000c5e00000, 0x00000000c5f00000, 0x00000000c5f00000|100%| O|  |TAMS 0x00000000c5f00000, 0x00000000c5f00000| Untracked 
|  95|0x00000000c5f00000, 0x00000000c6000000, 0x00000000c6000000|100%| O|  |TAMS 0x00000000c5fd4a00, 0x00000000c6000000| Untracked 
|  96|0x00000000c6000000, 0x00000000c6100000, 0x00000000c6100000|100%| O|  |TAMS 0x00000000c6000000, 0x00000000c6100000| Untracked 
|  97|0x00000000c6100000, 0x00000000c6200000, 0x00000000c6200000|100%| O|  |TAMS 0x00000000c6100000, 0x00000000c6200000| Untracked 
|  98|0x00000000c6200000, 0x00000000c6300000, 0x00000000c6300000|100%| O|  |TAMS 0x00000000c6200000, 0x00000000c6300000| Untracked 
|  99|0x00000000c6300000, 0x00000000c6400000, 0x00000000c6400000|100%| O|  |TAMS 0x00000000c6300000, 0x00000000c6400000| Untracked 
| 100|0x00000000c6400000, 0x00000000c6500000, 0x00000000c6500000|100%| O|  |TAMS 0x00000000c6400000, 0x00000000c6500000| Untracked 
| 101|0x00000000c6500000, 0x00000000c6600000, 0x00000000c6600000|100%| O|  |TAMS 0x00000000c6500000, 0x00000000c6600000| Untracked 
| 102|0x00000000c6600000, 0x00000000c6700000, 0x00000000c6700000|100%| O|  |TAMS 0x00000000c6600000, 0x00000000c6700000| Untracked 
| 103|0x00000000c6700000, 0x00000000c6800000, 0x00000000c6800000|100%| O|  |TAMS 0x00000000c6700000, 0x00000000c6800000| Untracked 
| 104|0x00000000c6800000, 0x00000000c6900000, 0x00000000c6900000|100%| O|  |TAMS 0x00000000c6800000, 0x00000000c6900000| Untracked 
| 105|0x00000000c6900000, 0x00000000c6a00000, 0x00000000c6a00000|100%| O|  |TAMS 0x00000000c6900000, 0x00000000c6a00000| Untracked 
| 106|0x00000000c6a00000, 0x00000000c6b00000, 0x00000000c6b00000|100%| O|  |TAMS 0x00000000c6a00000, 0x00000000c6b00000| Untracked 
| 107|0x00000000c6b00000, 0x00000000c6c00000, 0x00000000c6c00000|100%|HS|  |TAMS 0x00000000c6b00000, 0x00000000c6c00000| Complete 
| 108|0x00000000c6c00000, 0x00000000c6d00000, 0x00000000c6d00000|100%|HC|  |TAMS 0x00000000c6c00000, 0x00000000c6d00000| Complete 
| 109|0x00000000c6d00000, 0x00000000c6e00000, 0x00000000c6e00000|100%|HC|  |TAMS 0x00000000c6d00000, 0x00000000c6e00000| Complete 
| 110|0x00000000c6e00000, 0x00000000c6f00000, 0x00000000c6f00000|100%| O|  |TAMS 0x00000000c6e00000, 0x00000000c6f00000| Untracked 
| 111|0x00000000c6f00000, 0x00000000c7000000, 0x00000000c7000000|100%| O|  |TAMS 0x00000000c6f00000, 0x00000000c7000000| Untracked 
| 112|0x00000000c7000000, 0x00000000c7100000, 0x00000000c7100000|100%| O|  |TAMS 0x00000000c7000000, 0x00000000c7100000| Untracked 
| 113|0x00000000c7100000, 0x00000000c7200000, 0x00000000c7200000|100%| O|  |TAMS 0x00000000c7100000, 0x00000000c7200000| Untracked 
| 114|0x00000000c7200000, 0x00000000c7300000, 0x00000000c7300000|100%| O|  |TAMS 0x00000000c7200000, 0x00000000c7300000| Untracked 
| 115|0x00000000c7300000, 0x00000000c7400000, 0x00000000c7400000|100%| O|  |TAMS 0x00000000c7300000, 0x00000000c7400000| Untracked 
| 116|0x00000000c7400000, 0x00000000c7500000, 0x00000000c7500000|100%| O|  |TAMS 0x00000000c7400000, 0x00000000c7500000| Untracked 
| 117|0x00000000c7500000, 0x00000000c7600000, 0x00000000c7600000|100%| O|  |TAMS 0x00000000c7500000, 0x00000000c7600000| Untracked 
| 118|0x00000000c7600000, 0x00000000c7700000, 0x00000000c7700000|100%| O|  |TAMS 0x00000000c7600000, 0x00000000c7700000| Untracked 
| 119|0x00000000c7700000, 0x00000000c7800000, 0x00000000c7800000|100%| O|  |TAMS 0x00000000c7700000, 0x00000000c7800000| Untracked 
| 120|0x00000000c7800000, 0x00000000c7900000, 0x00000000c7900000|100%| O|  |TAMS 0x00000000c7800000, 0x00000000c7900000| Untracked 
| 121|0x00000000c7900000, 0x00000000c7a00000, 0x00000000c7a00000|100%| O|  |TAMS 0x00000000c7900000, 0x00000000c7a00000| Untracked 
| 122|0x00000000c7a00000, 0x00000000c7b00000, 0x00000000c7b00000|100%| O|  |TAMS 0x00000000c7a00000, 0x00000000c7b00000| Untracked 
| 123|0x00000000c7b00000, 0x00000000c7c00000, 0x00000000c7c00000|100%| O|  |TAMS 0x00000000c7b00000, 0x00000000c7c00000| Untracked 
| 124|0x00000000c7c00000, 0x00000000c7d00000, 0x00000000c7d00000|100%| O|  |TAMS 0x00000000c7c00000, 0x00000000c7d00000| Untracked 
| 125|0x00000000c7d00000, 0x00000000c7e00000, 0x00000000c7e00000|100%| O|  |TAMS 0x00000000c7d00000, 0x00000000c7e00000| Untracked 
| 126|0x00000000c7e00000, 0x00000000c7f00000, 0x00000000c7f00000|100%| O|  |TAMS 0x00000000c7e00000, 0x00000000c7f00000| Untracked 
| 127|0x00000000c7f00000, 0x00000000c8000000, 0x00000000c8000000|100%| O|  |TAMS 0x00000000c7f00000, 0x00000000c8000000| Untracked 
| 128|0x00000000c8000000, 0x00000000c8100000, 0x00000000c8100000|100%| O|  |TAMS 0x00000000c8000000, 0x00000000c8100000| Untracked 
| 129|0x00000000c8100000, 0x00000000c8200000, 0x00000000c8200000|100%| O|  |TAMS 0x00000000c8100000, 0x00000000c8200000| Untracked 
| 130|0x00000000c8200000, 0x00000000c8300000, 0x00000000c8300000|100%| O|  |TAMS 0x00000000c8200000, 0x00000000c8300000| Untracked 
| 131|0x00000000c8300000, 0x00000000c8400000, 0x00000000c8400000|100%| O|  |TAMS 0x00000000c8300000, 0x00000000c8400000| Untracked 
| 132|0x00000000c8400000, 0x00000000c8500000, 0x00000000c8500000|100%| O|  |TAMS 0x00000000c8400000, 0x00000000c8500000| Untracked 
| 133|0x00000000c8500000, 0x00000000c8600000, 0x00000000c8600000|100%| O|  |TAMS 0x00000000c8500000, 0x00000000c8600000| Untracked 
| 134|0x00000000c8600000, 0x00000000c8700000, 0x00000000c8700000|100%| O|  |TAMS 0x00000000c8600000, 0x00000000c8700000| Untracked 
| 135|0x00000000c8700000, 0x00000000c8800000, 0x00000000c8800000|100%| O|  |TAMS 0x00000000c8700000, 0x00000000c8800000| Untracked 
| 136|0x00000000c8800000, 0x00000000c8900000, 0x00000000c8900000|100%| O|  |TAMS 0x00000000c8800000, 0x00000000c8900000| Untracked 
| 137|0x00000000c8900000, 0x00000000c8a00000, 0x00000000c8a00000|100%| O|  |TAMS 0x00000000c8900000, 0x00000000c8a00000| Untracked 
| 138|0x00000000c8a00000, 0x00000000c8b00000, 0x00000000c8b00000|100%| O|  |TAMS 0x00000000c8a00000, 0x00000000c8b00000| Untracked 
| 139|0x00000000c8b00000, 0x00000000c8c00000, 0x00000000c8c00000|100%| O|  |TAMS 0x00000000c8b00000, 0x00000000c8c00000| Untracked 
| 140|0x00000000c8c00000, 0x00000000c8d00000, 0x00000000c8d00000|100%| O|  |TAMS 0x00000000c8c00000, 0x00000000c8d00000| Untracked 
| 141|0x00000000c8d00000, 0x00000000c8e00000, 0x00000000c8e00000|100%| O|  |TAMS 0x00000000c8d00000, 0x00000000c8e00000| Untracked 
| 142|0x00000000c8e00000, 0x00000000c8f00000, 0x00000000c8f00000|100%| O|  |TAMS 0x00000000c8e00000, 0x00000000c8f00000| Untracked 
| 143|0x00000000c8f00000, 0x00000000c9000000, 0x00000000c9000000|100%| O|  |TAMS 0x00000000c8f00000, 0x00000000c9000000| Untracked 
| 144|0x00000000c9000000, 0x00000000c9100000, 0x00000000c9100000|100%| O|  |TAMS 0x00000000c9000000, 0x00000000c9100000| Untracked 
| 145|0x00000000c9100000, 0x00000000c9200000, 0x00000000c9200000|100%| O|  |TAMS 0x00000000c9100000, 0x00000000c9200000| Untracked 
| 146|0x00000000c9200000, 0x00000000c9300000, 0x00000000c9300000|100%|HS|  |TAMS 0x00000000c9200000, 0x00000000c9300000| Complete 
| 147|0x00000000c9300000, 0x00000000c9400000, 0x00000000c9400000|100%|HS|  |TAMS 0x00000000c9300000, 0x00000000c9400000| Complete 
| 148|0x00000000c9400000, 0x00000000c9500000, 0x00000000c9500000|100%|HS|  |TAMS 0x00000000c9400000, 0x00000000c9500000| Complete 
| 149|0x00000000c9500000, 0x00000000c9600000, 0x00000000c9600000|100%|HC|  |TAMS 0x00000000c9500000, 0x00000000c9600000| Complete 
| 150|0x00000000c9600000, 0x00000000c9700000, 0x00000000c9700000|100%| O|  |TAMS 0x00000000c9600000, 0x00000000c9700000| Untracked 
| 151|0x00000000c9700000, 0x00000000c9800000, 0x00000000c9800000|100%| O|  |TAMS 0x00000000c9700000, 0x00000000c9800000| Untracked 
| 152|0x00000000c9800000, 0x00000000c9900000, 0x00000000c9900000|100%| O|  |TAMS 0x00000000c9800000, 0x00000000c9900000| Untracked 
| 153|0x00000000c9900000, 0x00000000c9a00000, 0x00000000c9a00000|100%| O|  |TAMS 0x00000000c9900000, 0x00000000c9a00000| Untracked 
| 154|0x00000000c9a00000, 0x00000000c9b00000, 0x00000000c9b00000|100%| O|  |TAMS 0x00000000c9a00000, 0x00000000c9b00000| Untracked 
| 155|0x00000000c9b00000, 0x00000000c9c00000, 0x00000000c9c00000|100%| O|  |TAMS 0x00000000c9b00000, 0x00000000c9c00000| Untracked 
| 156|0x00000000c9c00000, 0x00000000c9d00000, 0x00000000c9d00000|100%| O|  |TAMS 0x00000000c9c00000, 0x00000000c9d00000| Untracked 
| 157|0x00000000c9d00000, 0x00000000c9e00000, 0x00000000c9e00000|100%| O|  |TAMS 0x00000000c9d00000, 0x00000000c9e00000| Untracked 
| 158|0x00000000c9e00000, 0x00000000c9f00000, 0x00000000c9f00000|100%| O|  |TAMS 0x00000000c9e00000, 0x00000000c9f00000| Untracked 
| 159|0x00000000c9f00000, 0x00000000ca000000, 0x00000000ca000000|100%| O|  |TAMS 0x00000000c9f00000, 0x00000000ca000000| Untracked 
| 160|0x00000000ca000000, 0x00000000ca100000, 0x00000000ca100000|100%| O|  |TAMS 0x00000000ca000000, 0x00000000ca100000| Untracked 
| 161|0x00000000ca100000, 0x00000000ca200000, 0x00000000ca200000|100%| O|  |TAMS 0x00000000ca100000, 0x00000000ca200000| Untracked 
| 162|0x00000000ca200000, 0x00000000ca300000, 0x00000000ca300000|100%| O|  |TAMS 0x00000000ca200000, 0x00000000ca300000| Untracked 
| 163|0x00000000ca300000, 0x00000000ca400000, 0x00000000ca400000|100%| O|  |TAMS 0x00000000ca300000, 0x00000000ca400000| Untracked 
| 164|0x00000000ca400000, 0x00000000ca500000, 0x00000000ca500000|100%| O|  |TAMS 0x00000000ca400000, 0x00000000ca500000| Untracked 
| 165|0x00000000ca500000, 0x00000000ca600000, 0x00000000ca600000|100%| O|  |TAMS 0x00000000ca500000, 0x00000000ca600000| Untracked 
| 166|0x00000000ca600000, 0x00000000ca700000, 0x00000000ca700000|100%| O|  |TAMS 0x00000000ca600000, 0x00000000ca700000| Untracked 
| 167|0x00000000ca700000, 0x00000000ca800000, 0x00000000ca800000|100%|HS|  |TAMS 0x00000000ca700000, 0x00000000ca800000| Complete 
| 168|0x00000000ca800000, 0x00000000ca900000, 0x00000000ca900000|100%| O|  |TAMS 0x00000000ca800000, 0x00000000ca900000| Untracked 
| 169|0x00000000ca900000, 0x00000000caa00000, 0x00000000caa00000|100%| O|  |TAMS 0x00000000ca900000, 0x00000000caa00000| Untracked 
| 170|0x00000000caa00000, 0x00000000cab00000, 0x00000000cab00000|100%| O|  |TAMS 0x00000000caa00000, 0x00000000cab00000| Untracked 
| 171|0x00000000cab00000, 0x00000000cac00000, 0x00000000cac00000|100%| O|  |TAMS 0x00000000cab00000, 0x00000000cac00000| Untracked 
| 172|0x00000000cac00000, 0x00000000cad00000, 0x00000000cad00000|100%| O|  |TAMS 0x00000000cac00000, 0x00000000cad00000| Untracked 
| 173|0x00000000cad00000, 0x00000000cae00000, 0x00000000cae00000|100%| O|  |TAMS 0x00000000cad00000, 0x00000000cae00000| Untracked 
| 174|0x00000000cae00000, 0x00000000caf00000, 0x00000000caf00000|100%| O|  |TAMS 0x00000000cae00000, 0x00000000caf00000| Untracked 
| 175|0x00000000caf00000, 0x00000000cb000000, 0x00000000cb000000|100%| O|  |TAMS 0x00000000caf00000, 0x00000000cb000000| Untracked 
| 176|0x00000000cb000000, 0x00000000cb100000, 0x00000000cb100000|100%| O|  |TAMS 0x00000000cb000000, 0x00000000cb100000| Untracked 
| 177|0x00000000cb100000, 0x00000000cb200000, 0x00000000cb200000|100%| O|  |TAMS 0x00000000cb100000, 0x00000000cb200000| Untracked 
| 178|0x00000000cb200000, 0x00000000cb300000, 0x00000000cb300000|100%| O|  |TAMS 0x00000000cb200000, 0x00000000cb300000| Untracked 
| 179|0x00000000cb300000, 0x00000000cb400000, 0x00000000cb400000|100%| O|  |TAMS 0x00000000cb300000, 0x00000000cb400000| Untracked 
| 180|0x00000000cb400000, 0x00000000cb500000, 0x00000000cb500000|100%| O|  |TAMS 0x00000000cb400000, 0x00000000cb500000| Untracked 
| 181|0x00000000cb500000, 0x00000000cb600000, 0x00000000cb600000|100%| O|  |TAMS 0x00000000cb500000, 0x00000000cb600000| Untracked 
| 182|0x00000000cb600000, 0x00000000cb700000, 0x00000000cb700000|100%| O|  |TAMS 0x00000000cb600000, 0x00000000cb700000| Untracked 
| 183|0x00000000cb700000, 0x00000000cb800000, 0x00000000cb800000|100%|HS|  |TAMS 0x00000000cb700000, 0x00000000cb800000| Complete 
| 184|0x00000000cb800000, 0x00000000cb900000, 0x00000000cb900000|100%|HS|  |TAMS 0x00000000cb800000, 0x00000000cb900000| Complete 
| 185|0x00000000cb900000, 0x00000000cba00000, 0x00000000cba00000|100%| O|  |TAMS 0x00000000cb900000, 0x00000000cba00000| Untracked 
| 186|0x00000000cba00000, 0x00000000cbb00000, 0x00000000cbb00000|100%| O|  |TAMS 0x00000000cba00000, 0x00000000cbb00000| Untracked 
| 187|0x00000000cbb00000, 0x00000000cbc00000, 0x00000000cbc00000|100%| O|  |TAMS 0x00000000cbb00000, 0x00000000cbc00000| Untracked 
| 188|0x00000000cbc00000, 0x00000000cbd00000, 0x00000000cbd00000|100%| O|  |TAMS 0x00000000cbc00000, 0x00000000cbd00000| Untracked 
| 189|0x00000000cbd00000, 0x00000000cbe00000, 0x00000000cbe00000|100%| O|  |TAMS 0x00000000cbd00000, 0x00000000cbe00000| Untracked 
| 190|0x00000000cbe00000, 0x00000000cbf00000, 0x00000000cbf00000|100%| O|  |TAMS 0x00000000cbe00000, 0x00000000cbf00000| Untracked 
| 191|0x00000000cbf00000, 0x00000000cc000000, 0x00000000cc000000|100%| O|  |TAMS 0x00000000cbf00000, 0x00000000cc000000| Untracked 
| 192|0x00000000cc000000, 0x00000000cc100000, 0x00000000cc100000|100%| O|  |TAMS 0x00000000cc000000, 0x00000000cc100000| Untracked 
| 193|0x00000000cc100000, 0x00000000cc200000, 0x00000000cc200000|100%| O|  |TAMS 0x00000000cc100000, 0x00000000cc200000| Untracked 
| 194|0x00000000cc200000, 0x00000000cc300000, 0x00000000cc300000|100%| O|  |TAMS 0x00000000cc200000, 0x00000000cc300000| Untracked 
| 195|0x00000000cc300000, 0x00000000cc400000, 0x00000000cc400000|100%| O|  |TAMS 0x00000000cc300000, 0x00000000cc400000| Untracked 
| 196|0x00000000cc400000, 0x00000000cc500000, 0x00000000cc500000|100%| O|  |TAMS 0x00000000cc400000, 0x00000000cc500000| Untracked 
| 197|0x00000000cc500000, 0x00000000cc600000, 0x00000000cc600000|100%| O|  |TAMS 0x00000000cc500000, 0x00000000cc600000| Untracked 
| 198|0x00000000cc600000, 0x00000000cc700000, 0x00000000cc700000|100%| O|  |TAMS 0x00000000cc600000, 0x00000000cc700000| Untracked 
| 199|0x00000000cc700000, 0x00000000cc800000, 0x00000000cc800000|100%| O|  |TAMS 0x00000000cc700000, 0x00000000cc800000| Untracked 
| 200|0x00000000cc800000, 0x00000000cc900000, 0x00000000cc900000|100%| O|  |TAMS 0x00000000cc800000, 0x00000000cc900000| Untracked 
| 201|0x00000000cc900000, 0x00000000cca00000, 0x00000000cca00000|100%| O|  |TAMS 0x00000000cc900000, 0x00000000cca00000| Untracked 
| 202|0x00000000cca00000, 0x00000000ccb00000, 0x00000000ccb00000|100%| O|  |TAMS 0x00000000cca00000, 0x00000000ccb00000| Untracked 
| 203|0x00000000ccb00000, 0x00000000ccc00000, 0x00000000ccc00000|100%| O|  |TAMS 0x00000000ccb00000, 0x00000000ccc00000| Untracked 
| 204|0x00000000ccc00000, 0x00000000ccd00000, 0x00000000ccd00000|100%| O|  |TAMS 0x00000000ccc00000, 0x00000000ccd00000| Untracked 
| 205|0x00000000ccd00000, 0x00000000cce00000, 0x00000000cce00000|100%| O|  |TAMS 0x00000000ccd00000, 0x00000000cce00000| Untracked 
| 206|0x00000000cce00000, 0x00000000ccf00000, 0x00000000ccf00000|100%| O|  |TAMS 0x00000000cce00000, 0x00000000ccf00000| Untracked 
| 207|0x00000000ccf00000, 0x00000000cd000000, 0x00000000cd000000|100%|HS|  |TAMS 0x00000000ccf00000, 0x00000000cd000000| Complete 
| 208|0x00000000cd000000, 0x00000000cd100000, 0x00000000cd100000|100%|HC|  |TAMS 0x00000000cd000000, 0x00000000cd100000| Complete 
| 209|0x00000000cd100000, 0x00000000cd200000, 0x00000000cd200000|100%|HS|  |TAMS 0x00000000cd100000, 0x00000000cd200000| Complete 
| 210|0x00000000cd200000, 0x00000000cd300000, 0x00000000cd300000|100%|HC|  |TAMS 0x00000000cd200000, 0x00000000cd300000| Complete 
| 211|0x00000000cd300000, 0x00000000cd400000, 0x00000000cd400000|100%| O|  |TAMS 0x00000000cd300000, 0x00000000cd400000| Untracked 
| 212|0x00000000cd400000, 0x00000000cd500000, 0x00000000cd500000|100%| O|  |TAMS 0x00000000cd400000, 0x00000000cd500000| Untracked 
| 213|0x00000000cd500000, 0x00000000cd600000, 0x00000000cd600000|100%| O|  |TAMS 0x00000000cd500000, 0x00000000cd600000| Untracked 
| 214|0x00000000cd600000, 0x00000000cd700000, 0x00000000cd700000|100%| O|  |TAMS 0x00000000cd600000, 0x00000000cd700000| Untracked 
| 215|0x00000000cd700000, 0x00000000cd800000, 0x00000000cd800000|100%| O|  |TAMS 0x00000000cd700000, 0x00000000cd800000| Untracked 
| 216|0x00000000cd800000, 0x00000000cd900000, 0x00000000cd900000|100%| O|  |TAMS 0x00000000cd800000, 0x00000000cd900000| Untracked 
| 217|0x00000000cd900000, 0x00000000cda00000, 0x00000000cda00000|100%| O|  |TAMS 0x00000000cd900000, 0x00000000cda00000| Untracked 
| 218|0x00000000cda00000, 0x00000000cdb00000, 0x00000000cdb00000|100%| O|  |TAMS 0x00000000cda00000, 0x00000000cdb00000| Untracked 
| 219|0x00000000cdb00000, 0x00000000cdc00000, 0x00000000cdc00000|100%| O|  |TAMS 0x00000000cdb00000, 0x00000000cdc00000| Untracked 
| 220|0x00000000cdc00000, 0x00000000cdd00000, 0x00000000cdd00000|100%| O|  |TAMS 0x00000000cdc00000, 0x00000000cdd00000| Untracked 
| 221|0x00000000cdd00000, 0x00000000cde00000, 0x00000000cde00000|100%| O|  |TAMS 0x00000000cdd00000, 0x00000000cde00000| Untracked 
| 222|0x00000000cde00000, 0x00000000cdf00000, 0x00000000cdf00000|100%| O|  |TAMS 0x00000000cde00000, 0x00000000cdf00000| Untracked 
| 223|0x00000000cdf00000, 0x00000000ce000000, 0x00000000ce000000|100%| O|  |TAMS 0x00000000cdf00000, 0x00000000ce000000| Untracked 
| 224|0x00000000ce000000, 0x00000000ce100000, 0x00000000ce100000|100%| O|  |TAMS 0x00000000ce000000, 0x00000000ce100000| Untracked 
| 225|0x00000000ce100000, 0x00000000ce200000, 0x00000000ce200000|100%| O|  |TAMS 0x00000000ce100000, 0x00000000ce200000| Untracked 
| 226|0x00000000ce200000, 0x00000000ce300000, 0x00000000ce300000|100%| O|  |TAMS 0x00000000ce200000, 0x00000000ce300000| Untracked 
| 227|0x00000000ce300000, 0x00000000ce400000, 0x00000000ce400000|100%| O|  |TAMS 0x00000000ce300000, 0x00000000ce400000| Untracked 
| 228|0x00000000ce400000, 0x00000000ce500000, 0x00000000ce500000|100%| O|  |TAMS 0x00000000ce400000, 0x00000000ce500000| Untracked 
| 229|0x00000000ce500000, 0x00000000ce600000, 0x00000000ce600000|100%| O|  |TAMS 0x00000000ce500000, 0x00000000ce600000| Untracked 
| 230|0x00000000ce600000, 0x00000000ce700000, 0x00000000ce700000|100%| O|  |TAMS 0x00000000ce600000, 0x00000000ce700000| Untracked 
| 231|0x00000000ce700000, 0x00000000ce800000, 0x00000000ce800000|100%| O|  |TAMS 0x00000000ce700000, 0x00000000ce800000| Untracked 
| 232|0x00000000ce800000, 0x00000000ce900000, 0x00000000ce900000|100%| O|  |TAMS 0x00000000ce800000, 0x00000000ce900000| Untracked 
| 233|0x00000000ce900000, 0x00000000cea00000, 0x00000000cea00000|100%| O|  |TAMS 0x00000000ce900000, 0x00000000cea00000| Untracked 
| 234|0x00000000cea00000, 0x00000000ceb00000, 0x00000000ceb00000|100%| O|  |TAMS 0x00000000cea00000, 0x00000000ceb00000| Untracked 
| 235|0x00000000ceb00000, 0x00000000cec00000, 0x00000000cec00000|100%| O|  |TAMS 0x00000000ceb00000, 0x00000000cec00000| Untracked 
| 236|0x00000000cec00000, 0x00000000ced00000, 0x00000000ced00000|100%| O|  |TAMS 0x00000000cec00000, 0x00000000ced00000| Untracked 
| 237|0x00000000ced00000, 0x00000000cee00000, 0x00000000cee00000|100%| O|  |TAMS 0x00000000ced00000, 0x00000000cee00000| Untracked 
| 238|0x00000000cee00000, 0x00000000cef00000, 0x00000000cef00000|100%| O|  |TAMS 0x00000000cee00000, 0x00000000cef00000| Untracked 
| 239|0x00000000cef00000, 0x00000000cf000000, 0x00000000cf000000|100%| O|  |TAMS 0x00000000cef00000, 0x00000000cf000000| Untracked 
| 240|0x00000000cf000000, 0x00000000cf100000, 0x00000000cf100000|100%| O|  |TAMS 0x00000000cf000000, 0x00000000cf100000| Untracked 
| 241|0x00000000cf100000, 0x00000000cf200000, 0x00000000cf200000|100%| O|  |TAMS 0x00000000cf100000, 0x00000000cf200000| Untracked 
| 242|0x00000000cf200000, 0x00000000cf300000, 0x00000000cf300000|100%| O|  |TAMS 0x00000000cf200000, 0x00000000cf300000| Untracked 
| 243|0x00000000cf300000, 0x00000000cf400000, 0x00000000cf400000|100%| O|  |TAMS 0x00000000cf300000, 0x00000000cf400000| Untracked 
| 244|0x00000000cf400000, 0x00000000cf500000, 0x00000000cf500000|100%|HS|  |TAMS 0x00000000cf400000, 0x00000000cf500000| Complete 
| 245|0x00000000cf500000, 0x00000000cf600000, 0x00000000cf600000|100%| O|  |TAMS 0x00000000cf500000, 0x00000000cf600000| Untracked 
| 246|0x00000000cf600000, 0x00000000cf700000, 0x00000000cf700000|100%| O|  |TAMS 0x00000000cf600000, 0x00000000cf700000| Untracked 
| 247|0x00000000cf700000, 0x00000000cf800000, 0x00000000cf800000|100%| O|  |TAMS 0x00000000cf700000, 0x00000000cf800000| Untracked 
| 248|0x00000000cf800000, 0x00000000cf900000, 0x00000000cf900000|100%| O|  |TAMS 0x00000000cf800000, 0x00000000cf900000| Untracked 
| 249|0x00000000cf900000, 0x00000000cfa00000, 0x00000000cfa00000|100%| O|  |TAMS 0x00000000cf900000, 0x00000000cfa00000| Untracked 
| 250|0x00000000cfa00000, 0x00000000cfb00000, 0x00000000cfb00000|100%| O|  |TAMS 0x00000000cfa00000, 0x00000000cfb00000| Untracked 
| 251|0x00000000cfb00000, 0x00000000cfc00000, 0x00000000cfc00000|100%| O|  |TAMS 0x00000000cfb00000, 0x00000000cfc00000| Untracked 
| 252|0x00000000cfc00000, 0x00000000cfd00000, 0x00000000cfd00000|100%| O|  |TAMS 0x00000000cfc00000, 0x00000000cfd00000| Untracked 
| 253|0x00000000cfd00000, 0x00000000cfe00000, 0x00000000cfe00000|100%| O|  |TAMS 0x00000000cfd00000, 0x00000000cfe00000| Untracked 
| 254|0x00000000cfe00000, 0x00000000cff00000, 0x00000000cff00000|100%| O|  |TAMS 0x00000000cfe00000, 0x00000000cff00000| Untracked 
| 255|0x00000000cff00000, 0x00000000d0000000, 0x00000000d0000000|100%| O|  |TAMS 0x00000000cff00000, 0x00000000d0000000| Untracked 
| 256|0x00000000d0000000, 0x00000000d0100000, 0x00000000d0100000|100%| O|  |TAMS 0x00000000d0000000, 0x00000000d0100000| Untracked 
| 257|0x00000000d0100000, 0x00000000d0200000, 0x00000000d0200000|100%| O|  |TAMS 0x00000000d0100000, 0x00000000d0200000| Untracked 
| 258|0x00000000d0200000, 0x00000000d0300000, 0x00000000d0300000|100%| O|  |TAMS 0x00000000d0200000, 0x00000000d0300000| Untracked 
| 259|0x00000000d0300000, 0x00000000d0400000, 0x00000000d0400000|100%| O|  |TAMS 0x00000000d0300000, 0x00000000d0400000| Untracked 
| 260|0x00000000d0400000, 0x00000000d0500000, 0x00000000d0500000|100%| O|  |TAMS 0x00000000d0400000, 0x00000000d0500000| Untracked 
| 261|0x00000000d0500000, 0x00000000d0600000, 0x00000000d0600000|100%| O|  |TAMS 0x00000000d0500000, 0x00000000d0600000| Untracked 
| 262|0x00000000d0600000, 0x00000000d0700000, 0x00000000d0700000|100%| O|  |TAMS 0x00000000d0600000, 0x00000000d0700000| Untracked 
| 263|0x00000000d0700000, 0x00000000d0800000, 0x00000000d0800000|100%|HS|  |TAMS 0x00000000d0700000, 0x00000000d0800000| Complete 
| 264|0x00000000d0800000, 0x00000000d0900000, 0x00000000d0900000|100%|HS|  |TAMS 0x00000000d0800000, 0x00000000d0900000| Complete 
| 265|0x00000000d0900000, 0x00000000d0a00000, 0x00000000d0a00000|100%|HS|  |TAMS 0x00000000d0900000, 0x00000000d0a00000| Complete 
| 266|0x00000000d0a00000, 0x00000000d0b00000, 0x00000000d0b00000|100%|HS|  |TAMS 0x00000000d0a00000, 0x00000000d0b00000| Complete 
| 267|0x00000000d0b00000, 0x00000000d0c00000, 0x00000000d0c00000|100%| O|  |TAMS 0x00000000d0b00000, 0x00000000d0c00000| Untracked 
| 268|0x00000000d0c00000, 0x00000000d0d00000, 0x00000000d0d00000|100%| O|  |TAMS 0x00000000d0c00000, 0x00000000d0d00000| Untracked 
| 269|0x00000000d0d00000, 0x00000000d0e00000, 0x00000000d0e00000|100%| O|  |TAMS 0x00000000d0d00000, 0x00000000d0e00000| Untracked 
| 270|0x00000000d0e00000, 0x00000000d0f00000, 0x00000000d0f00000|100%| O|  |TAMS 0x00000000d0e00000, 0x00000000d0f00000| Untracked 
| 271|0x00000000d0f00000, 0x00000000d1000000, 0x00000000d1000000|100%| O|  |TAMS 0x00000000d0f00000, 0x00000000d1000000| Untracked 
| 272|0x00000000d1000000, 0x00000000d1100000, 0x00000000d1100000|100%| O|  |TAMS 0x00000000d1000000, 0x00000000d1100000| Untracked 
| 273|0x00000000d1100000, 0x00000000d1200000, 0x00000000d1200000|100%| O|  |TAMS 0x00000000d1100000, 0x00000000d1200000| Untracked 
| 274|0x00000000d1200000, 0x00000000d1300000, 0x00000000d1300000|100%| O|  |TAMS 0x00000000d1200000, 0x00000000d1300000| Untracked 
| 275|0x00000000d1300000, 0x00000000d1400000, 0x00000000d1400000|100%| O|  |TAMS 0x00000000d1300000, 0x00000000d1400000| Untracked 
| 276|0x00000000d1400000, 0x00000000d1500000, 0x00000000d1500000|100%| O|  |TAMS 0x00000000d1400000, 0x00000000d1500000| Untracked 
| 277|0x00000000d1500000, 0x00000000d1600000, 0x00000000d1600000|100%| O|  |TAMS 0x00000000d1500000, 0x00000000d1600000| Untracked 
| 278|0x00000000d1600000, 0x00000000d1700000, 0x00000000d1700000|100%| O|  |TAMS 0x00000000d1600000, 0x00000000d1700000| Untracked 
| 279|0x00000000d1700000, 0x00000000d1800000, 0x00000000d1800000|100%| O|  |TAMS 0x00000000d1700000, 0x00000000d1800000| Untracked 
| 280|0x00000000d1800000, 0x00000000d1900000, 0x00000000d1900000|100%| O|  |TAMS 0x00000000d1800000, 0x00000000d1900000| Untracked 
| 281|0x00000000d1900000, 0x00000000d1a00000, 0x00000000d1a00000|100%| O|  |TAMS 0x00000000d1900000, 0x00000000d1a00000| Untracked 
| 282|0x00000000d1a00000, 0x00000000d1b00000, 0x00000000d1b00000|100%| O|  |TAMS 0x00000000d1a00000, 0x00000000d1b00000| Untracked 
| 283|0x00000000d1b00000, 0x00000000d1c00000, 0x00000000d1c00000|100%| O|  |TAMS 0x00000000d1b00000, 0x00000000d1c00000| Untracked 
| 284|0x00000000d1c00000, 0x00000000d1d00000, 0x00000000d1d00000|100%| O|  |TAMS 0x00000000d1c00000, 0x00000000d1d00000| Untracked 
| 285|0x00000000d1d00000, 0x00000000d1e00000, 0x00000000d1e00000|100%| O|  |TAMS 0x00000000d1d00000, 0x00000000d1e00000| Untracked 
| 286|0x00000000d1e00000, 0x00000000d1f00000, 0x00000000d1f00000|100%| O|  |TAMS 0x00000000d1e00000, 0x00000000d1f00000| Untracked 
| 287|0x00000000d1f00000, 0x00000000d2000000, 0x00000000d2000000|100%| O|  |TAMS 0x00000000d1f00000, 0x00000000d2000000| Untracked 
| 288|0x00000000d2000000, 0x00000000d2100000, 0x00000000d2100000|100%| O|  |TAMS 0x00000000d2000000, 0x00000000d2100000| Untracked 
| 289|0x00000000d2100000, 0x00000000d2200000, 0x00000000d2200000|100%| O|  |TAMS 0x00000000d2100000, 0x00000000d2200000| Untracked 
| 290|0x00000000d2200000, 0x00000000d2300000, 0x00000000d2300000|100%| O|  |TAMS 0x00000000d2200000, 0x00000000d2300000| Untracked 
| 291|0x00000000d2300000, 0x00000000d2400000, 0x00000000d2400000|100%| O|  |TAMS 0x00000000d2300000, 0x00000000d2400000| Untracked 
| 292|0x00000000d2400000, 0x00000000d2500000, 0x00000000d2500000|100%| O|  |TAMS 0x00000000d2400000, 0x00000000d2500000| Untracked 
| 293|0x00000000d2500000, 0x00000000d2600000, 0x00000000d2600000|100%| O|  |TAMS 0x00000000d2500000, 0x00000000d2600000| Untracked 
| 294|0x00000000d2600000, 0x00000000d2700000, 0x00000000d2700000|100%| O|  |TAMS 0x00000000d2600000, 0x00000000d2700000| Untracked 
| 295|0x00000000d2700000, 0x00000000d2800000, 0x00000000d2800000|100%| O|  |TAMS 0x00000000d2700000, 0x00000000d2800000| Untracked 
| 296|0x00000000d2800000, 0x00000000d2900000, 0x00000000d2900000|100%| O|  |TAMS 0x00000000d2800000, 0x00000000d2900000| Untracked 
| 297|0x00000000d2900000, 0x00000000d2a00000, 0x00000000d2a00000|100%| O|  |TAMS 0x00000000d2900000, 0x00000000d2a00000| Untracked 
| 298|0x00000000d2a00000, 0x00000000d2b00000, 0x00000000d2b00000|100%| O|  |TAMS 0x00000000d2a00000, 0x00000000d2b00000| Untracked 
| 299|0x00000000d2b00000, 0x00000000d2c00000, 0x00000000d2c00000|100%| O|  |TAMS 0x00000000d2b00000, 0x00000000d2c00000| Untracked 
| 300|0x00000000d2c00000, 0x00000000d2d00000, 0x00000000d2d00000|100%| O|  |TAMS 0x00000000d2c00000, 0x00000000d2d00000| Untracked 
| 301|0x00000000d2d00000, 0x00000000d2e00000, 0x00000000d2e00000|100%| O|  |TAMS 0x00000000d2d00000, 0x00000000d2e00000| Untracked 
| 302|0x00000000d2e00000, 0x00000000d2f00000, 0x00000000d2f00000|100%| O|  |TAMS 0x00000000d2e00000, 0x00000000d2f00000| Untracked 
| 303|0x00000000d2f00000, 0x00000000d3000000, 0x00000000d3000000|100%| O|  |TAMS 0x00000000d2f00000, 0x00000000d3000000| Untracked 
| 304|0x00000000d3000000, 0x00000000d3100000, 0x00000000d3100000|100%| O|  |TAMS 0x00000000d3000000, 0x00000000d3100000| Untracked 
| 305|0x00000000d3100000, 0x00000000d3200000, 0x00000000d3200000|100%|HS|  |TAMS 0x00000000d3100000, 0x00000000d3200000| Complete 
| 306|0x00000000d3200000, 0x00000000d3300000, 0x00000000d3300000|100%|HS|  |TAMS 0x00000000d3200000, 0x00000000d3300000| Complete 
| 307|0x00000000d3300000, 0x00000000d3400000, 0x00000000d3400000|100%|HS|  |TAMS 0x00000000d3300000, 0x00000000d3400000| Complete 
| 308|0x00000000d3400000, 0x00000000d3500000, 0x00000000d3500000|100%| O|  |TAMS 0x00000000d3400000, 0x00000000d3500000| Untracked 
| 309|0x00000000d3500000, 0x00000000d3600000, 0x00000000d3600000|100%| O|  |TAMS 0x00000000d3500000, 0x00000000d3600000| Untracked 
| 310|0x00000000d3600000, 0x00000000d3700000, 0x00000000d3700000|100%| O|  |TAMS 0x00000000d3600000, 0x00000000d3700000| Untracked 
| 311|0x00000000d3700000, 0x00000000d3800000, 0x00000000d3800000|100%| O|  |TAMS 0x00000000d3700000, 0x00000000d3800000| Untracked 
| 312|0x00000000d3800000, 0x00000000d3900000, 0x00000000d3900000|100%| O|  |TAMS 0x00000000d3800000, 0x00000000d3900000| Untracked 
| 313|0x00000000d3900000, 0x00000000d3a00000, 0x00000000d3a00000|100%| O|  |TAMS 0x00000000d3900000, 0x00000000d3a00000| Untracked 
| 314|0x00000000d3a00000, 0x00000000d3b00000, 0x00000000d3b00000|100%| O|  |TAMS 0x00000000d3a00000, 0x00000000d3b00000| Untracked 
| 315|0x00000000d3b00000, 0x00000000d3c00000, 0x00000000d3c00000|100%| O|  |TAMS 0x00000000d3b00000, 0x00000000d3c00000| Untracked 
| 316|0x00000000d3c00000, 0x00000000d3d00000, 0x00000000d3d00000|100%| O|  |TAMS 0x00000000d3c00000, 0x00000000d3d00000| Untracked 
| 317|0x00000000d3d00000, 0x00000000d3e00000, 0x00000000d3e00000|100%| O|  |TAMS 0x00000000d3d00000, 0x00000000d3e00000| Untracked 
| 318|0x00000000d3e00000, 0x00000000d3f00000, 0x00000000d3f00000|100%| O|  |TAMS 0x00000000d3e00000, 0x00000000d3f00000| Untracked 
| 319|0x00000000d3f00000, 0x00000000d4000000, 0x00000000d4000000|100%| O|  |TAMS 0x00000000d3f00000, 0x00000000d4000000| Untracked 
| 320|0x00000000d4000000, 0x00000000d4100000, 0x00000000d4100000|100%| O|  |TAMS 0x00000000d4000000, 0x00000000d4100000| Untracked 
| 321|0x00000000d4100000, 0x00000000d4200000, 0x00000000d4200000|100%| O|  |TAMS 0x00000000d4100000, 0x00000000d4200000| Untracked 
| 322|0x00000000d4200000, 0x00000000d4300000, 0x00000000d4300000|100%| O|  |TAMS 0x00000000d4200000, 0x00000000d4300000| Untracked 
| 323|0x00000000d4300000, 0x00000000d4400000, 0x00000000d4400000|100%| O|  |TAMS 0x00000000d4300000, 0x00000000d4400000| Untracked 
| 324|0x00000000d4400000, 0x00000000d4500000, 0x00000000d4500000|100%| O|  |TAMS 0x00000000d4400000, 0x00000000d4497a00| Untracked 
| 325|0x00000000d4500000, 0x00000000d45ce600, 0x00000000d4600000| 80%| O|  |TAMS 0x00000000d4500000, 0x00000000d4500000| Untracked 
| 326|0x00000000d4600000, 0x00000000d4600000, 0x00000000d4700000|  0%| F|  |TAMS 0x00000000d4600000, 0x00000000d4600000| Untracked 
| 327|0x00000000d4700000, 0x00000000d4700000, 0x00000000d4800000|  0%| F|  |TAMS 0x00000000d4700000, 0x00000000d4700000| Untracked 
| 328|0x00000000d4800000, 0x00000000d4800000, 0x00000000d4900000|  0%| F|  |TAMS 0x00000000d4800000, 0x00000000d4800000| Untracked 
| 329|0x00000000d4900000, 0x00000000d4900000, 0x00000000d4a00000|  0%| F|  |TAMS 0x00000000d4900000, 0x00000000d4900000| Untracked 
| 330|0x00000000d4a00000, 0x00000000d4a00000, 0x00000000d4b00000|  0%| F|  |TAMS 0x00000000d4a00000, 0x00000000d4a00000| Untracked 
| 331|0x00000000d4b00000, 0x00000000d4b00000, 0x00000000d4c00000|  0%| F|  |TAMS 0x00000000d4b00000, 0x00000000d4b00000| Untracked 
| 332|0x00000000d4c00000, 0x00000000d4c00000, 0x00000000d4d00000|  0%| F|  |TAMS 0x00000000d4c00000, 0x00000000d4c00000| Untracked 
| 333|0x00000000d4d00000, 0x00000000d4d00000, 0x00000000d4e00000|  0%| F|  |TAMS 0x00000000d4d00000, 0x00000000d4d00000| Untracked 
| 334|0x00000000d4e00000, 0x00000000d4e00000, 0x00000000d4f00000|  0%| F|  |TAMS 0x00000000d4e00000, 0x00000000d4e00000| Untracked 
| 335|0x00000000d4f00000, 0x00000000d4f00000, 0x00000000d5000000|  0%| F|  |TAMS 0x00000000d4f00000, 0x00000000d4f00000| Untracked 
| 336|0x00000000d5000000, 0x00000000d5000000, 0x00000000d5100000|  0%| F|  |TAMS 0x00000000d5000000, 0x00000000d5000000| Untracked 
| 337|0x00000000d5100000, 0x00000000d5100000, 0x00000000d5200000|  0%| F|  |TAMS 0x00000000d5100000, 0x00000000d5100000| Untracked 
| 338|0x00000000d5200000, 0x00000000d5200000, 0x00000000d5300000|  0%| F|  |TAMS 0x00000000d5200000, 0x00000000d5200000| Untracked 
| 339|0x00000000d5300000, 0x00000000d5300000, 0x00000000d5400000|  0%| F|  |TAMS 0x00000000d5300000, 0x00000000d5300000| Untracked 
| 340|0x00000000d5400000, 0x00000000d5400000, 0x00000000d5500000|  0%| F|  |TAMS 0x00000000d5400000, 0x00000000d5400000| Untracked 
| 341|0x00000000d5500000, 0x00000000d5500000, 0x00000000d5600000|  0%| F|  |TAMS 0x00000000d5500000, 0x00000000d5500000| Untracked 
| 342|0x00000000d5600000, 0x00000000d5600000, 0x00000000d5700000|  0%| F|  |TAMS 0x00000000d5600000, 0x00000000d5600000| Untracked 
| 343|0x00000000d5700000, 0x00000000d5700000, 0x00000000d5800000|  0%| F|  |TAMS 0x00000000d5700000, 0x00000000d5700000| Untracked 
| 344|0x00000000d5800000, 0x00000000d5800000, 0x00000000d5900000|  0%| F|  |TAMS 0x00000000d5800000, 0x00000000d5800000| Untracked 
| 345|0x00000000d5900000, 0x00000000d5900000, 0x00000000d5a00000|  0%| F|  |TAMS 0x00000000d5900000, 0x00000000d5900000| Untracked 
| 346|0x00000000d5a00000, 0x00000000d5a00000, 0x00000000d5b00000|  0%| F|  |TAMS 0x00000000d5a00000, 0x00000000d5a00000| Untracked 
| 347|0x00000000d5b00000, 0x00000000d5b00000, 0x00000000d5c00000|  0%| F|  |TAMS 0x00000000d5b00000, 0x00000000d5b00000| Untracked 
| 348|0x00000000d5c00000, 0x00000000d5c00000, 0x00000000d5d00000|  0%| F|  |TAMS 0x00000000d5c00000, 0x00000000d5c00000| Untracked 
| 349|0x00000000d5d00000, 0x00000000d5d00000, 0x00000000d5e00000|  0%| F|  |TAMS 0x00000000d5d00000, 0x00000000d5d00000| Untracked 
| 350|0x00000000d5e00000, 0x00000000d5e00000, 0x00000000d5f00000|  0%| F|  |TAMS 0x00000000d5e00000, 0x00000000d5e00000| Untracked 
| 351|0x00000000d5f00000, 0x00000000d5f00000, 0x00000000d6000000|  0%| F|  |TAMS 0x00000000d5f00000, 0x00000000d5f00000| Untracked 
| 352|0x00000000d6000000, 0x00000000d6000000, 0x00000000d6100000|  0%| F|  |TAMS 0x00000000d6000000, 0x00000000d6000000| Untracked 
| 353|0x00000000d6100000, 0x00000000d6100000, 0x00000000d6200000|  0%| F|  |TAMS 0x00000000d6100000, 0x00000000d6100000| Untracked 
| 354|0x00000000d6200000, 0x00000000d6200000, 0x00000000d6300000|  0%| F|  |TAMS 0x00000000d6200000, 0x00000000d6200000| Untracked 
| 355|0x00000000d6300000, 0x00000000d6300000, 0x00000000d6400000|  0%| F|  |TAMS 0x00000000d6300000, 0x00000000d6300000| Untracked 
| 356|0x00000000d6400000, 0x00000000d6400000, 0x00000000d6500000|  0%| F|  |TAMS 0x00000000d6400000, 0x00000000d6400000| Untracked 
| 357|0x00000000d6500000, 0x00000000d6500000, 0x00000000d6600000|  0%| F|  |TAMS 0x00000000d6500000, 0x00000000d6500000| Untracked 
| 358|0x00000000d6600000, 0x00000000d66cc580, 0x00000000d6700000| 79%| S|CS|TAMS 0x00000000d6600000, 0x00000000d6600000| Complete 
| 359|0x00000000d6700000, 0x00000000d6800000, 0x00000000d6800000|100%| S|CS|TAMS 0x00000000d6700000, 0x00000000d6700000| Complete 
| 360|0x00000000d6800000, 0x00000000d6900000, 0x00000000d6900000|100%| S|CS|TAMS 0x00000000d6800000, 0x00000000d6800000| Complete 
| 361|0x00000000d6900000, 0x00000000d6900000, 0x00000000d6a00000|  0%| F|  |TAMS 0x00000000d6900000, 0x00000000d6900000| Untracked 
| 362|0x00000000d6a00000, 0x00000000d6a00000, 0x00000000d6b00000|  0%| F|  |TAMS 0x00000000d6a00000, 0x00000000d6a00000| Untracked 
| 363|0x00000000d6b00000, 0x00000000d6b00000, 0x00000000d6c00000|  0%| F|  |TAMS 0x00000000d6b00000, 0x00000000d6b00000| Untracked 
| 364|0x00000000d6c00000, 0x00000000d6c00000, 0x00000000d6d00000|  0%| F|  |TAMS 0x00000000d6c00000, 0x00000000d6c00000| Untracked 
| 365|0x00000000d6d00000, 0x00000000d6d00000, 0x00000000d6e00000|  0%| F|  |TAMS 0x00000000d6d00000, 0x00000000d6d00000| Untracked 
| 366|0x00000000d6e00000, 0x00000000d6e00000, 0x00000000d6f00000|  0%| F|  |TAMS 0x00000000d6e00000, 0x00000000d6e00000| Untracked 
| 367|0x00000000d6f00000, 0x00000000d6f00000, 0x00000000d7000000|  0%| F|  |TAMS 0x00000000d6f00000, 0x00000000d6f00000| Untracked 
| 368|0x00000000d7000000, 0x00000000d7000000, 0x00000000d7100000|  0%| F|  |TAMS 0x00000000d7000000, 0x00000000d7000000| Untracked 
| 369|0x00000000d7100000, 0x00000000d7100000, 0x00000000d7200000|  0%| F|  |TAMS 0x00000000d7100000, 0x00000000d7100000| Untracked 
| 370|0x00000000d7200000, 0x00000000d7200000, 0x00000000d7300000|  0%| F|  |TAMS 0x00000000d7200000, 0x00000000d7200000| Untracked 
| 371|0x00000000d7300000, 0x00000000d7300000, 0x00000000d7400000|  0%| F|  |TAMS 0x00000000d7300000, 0x00000000d7300000| Untracked 
| 372|0x00000000d7400000, 0x00000000d7400000, 0x00000000d7500000|  0%| F|  |TAMS 0x00000000d7400000, 0x00000000d7400000| Untracked 
| 373|0x00000000d7500000, 0x00000000d7500000, 0x00000000d7600000|  0%| F|  |TAMS 0x00000000d7500000, 0x00000000d7500000| Untracked 
| 374|0x00000000d7600000, 0x00000000d7600000, 0x00000000d7700000|  0%| F|  |TAMS 0x00000000d7600000, 0x00000000d7600000| Untracked 
| 375|0x00000000d7700000, 0x00000000d7700000, 0x00000000d7800000|  0%| F|  |TAMS 0x00000000d7700000, 0x00000000d7700000| Untracked 

Card table byte_map: [0x0000028dfaf40000,0x0000028dfb140000] _byte_map_base: 0x0000028dfa940000

Marking Bits (Prev, Next): (CMBitMap*) 0x0000028dfa99c970, (CMBitMap*) 0x0000028dfa99c9b0
 Prev Bits: [0x0000028dfb340000, 0x0000028dfc340000)
 Next Bits: [0x0000028dfc340000, 0x0000028dfd340000)

Polling page: 0x0000028df89f0000

Metaspace:

Usage:
  Non-class:    103.90 MB used.
      Class:     16.58 MB used.
       Both:    120.47 MB used.

Virtual space:
  Non-class space:      128.00 MB reserved,     105.00 MB ( 82%) committed,  2 nodes.
      Class space:      208.00 MB reserved,      17.50 MB (  8%) committed,  1 nodes.
             Both:      336.00 MB reserved,     122.50 MB ( 36%) committed. 

Chunk freelists:
   Non-Class:  7.00 MB
       Class:  14.35 MB
        Both:  21.36 MB

MaxMetaspaceSize: 256.00 MB
CompressedClassSpaceSize: 208.00 MB
Initial GC threshold: 21.00 MB
Current GC threshold: 140.00 MB
CDS: on
MetaspaceReclaimPolicy: balanced
 - commit_granule_bytes: 65536.
 - commit_granule_words: 8192.
 - virtual_space_node_default_size: 8388608.
 - enlarge_chunks_in_place: 1.
 - new_chunks_are_fully_committed: 0.
 - uncommit_free_chunks: 1.
 - use_allocation_guard: 0.
 - handle_deallocations: 1.


Internal statistics:

num_allocs_failed_limit: 6.
num_arena_births: 2626.
num_arena_deaths: 0.
num_vsnodes_births: 3.
num_vsnodes_deaths: 0.
num_space_committed: 1960.
num_space_uncommitted: 0.
num_chunks_returned_to_freelist: 6.
num_chunks_taken_from_freelist: 8675.
num_chunk_merges: 6.
num_chunk_splits: 5354.
num_chunks_enlarged: 3045.
num_inconsistent_stats: 0.

CodeHeap 'non-profiled nmethods': size=120000Kb used=13614Kb max_used=13614Kb free=106385Kb
 bounds [0x0000028d8f590000, 0x0000028d902e0000, 0x0000028d96ac0000]
CodeHeap 'profiled nmethods': size=120000Kb used=32357Kb max_used=32357Kb free=87642Kb
 bounds [0x0000028d87ac0000, 0x0000028d89a60000, 0x0000028d8eff0000]
CodeHeap 'non-nmethods': size=5760Kb used=2505Kb max_used=2579Kb free=3255Kb
 bounds [0x0000028d8eff0000, 0x0000028d8f290000, 0x0000028d8f590000]
 total_blobs=17651 nmethods=16609 adapters=953
 compilation: enabled
              stopped_count=0, restarted_count=0
 full_count=0

Compilation events (20 events):
Event: 106.651 Thread 0x0000028d96b03ee0 nmethod 19872 0x0000028d902d3410 code [0x0000028d902d35a0, 0x0000028d902d3658]
Event: 106.656 Thread 0x0000028d96afd5b0 nmethod 19868 0x0000028d902d3710 code [0x0000028d902d3960, 0x0000028d902d41e0]
Event: 106.662 Thread 0x0000028d96afd5b0 19873       4       org.gradle.internal.component.external.model.DefaultModuleComponentArtifactMetadata::getComponentId (8 bytes)
Event: 106.663 Thread 0x0000028d96afd5b0 nmethod 19873 0x0000028d902d4a90 code [0x0000028d902d4c20, 0x0000028d902d4cb8]
Event: 106.675 Thread 0x0000028d96afd5b0 19874   !   4       org.gradle.internal.nativeintegration.filesystem.services.NativePlatformBackedFileMetadataAccessor::stat (269 bytes)
Event: 106.680 Thread 0x0000028d96afd5b0 nmethod 19874 0x0000028d902d4d90 code [0x0000028d902d4f80, 0x0000028d902d5438]
Event: 106.680 Thread 0x0000028d96afd5b0 19875       4       org.gradle.api.internal.file.AbstractFileResolver::unpackAndParseNotation (51 bytes)
Event: 106.686 Thread 0x0000028db3a2be90 19876 %     4       com.google.common.collect.MapMakerInternalMap$Segment::expand @ 185 (276 bytes)
Event: 106.687 Thread 0x0000028d96afd5b0 nmethod 19875 0x0000028d902d5910 code [0x0000028d902d5ae0, 0x0000028d902d60e8]
Event: 106.703 Thread 0x0000028d96afd5b0 19877       4       org.gradle.internal.execution.steps.IdentityCacheStep$$Lambda$946/0x0000028d98665840::apply (5 bytes)
Event: 106.703 Thread 0x0000028d96afd5b0 nmethod 19877 0x0000028d902d6510 code [0x0000028d902d6680, 0x0000028d902d66f8]
Event: 106.705 Thread 0x0000028d96afd5b0 19878   !   4       sun.nio.fs.WindowsChannelFactory::open (457 bytes)
Event: 106.707 Thread 0x0000028db3a2be90 nmethod 19876% 0x0000028d902d6810 code [0x0000028d902d6a20, 0x0000028d902d7a28]
Event: 106.709 Thread 0x0000028db3a2be90 19879       4       com.google.common.collect.MapMakerInternalMap$Segment::expand (276 bytes)
Event: 106.711 Thread 0x0000028d96afd5b0 nmethod 19878 0x0000028d902d8510 code [0x0000028d902d8720, 0x0000028d902d8d80]
Event: 106.711 Thread 0x0000028d96afd5b0 19880       4       org.gradle.internal.execution.steps.IdentityCacheStep::executeInCache (45 bytes)
Event: 106.720 Thread 0x0000028d96afd5b0 nmethod 19880 0x0000028d902d9510 code [0x0000028d902d9700, 0x0000028d902d9cc8]
Event: 106.720 Thread 0x0000028d96afd5b0 19881       4       org.gradle.internal.execution.ExecutionEngine$Execution$1::getOutput (11 bytes)
Event: 106.727 Thread 0x0000028db3a2be90 nmethod 19879 0x0000028d902da110 code [0x0000028d902da320, 0x0000028d902db038]
Event: 106.728 Thread 0x0000028db3a2be90 19882       4       org.gradle.internal.execution.steps.WorkspaceResult$$Lambda$509/0x0000028d98455cb0::apply (12 bytes)

GC Heap History (20 events):
Event: 105.704 GC heap after
{Heap after GC invocations=126 (full 0):
 garbage-first heap   total 385024K, used 313913K [0x00000000c0000000, 0x0000000100000000)
  region size 1024K, 3 young (3072K), 3 survivors (3072K)
 Metaspace       used 122902K, committed 124928K, reserved 344064K
  class space    used 16913K, committed 17856K, reserved 212992K
}
Event: 105.746 GC heap before
{Heap before GC invocations=126 (full 0):
 garbage-first heap   total 385024K, used 335417K [0x00000000c0000000, 0x0000000100000000)
  region size 1024K, 25 young (25600K), 3 survivors (3072K)
 Metaspace       used 122902K, committed 124928K, reserved 344064K
  class space    used 16913K, committed 17856K, reserved 212992K
}
Event: 105.749 GC heap after
{Heap after GC invocations=127 (full 0):
 garbage-first heap   total 385024K, used 314361K [0x00000000c0000000, 0x0000000100000000)
  region size 1024K, 3 young (3072K), 3 survivors (3072K)
 Metaspace       used 122902K, committed 124928K, reserved 344064K
  class space    used 16913K, committed 17856K, reserved 212992K
}
Event: 105.793 GC heap before
{Heap before GC invocations=127 (full 0):
 garbage-first heap   total 385024K, used 334841K [0x00000000c0000000, 0x0000000100000000)
  region size 1024K, 24 young (24576K), 3 survivors (3072K)
 Metaspace       used 122902K, committed 124928K, reserved 344064K
  class space    used 16913K, committed 17856K, reserved 212992K
}
Event: 105.796 GC heap after
{Heap after GC invocations=128 (full 0):
 garbage-first heap   total 385024K, used 314754K [0x00000000c0000000, 0x0000000100000000)
  region size 1024K, 3 young (3072K), 3 survivors (3072K)
 Metaspace       used 122902K, committed 124928K, reserved 344064K
  class space    used 16913K, committed 17856K, reserved 212992K
}
Event: 106.214 GC heap before
{Heap before GC invocations=128 (full 0):
 garbage-first heap   total 385024K, used 340354K [0x00000000c0000000, 0x0000000100000000)
  region size 1024K, 25 young (25600K), 3 survivors (3072K)
 Metaspace       used 123086K, committed 125120K, reserved 344064K
  class space    used 16937K, committed 17856K, reserved 212992K
}
Event: 106.218 GC heap after
{Heap after GC invocations=129 (full 0):
 garbage-first heap   total 385024K, used 322073K [0x00000000c0000000, 0x0000000100000000)
  region size 1024K, 4 young (4096K), 4 survivors (4096K)
 Metaspace       used 123086K, committed 125120K, reserved 344064K
  class space    used 16937K, committed 17856K, reserved 212992K
}
Event: 106.407 GC heap before
{Heap before GC invocations=129 (full 0):
 garbage-first heap   total 385024K, used 336409K [0x00000000c0000000, 0x0000000100000000)
  region size 1024K, 18 young (18432K), 4 survivors (4096K)
 Metaspace       used 123219K, committed 125248K, reserved 344064K
  class space    used 16954K, committed 17856K, reserved 212992K
}
Event: 106.412 GC heap after
{Heap after GC invocations=130 (full 0):
 garbage-first heap   total 385024K, used 326207K [0x00000000c0000000, 0x0000000100000000)
  region size 1024K, 3 young (3072K), 3 survivors (3072K)
 Metaspace       used 123219K, committed 125248K, reserved 344064K
  class space    used 16954K, committed 17856K, reserved 212992K
}
Event: 106.642 GC heap before
{Heap before GC invocations=130 (full 0):
 garbage-first heap   total 385024K, used 341567K [0x00000000c0000000, 0x0000000100000000)
  region size 1024K, 18 young (18432K), 3 survivors (3072K)
 Metaspace       used 123363K, committed 125440K, reserved 344064K
  class space    used 16974K, committed 17920K, reserved 212992K
}
Event: 106.649 GC heap after
{Heap after GC invocations=131 (full 0):
 garbage-first heap   total 385024K, used 330411K [0x00000000c0000000, 0x0000000100000000)
  region size 1024K, 3 young (3072K), 3 survivors (3072K)
 Metaspace       used 123363K, committed 125440K, reserved 344064K
  class space    used 16974K, committed 17920K, reserved 212992K
}
Event: 106.690 GC heap before
{Heap before GC invocations=131 (full 0):
 garbage-first heap   total 385024K, used 344747K [0x00000000c0000000, 0x0000000100000000)
  region size 1024K, 18 young (18432K), 3 survivors (3072K)
 Metaspace       used 123363K, committed 125440K, reserved 344064K
  class space    used 16974K, committed 17920K, reserved 212992K
}
Event: 106.693 GC heap after
{Heap after GC invocations=132 (full 0):
 garbage-first heap   total 385024K, used 333442K [0x00000000c0000000, 0x0000000100000000)
  region size 1024K, 3 young (3072K), 3 survivors (3072K)
 Metaspace       used 123363K, committed 125440K, reserved 344064K
  class space    used 16974K, committed 17920K, reserved 212992K
}
Event: 106.717 GC heap before
{Heap before GC invocations=132 (full 0):
 garbage-first heap   total 385024K, used 347778K [0x00000000c0000000, 0x0000000100000000)
  region size 1024K, 18 young (18432K), 3 survivors (3072K)
 Metaspace       used 123363K, committed 125440K, reserved 344064K
  class space    used 16974K, committed 17920K, reserved 212992K
}
Event: 106.720 GC heap after
{Heap after GC invocations=133 (full 0):
 garbage-first heap   total 385024K, used 334516K [0x00000000c0000000, 0x0000000100000000)
  region size 1024K, 3 young (3072K), 3 survivors (3072K)
 Metaspace       used 123363K, committed 125440K, reserved 344064K
  class space    used 16974K, committed 17920K, reserved 212992K
}
Event: 106.748 GC heap before
{Heap before GC invocations=133 (full 0):
 garbage-first heap   total 385024K, used 348852K [0x00000000c0000000, 0x0000000100000000)
  region size 1024K, 18 young (18432K), 3 survivors (3072K)
 Metaspace       used 123363K, committed 125440K, reserved 344064K
  class space    used 16974K, committed 17920K, reserved 212992K
}
Event: 106.751 GC heap after
{Heap after GC invocations=134 (full 0):
 garbage-first heap   total 385024K, used 335229K [0x00000000c0000000, 0x0000000100000000)
  region size 1024K, 3 young (3072K), 3 survivors (3072K)
 Metaspace       used 123363K, committed 125440K, reserved 344064K
  class space    used 16974K, committed 17920K, reserved 212992K
}
Event: 106.776 GC heap before
{Heap before GC invocations=134 (full 0):
 garbage-first heap   total 385024K, used 349565K [0x00000000c0000000, 0x0000000100000000)
  region size 1024K, 18 young (18432K), 3 survivors (3072K)
 Metaspace       used 123363K, committed 125440K, reserved 344064K
  class space    used 16974K, committed 17920K, reserved 212992K
}
Event: 106.779 GC heap after
{Heap after GC invocations=135 (full 0):
 garbage-first heap   total 385024K, used 335878K [0x00000000c0000000, 0x0000000100000000)
  region size 1024K, 3 young (3072K), 3 survivors (3072K)
 Metaspace       used 123363K, committed 125440K, reserved 344064K
  class space    used 16974K, committed 17920K, reserved 212992K
}
Event: 106.823 GC heap before
{Heap before GC invocations=135 (full 0):
 garbage-first heap   total 385024K, used 350214K [0x00000000c0000000, 0x0000000100000000)
  region size 1024K, 18 young (18432K), 3 survivors (3072K)
 Metaspace       used 123363K, committed 125440K, reserved 344064K
  class space    used 16974K, committed 17920K, reserved 212992K
}

Dll operation events (16 events):
Event: 0.011 Loaded shared library C:\Program Files\Microsoft\jdk-17.0.18.8-hotspot\bin\java.dll
Event: 0.024 Loaded shared library C:\Program Files\Microsoft\jdk-17.0.18.8-hotspot\bin\jsvml.dll
Event: 0.054 Loaded shared library C:\Program Files\Microsoft\jdk-17.0.18.8-hotspot\bin\zip.dll
Event: 0.057 Loaded shared library C:\Program Files\Microsoft\jdk-17.0.18.8-hotspot\bin\instrument.dll
Event: 0.060 Loaded shared library C:\Program Files\Microsoft\jdk-17.0.18.8-hotspot\bin\net.dll
Event: 0.061 Loaded shared library C:\Program Files\Microsoft\jdk-17.0.18.8-hotspot\bin\nio.dll
Event: 0.062 Loaded shared library C:\Program Files\Microsoft\jdk-17.0.18.8-hotspot\bin\zip.dll
Event: 0.211 Loaded shared library C:\Program Files\Microsoft\jdk-17.0.18.8-hotspot\bin\jimage.dll
Event: 0.312 Loaded shared library C:\Program Files\Microsoft\jdk-17.0.18.8-hotspot\bin\verify.dll
Event: 0.357 Loaded shared library C:\Users\Sudharani-ITS130\.gradle\native\1def1411415f61bf3af743bc5b6707747c0891f09f0c88961ee8f79bc544acac\windows-amd64\native-platform.dll
Event: 0.370 Loaded shared library C:\Users\Sudharani-ITS130\.gradle\native\0.2.7\x86_64-windows-gnu\gradle-fileevents.dll
Event: 1.826 Loaded shared library C:\Program Files\Microsoft\jdk-17.0.18.8-hotspot\bin\management.dll
Event: 1.828 Loaded shared library C:\Program Files\Microsoft\jdk-17.0.18.8-hotspot\bin\management_ext.dll
Event: 1.979 Loaded shared library C:\Program Files\Microsoft\jdk-17.0.18.8-hotspot\bin\extnet.dll
Event: 2.118 Loaded shared library C:\Program Files\Microsoft\jdk-17.0.18.8-hotspot\bin\sunmscapi.dll
Event: 12.353 Loaded shared library C:\Program Files\Microsoft\jdk-17.0.18.8-hotspot\bin\rmi.dll

Deoptimization events (20 events):
Event: 105.880 Thread 0x0000028d96ada070 DEOPT PACKING pc=0x0000028d8f9eedcc sp=0x000000ad934f9160
Event: 105.880 Thread 0x0000028d96ada070 DEOPT UNPACKING pc=0x0000028d8f04a1a3 sp=0x000000ad934f90e0 mode 2
Event: 106.150 Thread 0x0000028d96ada070 DEOPT PACKING pc=0x0000028d89483291 sp=0x000000ad934f7a40
Event: 106.150 Thread 0x0000028d96ada070 DEOPT UNPACKING pc=0x0000028d8f04ace3 sp=0x000000ad934f6f30 mode 0
Event: 106.202 Thread 0x0000028d96ada070 Uncommon trap: trap_request=0xffffffd6 fr.pc=0x0000028d9019a76c relative=0x000000000000044c
Event: 106.202 Thread 0x0000028d96ada070 Uncommon trap: reason=array_check action=maybe_recompile pc=0x0000028d9019a76c method=java.util.HashMap.keysToArray([Ljava/lang/Object;)[Ljava/lang/Object; @ 62 c2
Event: 106.202 Thread 0x0000028d96ada070 DEOPT PACKING pc=0x0000028d9019a76c sp=0x000000ad934f7cc0
Event: 106.202 Thread 0x0000028d96ada070 DEOPT UNPACKING pc=0x0000028d8f04a1a3 sp=0x000000ad934f7c58 mode 2
Event: 106.203 Thread 0x0000028d96ada070 Uncommon trap: trap_request=0xffffffd6 fr.pc=0x0000028d9019a76c relative=0x000000000000044c
Event: 106.203 Thread 0x0000028d96ada070 Uncommon trap: reason=array_check action=maybe_recompile pc=0x0000028d9019a76c method=java.util.HashMap.keysToArray([Ljava/lang/Object;)[Ljava/lang/Object; @ 62 c2
Event: 106.203 Thread 0x0000028d96ada070 DEOPT PACKING pc=0x0000028d9019a76c sp=0x000000ad934f8320
Event: 106.203 Thread 0x0000028d96ada070 DEOPT UNPACKING pc=0x0000028d8f04a1a3 sp=0x000000ad934f82b8 mode 2
Event: 106.203 Thread 0x0000028d96ada070 Uncommon trap: trap_request=0xffffffd6 fr.pc=0x0000028d9019a76c relative=0x000000000000044c
Event: 106.203 Thread 0x0000028d96ada070 Uncommon trap: reason=array_check action=maybe_recompile pc=0x0000028d9019a76c method=java.util.HashMap.keysToArray([Ljava/lang/Object;)[Ljava/lang/Object; @ 62 c2
Event: 106.203 Thread 0x0000028d96ada070 DEOPT PACKING pc=0x0000028d9019a76c sp=0x000000ad934f7cc0
Event: 106.203 Thread 0x0000028d96ada070 DEOPT UNPACKING pc=0x0000028d8f04a1a3 sp=0x000000ad934f7c58 mode 2
Event: 106.203 Thread 0x0000028d96ada070 Uncommon trap: trap_request=0xffffffd6 fr.pc=0x0000028d9019a76c relative=0x000000000000044c
Event: 106.203 Thread 0x0000028d96ada070 Uncommon trap: reason=array_check action=maybe_recompile pc=0x0000028d9019a76c method=java.util.HashMap.keysToArray([Ljava/lang/Object;)[Ljava/lang/Object; @ 62 c2
Event: 106.203 Thread 0x0000028d96ada070 DEOPT PACKING pc=0x0000028d9019a76c sp=0x000000ad934f8320
Event: 106.203 Thread 0x0000028d96ada070 DEOPT UNPACKING pc=0x0000028d8f04a1a3 sp=0x000000ad934f82b8 mode 2

Classes loaded (20 events):
Event: 100.781 Loading class java/lang/ProcessBuilder$Redirect
Event: 100.781 Loading class java/lang/ProcessBuilder$Redirect done
Event: 100.781 Loading class java/lang/ProcessImplBeanInfo
Event: 100.781 Loading class java/lang/ProcessImplBeanInfo done
Event: 100.782 Loading class java/lang/ProcessImplBeanInfo
Event: 100.782 Loading class java/lang/ProcessImplBeanInfo done
Event: 100.783 Loading class java/lang/ProcessBeanInfo
Event: 100.783 Loading class java/lang/ProcessBeanInfo done
Event: 100.783 Loading class java/lang/ProcessBeanInfo
Event: 100.783 Loading class java/lang/ProcessBeanInfo done
Event: 100.783 Loading class java/lang/ProcessCustomizer
Event: 100.783 Loading class java/lang/ProcessCustomizer done
Event: 100.783 Loading class java/lang/ProcessCustomizer
Event: 100.783 Loading class java/lang/ProcessCustomizer done
Event: 100.784 Loading class java/lang/ProcessImplCustomizer
Event: 100.784 Loading class java/lang/ProcessImplCustomizer done
Event: 100.784 Loading class java/lang/ProcessImplCustomizer
Event: 100.784 Loading class java/lang/ProcessImplCustomizer done
Event: 100.913 Loading class sun/reflect/generics/tree/ByteSignature
Event: 100.913 Loading class sun/reflect/generics/tree/ByteSignature done

Classes unloaded (0 events):
No events

Classes redefined (0 events):
No events

Internal exceptions (20 events):
Event: 105.844 Thread 0x0000028d96ada070 Exception <a 'java/lang/ClassNotFoundException'{0x00000000d6fee288}: build_7jinfyawaum4acxc6qyr1y45dBeanInfo> (0x00000000d6fee288) 
thrown [s\src\hotspot\share\classfile\systemDictionary.cpp, line 256]
Event: 105.844 Thread 0x0000028d96ada070 Exception <a 'java/lang/ClassNotFoundException'{0x00000000d6ff5970}: build_7jinfyawaum4acxc6qyr1y45dCustomizer> (0x00000000d6ff5970) 
thrown [s\src\hotspot\share\classfile\systemDictionary.cpp, line 256]
Event: 106.075 Thread 0x0000028d96ada070 Exception <a 'java/lang/ClassNotFoundException'{0x00000000d6527690}: react_native_helpers_dpm196g2opr3acy6pyjxjseozBeanInfo> (0x00000000d6527690) 
thrown [s\src\hotspot\share\classfile\systemDictionary.cpp, line 256]
Event: 106.075 Thread 0x0000028d96ada070 Exception <a 'java/lang/ClassNotFoundException'{0x00000000d6534550}: react_native_helpers_dpm196g2opr3acy6pyjxjseozCustomizer> (0x00000000d6534550) 
thrown [s\src\hotspot\share\classfile\systemDictionary.cpp, line 256]
Event: 106.177 Thread 0x0000028d96ada070 Exception <a 'java/lang/ClassNotFoundException'{0x00000000d63277f0}: build_7jinfyawaum4acxc6qyr1y45d$_run_closure1BeanInfo> (0x00000000d63277f0) 
thrown [s\src\hotspot\share\classfile\systemDictionary.cpp, line 256]
Event: 106.178 Thread 0x0000028d96ada070 Exception <a 'java/lang/ClassNotFoundException'{0x00000000d6335428}: build_7jinfyawaum4acxc6qyr1y45d$_run_closure1Customizer> (0x00000000d6335428) 
thrown [s\src\hotspot\share\classfile\systemDictionary.cpp, line 256]
Event: 106.291 Thread 0x0000028d96ada070 Exception <a 'java/lang/ClassNotFoundException'{0x00000000d713a958}: build_6tkot5zfzfflwra4oje7i7ojsBeanInfo> (0x00000000d713a958) 
thrown [s\src\hotspot\share\classfile\systemDictionary.cpp, line 256]
Event: 106.291 Thread 0x0000028d96ada070 Exception <a 'java/lang/ClassNotFoundException'{0x00000000d7141e70}: build_6tkot5zfzfflwra4oje7i7ojsCustomizer> (0x00000000d7141e70) 
thrown [s\src\hotspot\share\classfile\systemDictionary.cpp, line 256]
Event: 106.310 Thread 0x0000028d96ada070 Exception <a 'java/lang/ClassNotFoundException'{0x00000000d705cc78}: build_6tkot5zfzfflwra4oje7i7ojsBeanInfo> (0x00000000d705cc78) 
thrown [s\src\hotspot\share\classfile\systemDictionary.cpp, line 256]
Event: 106.311 Thread 0x0000028d96ada070 Exception <a 'java/lang/ClassNotFoundException'{0x00000000d7064340}: build_6tkot5zfzfflwra4oje7i7ojsCustomizer> (0x00000000d7064340) 
thrown [s\src\hotspot\share\classfile\systemDictionary.cpp, line 256]
Event: 106.331 Thread 0x0000028d96ada070 Exception <a 'java/lang/ClassNotFoundException'{0x00000000d6e2ca68}: build_6tkot5zfzfflwra4oje7i7ojs$_run_closure1BeanInfo> (0x00000000d6e2ca68) 
thrown [s\src\hotspot\share\classfile\systemDictionary.cpp, line 256]
Event: 106.332 Thread 0x0000028d96ada070 Exception <a 'java/lang/ClassNotFoundException'{0x00000000d6e38448}: build_6tkot5zfzfflwra4oje7i7ojs$_run_closure1Customizer> (0x00000000d6e38448) 
thrown [s\src\hotspot\share\classfile\systemDictionary.cpp, line 256]
Event: 106.401 Thread 0x0000028d96ada070 Exception <a 'java/lang/ClassNotFoundException'{0x00000000d6aaff30}: build_bdf5z32rrraaqo82nxmp6jaseBeanInfo> (0x00000000d6aaff30) 
thrown [s\src\hotspot\share\classfile\systemDictionary.cpp, line 256]
Event: 106.401 Thread 0x0000028d96ada070 Exception <a 'java/lang/ClassNotFoundException'{0x00000000d6ab7448}: build_bdf5z32rrraaqo82nxmp6jaseCustomizer> (0x00000000d6ab7448) 
thrown [s\src\hotspot\share\classfile\systemDictionary.cpp, line 256]
Event: 106.425 Thread 0x0000028d96ada070 Exception <a 'java/lang/ClassNotFoundException'{0x00000000d7610010}: build_bdf5z32rrraaqo82nxmp6jaseBeanInfo> (0x00000000d7610010) 
thrown [s\src\hotspot\share\classfile\systemDictionary.cpp, line 256]
Event: 106.426 Thread 0x0000028d96ada070 Exception <a 'java/lang/ClassNotFoundException'{0x00000000d7617490}: build_bdf5z32rrraaqo82nxmp6jaseCustomizer> (0x00000000d7617490) 
thrown [s\src\hotspot\share\classfile\systemDictionary.cpp, line 256]
Event: 106.490 Thread 0x0000028d96ada070 Exception <a 'java/lang/ClassNotFoundException'{0x00000000d72061f0}: build_bdf5z32rrraaqo82nxmp6jase$_run_closure1BeanInfo> (0x00000000d72061f0) 
thrown [s\src\hotspot\share\classfile\systemDictionary.cpp, line 256]
Event: 106.491 Thread 0x0000028d96ada070 Exception <a 'java/lang/ClassNotFoundException'{0x00000000d7211988}: build_bdf5z32rrraaqo82nxmp6jase$_run_closure1Customizer> (0x00000000d7211988) 
thrown [s\src\hotspot\share\classfile\systemDictionary.cpp, line 256]
Event: 106.586 Thread 0x0000028d96ada070 Exception <a 'java/lang/ClassNotFoundException'{0x00000000d6a0c880}: build_bgi7nx1mjq2h61giwueo66p0cBeanInfo> (0x00000000d6a0c880) 
thrown [s\src\hotspot\share\classfile\systemDictionary.cpp, line 256]
Event: 106.586 Thread 0x0000028d96ada070 Exception <a 'java/lang/ClassNotFoundException'{0x00000000d6a13d98}: build_bgi7nx1mjq2h61giwueo66p0cCustomizer> (0x00000000d6a13d98) 
thrown [s\src\hotspot\share\classfile\systemDictionary.cpp, line 256]

VM Operations (20 events):
Event: 105.704 Executing VM operation: G1CollectForAllocation done
Event: 105.746 Executing VM operation: G1CollectForAllocation
Event: 105.749 Executing VM operation: G1CollectForAllocation done
Event: 105.793 Executing VM operation: G1CollectForAllocation
Event: 105.796 Executing VM operation: G1CollectForAllocation done
Event: 106.214 Executing VM operation: G1CollectForAllocation
Event: 106.218 Executing VM operation: G1CollectForAllocation done
Event: 106.407 Executing VM operation: G1CollectForAllocation
Event: 106.412 Executing VM operation: G1CollectForAllocation done
Event: 106.641 Executing VM operation: G1CollectForAllocation
Event: 106.649 Executing VM operation: G1CollectForAllocation done
Event: 106.689 Executing VM operation: G1CollectForAllocation
Event: 106.694 Executing VM operation: G1CollectForAllocation done
Event: 106.717 Executing VM operation: G1CollectForAllocation
Event: 106.720 Executing VM operation: G1CollectForAllocation done
Event: 106.748 Executing VM operation: G1CollectForAllocation
Event: 106.751 Executing VM operation: G1CollectForAllocation done
Event: 106.775 Executing VM operation: G1CollectForAllocation
Event: 106.779 Executing VM operation: G1CollectForAllocation done
Event: 106.823 Executing VM operation: G1CollectForAllocation

Memory protections (0 events):
No events

Nmethod flushes (20 events):
Event: 97.142 Thread 0x0000028d96b09d10 flushing  nmethod 0x0000028d89260590
Event: 97.142 Thread 0x0000028d96b09d10 flushing  nmethod 0x0000028d89261c90
Event: 97.142 Thread 0x0000028d96b09d10 flushing  nmethod 0x0000028d8926e210
Event: 97.142 Thread 0x0000028d96b09d10 flushing  nmethod 0x0000028d892dce90
Event: 97.142 Thread 0x0000028d96b09d10 flushing  nmethod 0x0000028d892ee310
Event: 97.142 Thread 0x0000028d96b09d10 flushing  nmethod 0x0000028d892efa10
Event: 97.142 Thread 0x0000028d96b09d10 flushing  nmethod 0x0000028d89385810
Event: 97.142 Thread 0x0000028d96b09d10 flushing  nmethod 0x0000028d89388e90
Event: 97.142 Thread 0x0000028d96b09d10 flushing  nmethod 0x0000028d89389d90
Event: 97.143 Thread 0x0000028d96b09d10 flushing  nmethod 0x0000028d8942d190
Event: 97.143 Thread 0x0000028d96b09d10 flushing  nmethod 0x0000028d89570710
Event: 97.144 Thread 0x0000028d96b09d10 flushing  nmethod 0x0000028d895eb310
Event: 97.144 Thread 0x0000028d96b09d10 flushing  nmethod 0x0000028d8960c790
Event: 97.144 Thread 0x0000028d96b09d10 flushing  nmethod 0x0000028d89677310
Event: 97.144 Thread 0x0000028d96b09d10 flushing  nmethod 0x0000028d89695490
Event: 97.145 Thread 0x0000028d96b09d10 flushing  nmethod 0x0000028d89721810
Event: 102.090 Thread 0x0000028d96b09d10 flushing  nmethod 0x0000028d8fb8e110
Event: 102.095 Thread 0x0000028d96b09d10 flushing  nmethod 0x0000028d87c9fd10
Event: 102.097 Thread 0x0000028d96b09d10 flushing  nmethod 0x0000028d87fe4510
Event: 102.102 Thread 0x0000028d96b09d10 flushing  nmethod 0x0000028d887f4b10

Events (20 events):
Event: 92.942 Thread 0x0000028da9a71590 Thread exited: 0x0000028da9a71590
Event: 93.014 Thread 0x0000028d96b03ee0 Thread added: 0x0000028db3a2be90
Event: 93.844 Thread 0x0000028d96b03ee0 Thread added: 0x0000028db3a2c930
Event: 94.599 Thread 0x0000028d96ada070 Thread added: 0x0000028dae83c5c0
Event: 94.600 Thread 0x0000028d96ada070 Thread added: 0x0000028dae838e10
Event: 94.600 Thread 0x0000028d96ada070 Thread added: 0x0000028dae839d40
Event: 94.600 Thread 0x0000028d96ada070 Thread added: 0x0000028dae83ac70
Event: 94.600 Thread 0x0000028d96ada070 Thread added: 0x0000028dae83a250
Event: 97.980 Thread 0x0000028db3a2be90 Thread exited: 0x0000028db3a2be90
Event: 97.980 Thread 0x0000028db3a2c930 Thread exited: 0x0000028db3a2c930
Event: 98.337 Thread 0x0000028d96afd5b0 Thread added: 0x0000028db3a28ec0
Event: 99.380 Thread 0x0000028d96b03ee0 Thread added: 0x0000028db3a2e910
Event: 100.894 Thread 0x0000028db3a2e910 Thread exited: 0x0000028db3a2e910
Event: 100.941 Thread 0x0000028d96ada070 Thread added: 0x0000028dae795090
Event: 100.950 Thread 0x0000028dae795090 Thread added: 0x0000028db6bdcba0
Event: 100.950 Thread 0x0000028dae795090 Thread added: 0x0000028db6bdc690
Event: 101.397 Thread 0x0000028d96b03ee0 Thread added: 0x0000028db3a2d3d0
Event: 106.079 Thread 0x0000028db3a28ec0 Thread exited: 0x0000028db3a28ec0
Event: 106.079 Thread 0x0000028db3a2d3d0 Thread exited: 0x0000028db3a2d3d0
Event: 106.302 Thread 0x0000028d96b03ee0 Thread added: 0x0000028db3a2be90


Dynamic libraries:
0x00007ff66f720000 - 0x00007ff66f72e000 	C:\Program Files\Microsoft\jdk-17.0.18.8-hotspot\bin\java.exe
0x00007ffa0ff40000 - 0x00007ffa101a6000 	C:\WINDOWS\SYSTEM32\ntdll.dll
0x00007ffa0ee70000 - 0x00007ffa0ef39000 	C:\WINDOWS\System32\KERNEL32.DLL
0x00007ffa0d210000 - 0x00007ffa0d60f000 	C:\WINDOWS\System32\KERNELBASE.dll
0x00007ffa0d620000 - 0x00007ffa0d76c000 	C:\WINDOWS\System32\ucrtbase.dll
0x00007ff9c9000000 - 0x00007ff9c9018000 	C:\Program Files\Microsoft\jdk-17.0.18.8-hotspot\bin\jli.dll
0x00007ff9e6c40000 - 0x00007ff9e6c5e000 	C:\Program Files\Microsoft\jdk-17.0.18.8-hotspot\bin\VCRUNTIME140.dll
0x00007ffa0f020000 - 0x00007ffa0f1e6000 	C:\WINDOWS\System32\USER32.dll
0x00007ff9ed940000 - 0x00007ff9edbd1000 	C:\WINDOWS\WinSxS\amd64_microsoft.windows.common-controls_6595b64144ccf1df_6.0.26100.8972_none_3e0da176e32f9d4b\COMCTL32.dll
0x00007ffa0db80000 - 0x00007ffa0dba7000 	C:\WINDOWS\System32\win32u.dll
0x00007ffa0f1f0000 - 0x00007ffa0f299000 	C:\WINDOWS\System32\msvcrt.dll
0x00007ffa0fa40000 - 0x00007ffa0fa6b000 	C:\WINDOWS\System32\GDI32.dll
0x00007ffa0da50000 - 0x00007ffa0db79000 	C:\WINDOWS\System32\gdi32full.dll
0x00007ffa0d780000 - 0x00007ffa0d823000 	C:\WINDOWS\System32\msvcp_win.dll
0x00007ffa0dc70000 - 0x00007ffa0dca2000 	C:\WINDOWS\System32\IMM32.DLL
0x00007ffa05350000 - 0x00007ffa0535c000 	C:\Program Files\Microsoft\jdk-17.0.18.8-hotspot\bin\vcruntime140_1.dll
0x00007ff97c2f0000 - 0x00007ff97c379000 	C:\Program Files\Microsoft\jdk-17.0.18.8-hotspot\bin\msvcp140.dll
0x00007ff9517f0000 - 0x00007ff95246a000 	C:\Program Files\Microsoft\jdk-17.0.18.8-hotspot\bin\server\jvm.dll
0x00007ffa0fb60000 - 0x00007ffa0fc1c000 	C:\WINDOWS\System32\ADVAPI32.dll
0x00007ffa0f4b0000 - 0x00007ffa0f55a000 	C:\WINDOWS\System32\sechost.dll
0x00007ffa0e5a0000 - 0x00007ffa0e6b8000 	C:\WINDOWS\System32\RPCRT4.dll
0x00007ffa0df30000 - 0x00007ffa0dfb2000 	C:\WINDOWS\System32\WS2_32.dll
0x00007ffa0cfb0000 - 0x00007ffa0d00e000 	C:\WINDOWS\SYSTEM32\POWRPROF.dll
0x00007ffa01ca0000 - 0x00007ffa01cd6000 	C:\WINDOWS\SYSTEM32\WINMM.dll
0x00007ffa01ae0000 - 0x00007ffa01aeb000 	C:\WINDOWS\SYSTEM32\VERSION.dll
0x00007ffa0cf90000 - 0x00007ffa0cfa5000 	C:\WINDOWS\SYSTEM32\UMPDC.dll
0x00007ffa0be40000 - 0x00007ffa0be5b000 	C:\WINDOWS\SYSTEM32\kernel.appcore.dll
0x00007ffa05290000 - 0x00007ffa0529a000 	C:\Program Files\Microsoft\jdk-17.0.18.8-hotspot\bin\jimage.dll
0x00007ffa0a690000 - 0x00007ffa0a8d2000 	C:\WINDOWS\SYSTEM32\DBGHELP.DLL
0x00007ffa0e120000 - 0x00007ffa0e4a5000 	C:\WINDOWS\System32\combase.dll
0x00007ffa0ef40000 - 0x00007ffa0f019000 	C:\WINDOWS\System32\OLEAUT32.dll
0x00007ff9f6610000 - 0x00007ff9f664b000 	C:\WINDOWS\SYSTEM32\dbgcore.DLL
0x00007ffa0dbb0000 - 0x00007ffa0dc5c000 	C:\WINDOWS\System32\bcryptPrimitives.dll
0x00007ff9e9520000 - 0x00007ff9e952f000 	C:\Program Files\Microsoft\jdk-17.0.18.8-hotspot\bin\instrument.dll
0x00007ff98dd80000 - 0x00007ff98dda6000 	C:\Program Files\Microsoft\jdk-17.0.18.8-hotspot\bin\java.dll
0x00007ff95d5f0000 - 0x00007ff95d6c6000 	C:\Program Files\Microsoft\jdk-17.0.18.8-hotspot\bin\jsvml.dll
0x00007ffa0e6c0000 - 0x00007ffa0ee48000 	C:\WINDOWS\System32\SHELL32.dll
0x00007ffa0ac20000 - 0x00007ffa0b4bb000 	C:\WINDOWS\SYSTEM32\windows.storage.dll
0x00007ffa0fc30000 - 0x00007ffa0fd29000 	C:\WINDOWS\System32\SHCORE.dll
0x00007ffa0fa70000 - 0x00007ffa0fad6000 	C:\WINDOWS\System32\shlwapi.dll
0x00007ffa0d070000 - 0x00007ffa0d099000 	C:\WINDOWS\SYSTEM32\profapi.dll
0x00007ff9c4e80000 - 0x00007ff9c4e98000 	C:\Program Files\Microsoft\jdk-17.0.18.8-hotspot\bin\zip.dll
0x00007ff9c76c0000 - 0x00007ff9c76db000 	C:\Program Files\Microsoft\jdk-17.0.18.8-hotspot\bin\net.dll
0x00007ffa011e0000 - 0x00007ffa01308000 	C:\WINDOWS\SYSTEM32\WINHTTP.dll
0x00007ffa0c3f0000 - 0x00007ffa0c45c000 	C:\WINDOWS\system32\mswsock.dll
0x00007ff9c6f30000 - 0x00007ff9c6f46000 	C:\Program Files\Microsoft\jdk-17.0.18.8-hotspot\bin\nio.dll
0x00007ffa03d10000 - 0x00007ffa03d20000 	C:\Program Files\Microsoft\jdk-17.0.18.8-hotspot\bin\verify.dll
0x00007ff984d20000 - 0x00007ff984d47000 	C:\Users\Sudharani-ITS130\.gradle\native\1def1411415f61bf3af743bc5b6707747c0891f09f0c88961ee8f79bc544acac\windows-amd64\native-platform.dll
0x00007ff9b7e60000 - 0x00007ff9b7ed8000 	C:\Users\Sudharani-ITS130\.gradle\native\0.2.7\x86_64-windows-gnu\gradle-fileevents.dll
0x00007ffa01ba0000 - 0x00007ffa01baa000 	C:\Program Files\Microsoft\jdk-17.0.18.8-hotspot\bin\management.dll
0x00007ff9f5eb0000 - 0x00007ff9f5ebc000 	C:\Program Files\Microsoft\jdk-17.0.18.8-hotspot\bin\management_ext.dll
0x00007ffa0f4a0000 - 0x00007ffa0f4a8000 	C:\WINDOWS\System32\PSAPI.DLL
0x00007ffa0b860000 - 0x00007ffa0b893000 	C:\WINDOWS\SYSTEM32\IPHLPAPI.DLL
0x00007ffa0df20000 - 0x00007ffa0df2a000 	C:\WINDOWS\System32\NSI.dll
0x00007ffa044e0000 - 0x00007ffa044fd000 	C:\WINDOWS\SYSTEM32\dhcpcsvc6.DLL
0x00007ffa04410000 - 0x00007ffa04435000 	C:\WINDOWS\SYSTEM32\dhcpcsvc.DLL
0x00007ffa0b900000 - 0x00007ffa0ba58000 	C:\WINDOWS\SYSTEM32\DNSAPI.dll
0x00007ffa0c1a0000 - 0x00007ffa0c1ad000 	C:\WINDOWS\SYSTEM32\DSPARSE.dll
0x00007ff9ec2e0000 - 0x00007ff9ec2e9000 	C:\Program Files\Microsoft\jdk-17.0.18.8-hotspot\bin\extnet.dll
0x00007ffa0c6e0000 - 0x00007ffa0c6fb000 	C:\WINDOWS\SYSTEM32\CRYPTSP.dll
0x00007ffa0bda0000 - 0x00007ffa0bdd9000 	C:\WINDOWS\system32\rsaenh.dll
0x00007ffa0c4a0000 - 0x00007ffa0c4d2000 	C:\WINDOWS\SYSTEM32\USERENV.dll
0x00007ffa0d040000 - 0x00007ffa0d06a000 	C:\WINDOWS\SYSTEM32\bcrypt.dll
0x00007ffa0c700000 - 0x00007ffa0c70c000 	C:\WINDOWS\SYSTEM32\CRYPTBASE.dll
0x00007ff9e9350000 - 0x00007ff9e935e000 	C:\Program Files\Microsoft\jdk-17.0.18.8-hotspot\bin\sunmscapi.dll
0x00007ffa0d8c0000 - 0x00007ffa0da3e000 	C:\WINDOWS\System32\CRYPT32.dll
0x00007ffa0c920000 - 0x00007ffa0c950000 	C:\WINDOWS\SYSTEM32\ncrypt.dll
0x00007ffa0c8d0000 - 0x00007ffa0c90f000 	C:\WINDOWS\SYSTEM32\NTASN1.dll
0x00007ff9eaf60000 - 0x00007ff9eaf68000 	C:\WINDOWS\system32\wshunix.dll
0x00007ffa03cf0000 - 0x00007ffa03cf7000 	C:\Program Files\Microsoft\jdk-17.0.18.8-hotspot\bin\rmi.dll

dbghelp: loaded successfully - version: 4.0.5 - missing functions: none
symbol engine: initialized successfully - sym options: 0x614 - pdb path: .;C:\Program Files\Microsoft\jdk-17.0.18.8-hotspot\bin;C:\WINDOWS\SYSTEM32;C:\WINDOWS\WinSxS\amd64_microsoft.windows.common-controls_6595b64144ccf1df_6.0.26100.8972_none_3e0da176e32f9d4b;C:\Program Files\Microsoft\jdk-17.0.18.8-hotspot\bin\server;C:\Users\Sudharani-ITS130\.gradle\native\1def1411415f61bf3af743bc5b6707747c0891f09f0c88961ee8f79bc544acac\windows-amd64;C:\Users\Sudharani-ITS130\.gradle\native\0.2.7\x86_64-windows-gnu

VM Arguments:
jvm_args: --add-opens=java.base/java.lang=ALL-UNNAMED --add-opens=java.base/java.lang.invoke=ALL-UNNAMED --add-opens=java.base/java.util=ALL-UNNAMED --add-opens=java.prefs/java.util.prefs=ALL-UNNAMED --add-exports=jdk.compiler/com.sun.tools.javac.api=ALL-UNNAMED --add-exports=jdk.compiler/com.sun.tools.javac.util=ALL-UNNAMED --add-opens=java.base/java.util=ALL-UNNAMED --add-opens=java.prefs/java.util.prefs=ALL-UNNAMED --add-opens=java.base/java.nio.charset=ALL-UNNAMED --add-opens=java.base/java.net=ALL-UNNAMED --add-opens=java.base/java.util.concurrent.atomic=ALL-UNNAMED --add-opens=java.xml/javax.xml.namespace=ALL-UNNAMED -XX:MaxMetaspaceSize=256m -Xmx1024m -Dfile.encoding=windows-1252 -Duser.country=US -Duser.language=en -Duser.variant -javaagent:C:\Users\Sudharani-ITS130\.gradle\wrapper\dists\gradle-8.13-bin\5xuhj0ry160q40clulazy9h7d\gradle-8.13\lib\agents\gradle-instrumentation-agent-8.13.jar 
java_command: org.gradle.launcher.daemon.bootstrap.GradleDaemon 8.13
java_class_path (initial): C:\Users\Sudharani-ITS130\.gradle\wrapper\dists\gradle-8.13-bin\5xuhj0ry160q40clulazy9h7d\gradle-8.13\lib\gradle-daemon-main-8.13.jar
Launcher Type: SUN_STANDARD

[Global flags]
     intx CICompilerCount                          = 4                                         {product} {ergonomic}
   size_t CompressedClassSpaceSize                 = 218103808                                 {product} {ergonomic}
     uint ConcGCThreads                            = 2                                         {product} {ergonomic}
     uint G1ConcRefinementThreads                  = 8                                         {product} {ergonomic}
   size_t G1HeapRegionSize                         = 1048576                                   {product} {ergonomic}
    uintx GCDrainStackTargetSize                   = 64                                        {product} {ergonomic}
   size_t InitialHeapSize                          = 260046848                                 {product} {ergonomic}
   size_t MarkStackSize                            = 4194304                                   {product} {ergonomic}
   size_t MaxHeapSize                              = 1073741824                                {product} {command line}
   size_t MaxMetaspaceSize                         = 268435456                                 {product} {command line}
   size_t MaxNewSize                               = 643825664                                 {product} {ergonomic}
   size_t MinHeapDeltaBytes                        = 1048576                                   {product} {ergonomic}
   size_t MinHeapSize                              = 8388608                                   {product} {ergonomic}
    uintx NonNMethodCodeHeapSize                   = 5839372                                {pd product} {ergonomic}
    uintx NonProfiledCodeHeapSize                  = 122909434                              {pd product} {ergonomic}
    uintx ProfiledCodeHeapSize                     = 122909434                              {pd product} {ergonomic}
    uintx ReservedCodeCacheSize                    = 251658240                              {pd product} {ergonomic}
     bool SegmentedCodeCache                       = true                                      {product} {ergonomic}
   size_t SoftMaxHeapSize                          = 1073741824                             {manageable} {ergonomic}
     bool UseCompressedClassPointers               = true                           {product lp64_product} {ergonomic}
     bool UseCompressedOops                        = true                           {product lp64_product} {ergonomic}
     bool UseG1GC                                  = true                                      {product} {ergonomic}
     bool UseLargePagesIndividualAllocation        = false                                  {pd product} {ergonomic}

Logging:
Log output configuration:
 #0: stdout all=warning uptime,level,tags
 #1: stderr all=off uptime,level,tags

Environment Variables:
JAVA_HOME=C:\Program Files\Microsoft\jdk-17.0.18.8-hotspot\
PATH=%PATH%;C:\Users\Sudharani-ITS130\AppData\Local\Android\Sdk\platform-tools;C:\Users\Sudharani-ITS130\AppData\Local\Android\Sdk\emulator;C:\Users\Sudharani-ITS130\AppData\Local\Android\Sdk\platform-tools;C:\Users\Sudharani-ITS130\AppData\Local\Android\Sdk\emulator;;C:\WINDOWS\system32;C:\WINDOWS;C:\WINDOWS\System32\Wbem;C:\WINDOWS\System32\WindowsPowerShell\v1.0\;C:\WINDOWS\System32\OpenSSH\;C:\Program Files\Microsoft\jdk-17.0.18.8-hotspot\bin;C:\Python314\Scripts\;C:\Python314\;C:\Windows\system32;C:\Windows;C:\Windows\System32\Wbem;C:\Windows\System32\WindowsPowerShell\v1.0\;C:\Windows\System32\OpenSSH\;C:\Program Files\nodejs\;C:\ProgramData\chocolatey\bin;C:\Program Files\Git\cmd;C:\Users\Sudharani-ITS130\AppData\Local\Microsoft\WindowsApps;C:\Users\Sudharani-ITS130\AppData\Roaming\npm;C:\Users\Sudharani-ITS130\AppData\Local\Programs\Microsoft VS Code\bin;C:\Users\Sudharani-ITS130\AppData\Local\Microsoft\WindowsApps
USERNAME=Sudharani-ITS130
LANG=en_US.UTF-8
OS=Windows_NT
PROCESSOR_IDENTIFIER=Intel64 Family 6 Model 140 Stepping 1, GenuineIntel
TMP=C:\Users\SUDHAR~1\AppData\Local\Temp
TEMP=C:\Users\SUDHAR~1\AppData\Local\Temp



Periodic native trim disabled


---------------  S Y S T E M  ---------------

OS:
 Windows 11 , 64 bit Build 26100 (10.0.26100.9168)
OS uptime: 0 days 0:27 hours

CPU: total 8 (initial active 8) (4 cores per cpu, 2 threads per core) family 6 model 140 stepping 1 microcode 0xbe, cx8, cmov, fxsr, ht, mmx, 3dnowpref, sse, sse2, sse3, ssse3, sse4.1, sse4.2, popcnt, lzcnt, tsc, tscinvbit, avx, avx2, aes, erms, clmul, bmi1, bmi2, adx, avx512f, avx512dq, avx512cd, avx512bw, avx512vl, sha, fma, vzeroupper, avx512_vpopcntdq, avx512_vpclmulqdq, avx512_vaes, avx512_vnni, clflush, clflushopt, clwb, avx512_vbmi2, avx512_vbmi
Processor Information for the first 8 processors :
  Max Mhz: 1382, Current Mhz: 1382, Mhz Limit: 1382

Memory: 4k page, system-wide physical 15781M (1313M free)
TotalPageFile size 32165M (AvailPageFile size 76M)
current process WorkingSet (physical memory assigned to process): 701M, peak: 719M
current process commit charge ("private bytes"): 804M, peak: 865M

vm_info: OpenJDK 64-Bit Server VM (17.0.18+8-LTS) for windows-amd64 JRE (17.0.18+8-LTS), built on Jan 15 2026 18:50:45 by "MicrosoftCorporation" with MS VC++ 17.14 (VS2022)

END.
