#
# There is insufficient memory for the Java Runtime Environment to continue.
# Native memory allocation (malloc) failed to allocate 35392 bytes. Error detail: Chunk::new
# Possible reasons:
#   The system is out of physical RAM or swap space
#   This process is running with CompressedOops enabled, and the Java Heap may be blocking the growth of the native heap
# Possible solutions:
#   Reduce memory load on the system
#   Increase physical memory or swap space
#   Check if swap backing store is full
#   Decrease Java heap size (-Xmx/-Xms)
#   Decrease number of Java threads
#   Decrease Java thread stack sizes (-Xss)
#   Set larger code cache with -XX:ReservedCodeCacheSize=
#   JVM is running with Unscaled Compressed Oops mode in which the Java heap is
#     placed in the first 4GB address space. The Java Heap base address is the
#     maximum limit for the native heap growth. Please use -XX:HeapBaseMinAddress
#     to set the Java Heap base and to place the Java Heap above 4GB virtual address.
# This output file may be truncated or incomplete.
#
#  Out of Memory Error (arena.cpp:191), pid=17380, tid=12172
#
# JRE version: OpenJDK Runtime Environment Microsoft-11926163 (17.0.16+8) (build 17.0.16+8-LTS)
# Java VM: OpenJDK 64-Bit Server VM Microsoft-11926163 (17.0.16+8-LTS, mixed mode, sharing, tiered, compressed oops, compressed class ptrs, g1 gc, windows-amd64)
# No core dump will be written. Minidumps are not enabled by default on client versions of Windows
#

---------------  S U M M A R Y ------------

Command Line: -Xmx64m -Xms64m -Dorg.gradle.appname=gradlew D:\deliverypatner-frontend\android\\gradle\wrapper\gradle-wrapper.jar app:installDebug -PreactNativeDevServerPort=8081

Host: AMD Ryzen 3 3250U with Radeon Graphics         , 4 cores, 9G,  Windows 11 , 64 bit Build 26100 (10.0.26100.7019)
Time: Sat Dec  6 15:55:06 2025 India Standard Time elapsed time: 23.116581 seconds (0d 0h 0m 23s)

---------------  T H R E A D  ---------------

Current thread (0x000002dc3b009e50):  JavaThread "main" [_thread_in_vm, id=12172, stack(0x000000f5fb700000,0x000000f5fb800000)]

Stack: [0x000000f5fb700000,0x000000f5fb800000]
Native frames: (J=compiled Java code, j=interpreted, Vv=VM code, C=native code)
V  [jvm.dll+0x68ee19]
V  [jvm.dll+0x846249]
V  [jvm.dll+0x847fb8]
V  [jvm.dll+0x848643]
V  [jvm.dll+0x24cf6f]
V  [jvm.dll+0xaecb6]
V  [jvm.dll+0xaf35c]
V  [jvm.dll+0x1f6d3d]
V  [jvm.dll+0x1f58a6]
V  [jvm.dll+0x7bf273]
V  [jvm.dll+0x7c06cd]
V  [jvm.dll+0x42583c]
C  [java.dll+0x1a85]

Java frames: (J=compiled Java code, j=interpreted, Vv=VM code)
J 265  java.lang.ClassLoader.findBootstrapClass(Ljava/lang/String;)Ljava/lang/Class; java.base@17.0.16 (0 bytes) @ 0x000002dc4a64369a [0x000002dc4a643640+0x000000000000005a]
J 791 c1 jdk.internal.loader.ClassLoaders$BootClassLoader.loadClassOrNull(Ljava/lang/String;Z)Ljava/lang/Class; java.base@17.0.16 (10 bytes) @ 0x000002dc42cd31cc [0x000002dc42cd3060+0x000000000000016c]
J 772 c1 jdk.internal.loader.BuiltinClassLoader.loadClassOrNull(Ljava/lang/String;Z)Ljava/lang/Class; java.base@17.0.16 (143 bytes) @ 0x000002dc42cc870c [0x000002dc42cc7c60+0x0000000000000aac]
J 790 c1 jdk.internal.loader.BuiltinClassLoader.loadClass(Ljava/lang/String;Z)Ljava/lang/Class; java.base@17.0.16 (22 bytes) @ 0x000002dc42cd2bcc [0x000002dc42cd2ac0+0x000000000000010c]
J 802 c1 java.lang.ClassLoader.loadClass(Ljava/lang/String;Z)Ljava/lang/Class; java.base@17.0.16 (121 bytes) @ 0x000002dc42cd5a2c [0x000002dc42cd56c0+0x000000000000036c]
J 802 c1 java.lang.ClassLoader.loadClass(Ljava/lang/String;Z)Ljava/lang/Class; java.base@17.0.16 (121 bytes) @ 0x000002dc42cd5a2c [0x000002dc42cd56c0+0x000000000000036c]
J 789 c1 java.lang.ClassLoader.loadClass(Ljava/lang/String;)Ljava/lang/Class; java.base@17.0.16 (7 bytes) @ 0x000002dc42cd27cc [0x000002dc42cd26c0+0x000000000000010c]
v  ~StubRoutines::call_stub
j  org.gradle.internal.serialize.BaseSerializerFactory$ThrowableSerializer.read(Lorg/gradle/internal/serialize/Decoder;)Ljava/lang/Throwable;+13
j  org.gradle.internal.serialize.BaseSerializerFactory$ThrowableSerializer.read(Lorg/gradle/internal/serialize/Decoder;)Ljava/lang/Object;+2
j  org.gradle.internal.logging.serializer.LogEventSerializer.read(Lorg/gradle/internal/serialize/Decoder;)Lorg/gradle/internal/logging/events/LogEvent;+43
j  org.gradle.internal.logging.serializer.LogEventSerializer.read(Lorg/gradle/internal/serialize/Decoder;)Ljava/lang/Object;+2
J 1425 c1 org.gradle.internal.serialize.DefaultSerializerRegistry$TaggedTypeSerializer.read(Lorg/gradle/internal/serialize/Decoder;)Ljava/lang/Object; (69 bytes) @ 0x000002dc42df143c [0x000002dc42df0ac0+0x000000000000097c]
J 1509 c1 org.gradle.launcher.daemon.protocol.DaemonMessageSerializer$OutputMessageSerializer.read(Lorg/gradle/internal/serialize/Decoder;)Ljava/lang/Object; (6 bytes) @ 0x000002dc42e1750c [0x000002dc42e17360+0x00000000000001ac]
J 1425 c1 org.gradle.internal.serialize.DefaultSerializerRegistry$TaggedTypeSerializer.read(Lorg/gradle/internal/serialize/Decoder;)Ljava/lang/Object; (69 bytes) @ 0x000002dc42df143c [0x000002dc42df0ac0+0x000000000000097c]
J 1566 c1 org.gradle.internal.remote.internal.inet.SocketConnection.receive()Ljava/lang/Object; (142 bytes) @ 0x000002dc42e3a26c [0x000002dc42e3a0c0+0x00000000000001ac]
J 1565 c1 org.gradle.launcher.daemon.client.DaemonClientConnection.receive()Lorg/gradle/launcher/daemon/protocol/Message; (81 bytes) @ 0x000002dc42e3887c [0x000002dc42e387c0+0x00000000000000bc]
j  org.gradle.launcher.daemon.client.DaemonClient.monitorBuild(Lorg/gradle/launcher/daemon/protocol/Build;Lorg/gradle/launcher/daemon/diagnostics/DaemonDiagnostics;Lorg/gradle/launcher/daemon/client/DaemonClientConnection;Lorg/gradle/initialization/BuildCancellationToken;Lorg/gradle/initialization/BuildEventConsumer;)Ljava/lang/Object;+39
j  org.gradle.launcher.daemon.client.DaemonClient.executeBuild(Lorg/gradle/launcher/daemon/protocol/Build;Lorg/gradle/launcher/daemon/client/DaemonClientConnection;Lorg/gradle/initialization/BuildCancellationToken;Lorg/gradle/initialization/BuildEventConsumer;)Lorg/gradle/launcher/exec/BuildActionResult;+128
j  org.gradle.launcher.daemon.client.DaemonClient.execute(Lorg/gradle/internal/invocation/BuildAction;Lorg/gradle/launcher/exec/BuildActionParameters;Lorg/gradle/internal/daemon/client/execution/ClientBuildRequestContext;)Lorg/gradle/launcher/exec/BuildActionResult;+129
j  org.gradle.launcher.daemon.client.DaemonClient.execute(Lorg/gradle/internal/invocation/BuildAction;Ljava/lang/Object;Ljava/lang/Object;)Lorg/gradle/launcher/exec/BuildActionResult;+10
j  org.gradle.launcher.cli.RunBuildAction.run()V+67
j  org.gradle.internal.Actions$RunnableActionAdapter.execute(Ljava/lang/Object;)V+4
j  org.gradle.launcher.cli.DefaultCommandLineActionFactory$ParseAndBuildAction.execute(Lorg/gradle/launcher/bootstrap/ExecutionListener;)V+129
j  org.gradle.launcher.cli.DefaultCommandLineActionFactory$ParseAndBuildAction.execute(Ljava/lang/Object;)V+5
j  org.gradle.launcher.cli.DebugLoggerWarningAction.execute(Lorg/gradle/launcher/bootstrap/ExecutionListener;)V+9
j  org.gradle.launcher.cli.DebugLoggerWarningAction.execute(Ljava/lang/Object;)V+5
j  org.gradle.launcher.cli.WelcomeMessageAction.execute(Lorg/gradle/launcher/bootstrap/ExecutionListener;)V+218
j  org.gradle.launcher.cli.WelcomeMessageAction.execute(Ljava/lang/Object;)V+5
j  org.gradle.launcher.cli.NativeServicesInitializingAction.execute(Lorg/gradle/launcher/bootstrap/ExecutionListener;)V+38
j  org.gradle.launcher.cli.NativeServicesInitializingAction.execute(Ljava/lang/Object;)V+5
j  org.gradle.launcher.cli.ExceptionReportingAction.execute(Lorg/gradle/launcher/bootstrap/ExecutionListener;)V+5
j  org.gradle.launcher.cli.ExceptionReportingAction.execute(Ljava/lang/Object;)V+5
j  org.gradle.launcher.cli.DefaultCommandLineActionFactory$WithLogging.execute(Lorg/gradle/launcher/bootstrap/ExecutionListener;)V+309
j  org.gradle.launcher.Main.doAction([Ljava/lang/String;Lorg/gradle/launcher/bootstrap/ExecutionListener;)V+14
j  org.gradle.launcher.bootstrap.EntryPoint.run([Ljava/lang/String;)V+12
v  ~StubRoutines::call_stub
j  jdk.internal.reflect.NativeMethodAccessorImpl.invoke0(Ljava/lang/reflect/Method;Ljava/lang/Object;[Ljava/lang/Object;)Ljava/lang/Object;+0 java.base@17.0.16
j  jdk.internal.reflect.NativeMethodAccessorImpl.invoke(Ljava/lang/Object;[Ljava/lang/Object;)Ljava/lang/Object;+133 java.base@17.0.16
j  jdk.internal.reflect.DelegatingMethodAccessorImpl.invoke(Ljava/lang/Object;[Ljava/lang/Object;)Ljava/lang/Object;+6 java.base@17.0.16
j  java.lang.reflect.Method.invoke(Ljava/lang/Object;[Ljava/lang/Object;)Ljava/lang/Object;+59 java.base@17.0.16
j  org.gradle.launcher.bootstrap.ProcessBootstrap.runNoExit(Ljava/lang/String;Ljava/lang/String;Ljava/lang/String;[Ljava/lang/String;)V+205
j  org.gradle.launcher.bootstrap.ProcessBootstrap.run(Ljava/lang/String;Ljava/lang/String;Ljava/lang/String;[Ljava/lang/String;)V+4
j  org.gradle.launcher.GradleMain.main([Ljava/lang/String;)V+10
v  ~StubRoutines::call_stub
j  jdk.internal.reflect.NativeMethodAccessorImpl.invoke0(Ljava/lang/reflect/Method;Ljava/lang/Object;[Ljava/lang/Object;)Ljava/lang/Object;+0 java.base@17.0.16
j  jdk.internal.reflect.NativeMethodAccessorImpl.invoke(Ljava/lang/Object;[Ljava/lang/Object;)Ljava/lang/Object;+133 java.base@17.0.16
j  jdk.internal.reflect.DelegatingMethodAccessorImpl.invoke(Ljava/lang/Object;[Ljava/lang/Object;)Ljava/lang/Object;+6 java.base@17.0.16
j  java.lang.reflect.Method.invoke(Ljava/lang/Object;[Ljava/lang/Object;)Ljava/lang/Object;+59 java.base@17.0.16
j  org.gradle.wrapper.GradleWrapperMain.main([Ljava/lang/String;)V+1825
v  ~StubRoutines::call_stub

Compiled method (n/a)   23157  265     n 0       java.lang.ClassLoader::findBootstrapClass (native)
 total in heap  [0x000002dc4a643490,0x000002dc4a643920] = 1168
 relocation     [0x000002dc4a6435f0,0x000002dc4a643628] = 56
 main code      [0x000002dc4a643640,0x000002dc4a643920] = 736

[Constant Pool (empty)]

[MachCode]
[Entry Point]
  # {method} {0x000002dc550110a8} 'findBootstrapClass' '(Ljava/lang/String;)Ljava/lang/Class;' in 'java/lang/ClassLoader'
  # parm0:    rdx:rdx   = 'java/lang/String'
  #           [sp+0x70]  (sp of caller)
  0x000002dc4a643640: 448b 5208 | 49bb 0000 | 0055 dc02 | 0000 4d03 | d349 3bc2 | 0f84 0600 

  0x000002dc4a643658: ;   {runtime_call ic_miss_stub}
  0x000002dc4a643658: 0000 e921 | daa9 ff90 
[Verified Entry Point]
  0x000002dc4a643660: 8984 2400 | 90ff ff55 | 488b ec48 | 83ec 6048 | 8954 2420 | 4883 fa00 | 4c8d 4424 | 204c 0f44 
  0x000002dc4a643680: ;   {oop(a 'java/lang/Class'{0x00000000fc5b7640} = 'java/lang/ClassLoader')}
  0x000002dc4a643680: 4424 2049 | be40 765b | fc00 0000 | 004c 8974 | 2450 4c8d | 7424 5049 | 8bd6 c5f8 

  0x000002dc4a64369c: ;   {internal_word}
  0x000002dc4a64369c: 7749 ba9a | 3664 4adc | 0200 004d | 8997 a002 | 0000 4989 | a798 0200 

  0x000002dc4a6436b4: ;   {external_word}
  0x000002dc4a6436b4: 0049 bad4 | b84e 9bfd | 7f00 0041 | 803a 000f | 844e 0000 | 0052 4150 

  0x000002dc4a6436cc: ;   {metadata({method} {0x000002dc550110a8} 'findBootstrapClass' '(Ljava/lang/String;)Ljava/lang/Class;' in 'java/lang/ClassLoader')}
  0x000002dc4a6436cc: 48ba a010 | 0155 dc02 | 0000 498b | cf48 83ec | 20f7 c40f | 0000 000f | 841a 0000 | 0048 83ec 
  0x000002dc4a6436ec: ;   {runtime_call}
  0x000002dc4a6436ec: 0849 ba20 | 5604 9bfd | 7f00 0041 | ffd2 4883 | c408 e90d 

  0x000002dc4a643700: ;   {runtime_call}
  0x000002dc4a643700: 0000 0049 | ba20 5604 | 9bfd 7f00 | 0041 ffd2 | 4883 c420 | 4158 5a49 | 8d8f b802 | 0000 41c7 
  0x000002dc4a643720: 8740 0300 | 0004 0000 

  0x000002dc4a643728: ;   {runtime_call}
  0x000002dc4a643728: 0049 ba08 | 1ac0 d1fd | 7f00 0041 | ffd2 c5f8 | 7741 c787 | 4003 0000 | 0500 0000 | f083 4424 
  0x000002dc4a643748: c000 493b | af48 0300 | 000f 8711 | 0000 0041 | 81bf 3003 | 0000 0000 | 0000 0f84 | 2c00 0000 
  0x000002dc4a643768: c5f8 7748 | 8945 f849 | 8bcf 4c8b | e448 83ec | 2048 83e4 

  0x000002dc4a64377c: ;   {runtime_call}
  0x000002dc4a64377c: f049 ba50 | 6314 9bfd | 7f00 0041 | ffd2 498b | e44d 33e4 | 488b 45f8 | 41c7 8740 | 0300 0008 
  0x000002dc4a64379c: 0000 0041 | 81bf b003 | 0000 0200 | 0000 0f84 | 3f01 0000 

  0x000002dc4a6437b0: ;   {external_word}
  0x000002dc4a6437b0: 49ba d4b8 | 4e9b fd7f | 0000 4180 | 3a00 0f84 | 5000 0000 | 4889 45f8 

  0x000002dc4a6437c8: ;   {metadata({method} {0x000002dc550110a8} 'findBootstrapClass' '(Ljava/lang/String;)Ljava/lang/Class;' in 'java/lang/ClassLoader')}
  0x000002dc4a6437c8: 48ba a010 | 0155 dc02 | 0000 498b | cf48 83ec | 20f7 c40f | 0000 000f | 841a 0000 | 0048 83ec 
  0x000002dc4a6437e8: ;   {runtime_call}
  0x000002dc4a6437e8: 0849 ba20 | 5604 9bfd | 7f00 0041 | ffd2 4883 | c408 e90d 

  0x000002dc4a6437fc: ;   {runtime_call}
  0x000002dc4a6437fc: 0000 0049 | ba20 5604 | 9bfd 7f00 | 0041 ffd2 | 4883 c420 | 488b 45f8 | 49c7 8798 | 0200 0000 
  0x000002dc4a64381c: 0000 0049 | c787 a002 | 0000 0000 | 0000 c5f8 | 7748 85c0 | 0f84 9300 | 0000 48f7 | c001 0000 
  0x000002dc4a64383c: 000f 8483 | 0000 0048 | 8b40 ff41 | 807f 3800 | 0f84 6f00 | 0000 4883 | f800 0f84 | 6500 0000 
  0x000002dc4a64385c: 498b 4f20 | 4883 f900 | 0f84 1400 | 0000 4883 | e908 4989 | 4f20 4903 | 4f30 4889 | 01e9 4300 
  0x000002dc4a64387c: 0000 5049 | 8bd7 488b | c848 83ec | 20f7 c40f | 0000 000f | 841a 0000 | 0048 83ec 

  0x000002dc4a643898: ;   {runtime_call}
  0x000002dc4a643898: 0849 ba50 | cec2 9afd | 7f00 0041 | ffd2 4883 | c408 e90d 

  0x000002dc4a6438ac: ;   {runtime_call}
  0x000002dc4a6438ac: 0000 0049 | ba50 cec2 | 9afd 7f00 | 0041 ffd2 | 4883 c420 | 58e9 0300 | 0000 488b | 0049 8b8f 
  0x000002dc4a6438cc: d800 0000 | c781 0001 | 0000 0000 | 0000 c949 | 817f 0800 | 0000 000f | 8501 0000 

  0x000002dc4a6438e8: ;   {runtime_call StubRoutines (1)}
  0x000002dc4a6438e8: 00c3 e911 | d6a4 ffc5 | f877 4889 | 45f8 4c8b | e448 83ec | 2048 83e4 

  0x000002dc4a643900: ;   {runtime_call}
  0x000002dc4a643900: f049 bae0 | 8604 9bfd | 7f00 0041 | ffd2 498b | e44d 33e4 | 488b 45f8 | e993 feff | fff4 f4f4 
[/MachCode]


Compiled method (c1)   23171  791       3       jdk.internal.loader.ClassLoaders$BootClassLoader::loadClassOrNull (10 bytes)
 total in heap  [0x000002dc42cd2e90,0x000002dc42cd33e8] = 1368
 relocation     [0x000002dc42cd2ff0,0x000002dc42cd3050] = 96
 main code      [0x000002dc42cd3060,0x000002dc42cd32a0] = 576
 stub code      [0x000002dc42cd32a0,0x000002dc42cd32f8] = 88
 metadata       [0x000002dc42cd32f8,0x000002dc42cd3318] = 32
 scopes data    [0x000002dc42cd3318,0x000002dc42cd3370] = 88
 scopes pcs     [0x000002dc42cd3370,0x000002dc42cd33e0] = 112
 dependencies   [0x000002dc42cd33e0,0x000002dc42cd33e8] = 8

[Constant Pool (empty)]

[MachCode]
[Entry Point]
  # {method} {0x000002dc55199800} 'loadClassOrNull' '(Ljava/lang/String;Z)Ljava/lang/Class;' in 'jdk/internal/loader/ClassLoaders$BootClassLoader'
  # this:     rdx:rdx   = 'jdk/internal/loader/ClassLoaders$BootClassLoader'
  # parm0:    r8:r8     = 'java/lang/String'
  # parm1:    r9        = boolean
  #           [sp+0x60]  (sp of caller)
  0x000002dc42cd3060: 448b 5208 | 49bb 0000 | 0055 dc02 | 0000 4d03 | d34c 3bd0 

  0x000002dc42cd3074: ;   {runtime_call ic_miss_stub}
  0x000002dc42cd3074: 0f85 06e0 | 4007 660f | 1f44 0000 
[Verified Entry Point]
  0x000002dc42cd3080: 8984 2400 | 90ff ff55 | 4883 ec50 

  0x000002dc42cd308c: ;   {metadata(method data for {method} {0x000002dc55199800} 'loadClassOrNull' '(Ljava/lang/String;Z)Ljava/lang/Class;' in 'jdk/internal/loader/ClassLoaders$BootClassLoader')}
  0x000002dc42cd308c: 48be 78c8 | 1796 dc02 | 0000 8bbe | cc00 0000 | 83c7 0289 | becc 0000 | 0081 e7fe | 0700 0083 
  0x000002dc42cd30ac: ff00 0f84 | 3101 0000 

  0x000002dc42cd30b4: ;   {oop(a 'java/lang/System$2'{0x00000000feb22f48})}
  0x000002dc42cd30b4: 48ba 482f | b2fe 0000 

  0x000002dc42cd30bc: ;   {metadata(method data for {method} {0x000002dc55199800} 'loadClassOrNull' '(Ljava/lang/String;Z)Ljava/lang/Class;' in 'jdk/internal/loader/ClassLoaders$BootClassLoader')}
  0x000002dc42cd30bc: 0000 48be | 78c8 1796 | dc02 0000 

  0x000002dc42cd30c8: ;   {metadata('java/lang/System$2')}
  0x000002dc42cd30c8: 49ba f8d6 | 0155 dc02 | 0000 4c89 | 9620 0100 | 0048 8386 | 2801 0000 

  0x000002dc42cd30e0: ;   {metadata(method data for {method} {0x000002dc5501e698} 'findBootstrapClassOrNull' '(Ljava/lang/String;)Ljava/lang/Class;' in 'java/lang/System$2')}
  0x000002dc42cd30e0: 0148 ba40 | bc17 96dc | 0200 008b | b2cc 0000 | 0083 c602 | 89b2 cc00 | 0000 81e6 | feff 1f00 
  0x000002dc42cd3100: 83fe 000f | 84fd 0000 

  0x000002dc42cd3108: ;   {metadata(method data for {method} {0x000002dc5501e698} 'findBootstrapClassOrNull' '(Ljava/lang/String;)Ljava/lang/Class;' in 'java/lang/System$2')}
  0x000002dc42cd3108: 0048 ba40 | bc17 96dc | 0200 0048 | 8382 1001 

  0x000002dc42cd3118: ;   {metadata(method data for {method} {0x000002dc55010b08} 'findBootstrapClassOrNull' '(Ljava/lang/String;)Ljava/lang/Class;' in 'java/lang/ClassLoader')}
  0x000002dc42cd3118: 0000 0148 | baa8 bd17 | 96dc 0200 | 008b b2cc | 0000 0083 | c602 89b2 | cc00 0000 | 81e6 feff 
  0x000002dc42cd3138: 1f00 83fe | 000f 84e4 

  0x000002dc42cd3140: ;   {metadata(method data for {method} {0x000002dc55010b08} 'findBootstrapClassOrNull' '(Ljava/lang/String;)Ljava/lang/Class;' in 'java/lang/ClassLoader')}
  0x000002dc42cd3140: 0000 0048 | baa8 bd17 | 96dc 0200 | 0048 8382 | 1001 0000 | 0149 8bd0 | 4c89 4424 

  0x000002dc42cd315c: ;   {static_call}
  0x000002dc42cd315c: 3866 90e8 

  0x000002dc42cd3160: ; ImmutableOopMap {[56]=Oop }
                      ;*invokestatic checkName {reexecute=0 rethrow=0 return_oop=0}
                      ; - java.lang.ClassLoader::findBootstrapClassOrNull@1 (line 1265)
                      ; - java.lang.System$2::findBootstrapClassOrNull@1 (line 2327)
                      ; - jdk.internal.loader.ClassLoaders$BootClassLoader::loadClassOrNull@4 (line 140)
  0x000002dc42cd3160: bc3a 9f07 

  0x000002dc42cd3164: ;   {metadata(method data for {method} {0x000002dc55010b08} 'findBootstrapClassOrNull' '(Ljava/lang/String;)Ljava/lang/Class;' in 'java/lang/ClassLoader')}
  0x000002dc42cd3164: 83f8 0048 | baa8 bd17 | 96dc 0200 | 0048 c7c6 | 2001 0000 | 0f85 0700 | 0000 48c7 | c630 0100 
  0x000002dc42cd3184: 0048 8b3c | 3248 8d7f | 0148 893c | 320f 850f 

  0x000002dc42cd3194: ;   {oop(NULL)}
  0x000002dc42cd3194: 0000 0048 | be00 0000 | 0000 0000 | 00e9 2900 | 0000 4c8b 

  0x000002dc42cd31a8: ;   {metadata(method data for {method} {0x000002dc55010b08} 'findBootstrapClassOrNull' '(Ljava/lang/String;)Ljava/lang/Class;' in 'java/lang/ClassLoader')}
  0x000002dc42cd31a8: 4424 3848 | baa8 bd17 | 96dc 0200 | 0048 8382 | 4001 0000 | 0149 8bd0 | 0f1f 8000 

  0x000002dc42cd31c4: ;   {static_call}
  0x000002dc42cd31c4: 0000 00e8 

  0x000002dc42cd31c8: ; ImmutableOopMap {}
                      ;*invokestatic findBootstrapClass {reexecute=0 rethrow=0 return_oop=0}
                      ; - java.lang.ClassLoader::findBootstrapClassOrNull@10 (line 1267)
                      ; - java.lang.System$2::findBootstrapClassOrNull@1 (line 2327)
                      ; - jdk.internal.loader.ClassLoaders$BootClassLoader::loadClassOrNull@4 (line 140)
  0x000002dc42cd31c8: 9404 9707 | 488b f048 | 8bc6 4883 

  0x000002dc42cd31d4: ;   {poll_return}
  0x000002dc42cd31d4: c450 5d49 | 3ba7 4803 | 0000 0f87 | 6400 0000 

  0x000002dc42cd31e4: ;   {metadata({method} {0x000002dc55199800} 'loadClassOrNull' '(Ljava/lang/String;Z)Ljava/lang/Class;' in 'jdk/internal/loader/ClassLoaders$BootClassLoader')}
  0x000002dc42cd31e4: c349 baf8 | 9719 55dc | 0200 004c | 8954 2408 | 48c7 0424 | ffff ffff 

  0x000002dc42cd31fc: ;   {runtime_call counter_overflow Runtime1 stub}
  0x000002dc42cd31fc: e87f 774b 

  0x000002dc42cd3200: ; ImmutableOopMap {rdx=Oop r8=Oop }
                      ;*synchronization entry
                      ; - jdk.internal.loader.ClassLoaders$BootClassLoader::loadClassOrNull@-1 (line 140)
  0x000002dc42cd3200: 07e9 aefe 

  0x000002dc42cd3204: ;   {metadata({method} {0x000002dc5501e698} 'findBootstrapClassOrNull' '(Ljava/lang/String;)Ljava/lang/Class;' in 'java/lang/System$2')}
  0x000002dc42cd3204: ffff 49ba | 90e6 0155 | dc02 0000 | 4c89 5424 | 0848 c704 | 24ff ffff 

  0x000002dc42cd321c: ;   {runtime_call counter_overflow Runtime1 stub}
  0x000002dc42cd321c: ffe8 5e77 

  0x000002dc42cd3220: ; ImmutableOopMap {r8=Oop }
                      ;*synchronization entry
                      ; - java.lang.System$2::findBootstrapClassOrNull@-1 (line 2327)
                      ; - jdk.internal.loader.ClassLoaders$BootClassLoader::loadClassOrNull@4 (line 140)
  0x000002dc42cd3220: 4b07 e9e2 

  0x000002dc42cd3224: ;   {metadata({method} {0x000002dc55010b08} 'findBootstrapClassOrNull' '(Ljava/lang/String;)Ljava/lang/Class;' in 'java/lang/ClassLoader')}
  0x000002dc42cd3224: feff ff49 | ba00 0b01 | 55dc 0200 | 004c 8954 | 2408 48c7 | 0424 ffff 

  0x000002dc42cd323c: ;   {runtime_call counter_overflow Runtime1 stub}
  0x000002dc42cd323c: ffff e83d 

  0x000002dc42cd3240: ; ImmutableOopMap {r8=Oop }
                      ;*synchronization entry
                      ; - java.lang.ClassLoader::findBootstrapClassOrNull@-1 (line 1265)
                      ; - java.lang.System$2::findBootstrapClassOrNull@1 (line 2327)
                      ; - jdk.internal.loader.ClassLoaders$BootClassLoader::loadClassOrNull@4 (line 140)
  0x000002dc42cd3240: 774b 07e9 | fbfe ffff 

  0x000002dc42cd3248: ;   {internal_word}
  0x000002dc42cd3248: 49ba d731 | cd42 dc02 | 0000 4d89 | 9760 0300 

  0x000002dc42cd3258: ;   {runtime_call SafepointBlob}
  0x000002dc42cd3258: 00e9 a247 | 4107 9090 | 498b 87d8 | 0300 0049 | c787 d803 | 0000 0000 | 0000 49c7 | 87e0 0300 
  0x000002dc42cd3278: 0000 0000 | 0048 83c4 

  0x000002dc42cd3280: ;   {runtime_call unwind_exception Runtime1 stub}
  0x000002dc42cd3280: 505d e979 | 3a42 07f4 | f4f4 f4f4 | f4f4 f4f4 | f4f4 f4f4 | f4f4 f4f4 | f4f4 f4f4 | f4f4 f4f4 
[Stub Code]
  0x000002dc42cd32a0: ;   {no_reloc}
  0x000002dc42cd32a0: 0f1f 4400 

  0x000002dc42cd32a4: ;   {static_stub}
  0x000002dc42cd32a4: 0048 bb00 | 0000 0000 

  0x000002dc42cd32ac: ;   {runtime_call}
  0x000002dc42cd32ac: 0000 00e9 | fbff ffff 

  0x000002dc42cd32b4: ;   {static_stub}
  0x000002dc42cd32b4: 9048 bb00 | 0000 0000 

  0x000002dc42cd32bc: ;   {runtime_call}
  0x000002dc42cd32bc: 0000 00e9 | fbff ffff 
[Exception Handler]
  0x000002dc42cd32c4: ;   {runtime_call handle_exception_from_callee Runtime1 stub}
  0x000002dc42cd32c4: e8b7 434b 

  0x000002dc42cd32c8: ;   {external_word}
  0x000002dc42cd32c8: 0748 b940 | ba28 9bfd | 7f00 0048 

  0x000002dc42cd32d4: ;   {runtime_call}
  0x000002dc42cd32d4: 83e4 f049 | ba40 34f1 | 9afd 7f00 | 0041 ffd2 

  0x000002dc42cd32e4: ;   {section_word}
  0x000002dc42cd32e4: f449 bae5 | 32cd 42dc | 0200 0041 

  0x000002dc42cd32f0: ;   {runtime_call DeoptimizationBlob}
  0x000002dc42cd32f0: 52e9 aa39 | 4107 f4f4 
[/MachCode]


Compiled method (c1)   23181  772   !   3       jdk.internal.loader.BuiltinClassLoader::loadClassOrNull (143 bytes)
 total in heap  [0x000002dc42cc7910,0x000002dc42cc99e0] = 8400
 relocation     [0x000002dc42cc7a70,0x000002dc42cc7c48] = 472
 main code      [0x000002dc42cc7c60,0x000002dc42cc9080] = 5152
 stub code      [0x000002dc42cc9080,0x000002dc42cc9188] = 264
 metadata       [0x000002dc42cc9188,0x000002dc42cc9208] = 128
 scopes data    [0x000002dc42cc9208,0x000002dc42cc94f8] = 752
 scopes pcs     [0x000002dc42cc94f8,0x000002dc42cc97a8] = 688
 dependencies   [0x000002dc42cc97a8,0x000002dc42cc97b8] = 16
 handler table  [0x000002dc42cc97b8,0x000002dc42cc99b0] = 504
 nul chk table  [0x000002dc42cc99b0,0x000002dc42cc99e0] = 48

[Constant Pool (empty)]

[MachCode]
[Entry Point]
  # {method} {0x000002dc5507edd8} 'loadClassOrNull' '(Ljava/lang/String;Z)Ljava/lang/Class;' in 'jdk/internal/loader/BuiltinClassLoader'
  # this:     rdx:rdx   = 'jdk/internal/loader/BuiltinClassLoader'
  # parm0:    r8:r8     = 'java/lang/String'
  # parm1:    r9        = boolean
  #           [sp+0x100]  (sp of caller)
  0x000002dc42cc7c60: 448b 5208 | 49bb 0000 | 0055 dc02 | 0000 4d03 | d34c 3bd0 

  0x000002dc42cc7c74: ;   {runtime_call ic_miss_stub}
  0x000002dc42cc7c74: 0f85 0694 | 4107 660f | 1f44 0000 
[Verified Entry Point]
  0x000002dc42cc7c80: 8984 2400 | 90ff ff55 | 4881 ecf0 | 0000 0048 | 8994 2480 

  0x000002dc42cc7c94: ;   {metadata(method data for {method} {0x000002dc5507edd8} 'loadClassOrNull' '(Ljava/lang/String;Z)Ljava/lang/Class;' in 'jdk/internal/loader/BuiltinClassLoader')}
  0x000002dc42cc7c94: 0000 0048 | be80 6117 | 96dc 0200 | 008b becc | 0000 0083 | c702 89be | cc00 0000 | 81e7 fe07 
  0x000002dc42cc7cb4: 0000 83ff | 000f 849e | 1000 0044 | 898c 2490 | 0000 0048 

  0x000002dc42cc7cc8: ;   {metadata(method data for {method} {0x000002dc5507edd8} 'loadClassOrNull' '(Ljava/lang/String;Z)Ljava/lang/Class;' in 'jdk/internal/loader/BuiltinClassLoader')}
  0x000002dc42cc7cc8: 8bf2 48bf | 8061 1796 | dc02 0000 | 8b76 0849 | ba00 0000 | 55dc 0200 | 0049 03f2 | 483b b720 
  0x000002dc42cc7ce8: 0100 0075 | 0d48 8387 | 2801 0000 | 01e9 6600 | 0000 483b | b730 0100 | 0075 0d48 | 8387 3801 
  0x000002dc42cc7d08: 0000 01e9 | 5000 0000 | 4881 bf20 | 0100 0000 | 0000 0075 | 1748 89b7 | 2001 0000 | 48c7 8728 
  0x000002dc42cc7d28: 0100 0001 | 0000 00e9 | 2c00 0000 | 4881 bf30 | 0100 0000 | 0000 0075 | 1748 89b7 | 3001 0000 
  0x000002dc42cc7d48: 48c7 8738 | 0100 0001 | 0000 00e9 | 0800 0000 | 4883 8710 | 0100 0001 | 498b f04c | 8bc6 488b 
  0x000002dc42cc7d68: fa48 8bd7 | 4889 b424 | 8800 0000 

  0x000002dc42cc7d74: ;   {optimized virtual_call}
  0x000002dc42cc7d74: 6666 90e8 

  0x000002dc42cc7d78: ; ImmutableOopMap {[128]=Oop [136]=Oop }
                      ;*invokevirtual getClassLoadingLock {reexecute=0 rethrow=0 return_oop=0}
                      ; - jdk.internal.loader.BuiltinClassLoader::loadClassOrNull@2 (line 651)
  0x000002dc42cc7d78: 84ff f0ff | 4889 8424 | 9800 0000 | 488d 9424 | d000 0000 | 488b f048 | 8972 0848 | 8b06 4883 
  0x000002dc42cc7d98: c801 4889 | 02f0 480f | b116 0f84 | 1300 0000 | 482b c448 | 81e0 07f0 | ffff 4889 | 020f 85c8 
  0x000002dc42cc7db8: 0f00 0048 | 8b94 2480 

  0x000002dc42cc7dc0: ;   {metadata(method data for {method} {0x000002dc5507edd8} 'loadClassOrNull' '(Ljava/lang/String;Z)Ljava/lang/Class;' in 'jdk/internal/loader/BuiltinClassLoader')}
  0x000002dc42cc7dc0: 0000 0048 | be80 6117 | 96dc 0200 | 0048 8386 | 4801 0000 

  0x000002dc42cc7dd4: ;   {metadata(method data for {method} {0x000002dc55010ab0} 'findLoadedClass' '(Ljava/lang/String;)Ljava/lang/Class;' in 'java/lang/ClassLoader')}
  0x000002dc42cc7dd4: 0148 bae8 | ee11 96dc | 0200 008b | b2cc 0000 | 0083 c602 | 89b2 cc00 | 0000 81e6 | feff 1f00 
  0x000002dc42cc7df4: 83fe 000f | 8499 0f00 

  0x000002dc42cc7dfc: ;   {metadata(method data for {method} {0x000002dc55010ab0} 'findLoadedClass' '(Ljava/lang/String;)Ljava/lang/Class;' in 'java/lang/ClassLoader')}
  0x000002dc42cc7dfc: 0048 bae8 | ee11 96dc | 0200 0048 | 8382 1001 | 0000 0148 | 8b94 2488 

  0x000002dc42cc7e14: ;   {static_call}
  0x000002dc42cc7e14: 0000 00e8 

  0x000002dc42cc7e18: ; ImmutableOopMap {[128]=Oop [136]=Oop [152]=Oop [216]=Oop }
                      ;*invokestatic checkName {reexecute=0 rethrow=0 return_oop=0}
                      ; - java.lang.ClassLoader::findLoadedClass@1 (line 1288)
                      ; - jdk.internal.loader.BuiltinClassLoader::loadClassOrNull@10 (line 653)
  0x000002dc42cc7e18: 04ee 9f07 

  0x000002dc42cc7e1c: ;   {metadata(method data for {method} {0x000002dc55010ab0} 'findLoadedClass' '(Ljava/lang/String;)Ljava/lang/Class;' in 'java/lang/ClassLoader')}
  0x000002dc42cc7e1c: 83f8 0049 | b8e8 ee11 | 96dc 0200 | 0048 c7c2 | 2001 0000 | 0f85 0700 | 0000 48c7 | c230 0100 
  0x000002dc42cc7e3c: 0049 8b34 | 1048 8d76 | 0149 8934 | 100f 850f 

  0x000002dc42cc7e4c: ;   {oop(NULL)}
  0x000002dc42cc7e4c: 0000 0048 | be00 0000 | 0000 0000 | 00e9 3900 | 0000 488b | 9424 8000 

  0x000002dc42cc7e64: ;   {metadata(method data for {method} {0x000002dc55010ab0} 'findLoadedClass' '(Ljava/lang/String;)Ljava/lang/Class;' in 'java/lang/ClassLoader')}
  0x000002dc42cc7e64: 0000 49b8 | e8ee 1196 | dc02 0000 | 4983 8040 | 0100 0001 | 4c8b 8424 | 8800 0000 | 488b 9424 
  0x000002dc42cc7e84: 8000 0000 | 0f1f 8000 

  0x000002dc42cc7e8c: ;   {optimized virtual_call}
  0x000002dc42cc7e8c: 0000 00e8 

  0x000002dc42cc7e90: ; ImmutableOopMap {[128]=Oop [136]=Oop [152]=Oop [216]=Oop }
                      ;*invokevirtual findLoadedClass0 {reexecute=0 rethrow=0 return_oop=0}
                      ; - java.lang.ClassLoader::findLoadedClass@11 (line 1290)
                      ; - jdk.internal.loader.BuiltinClassLoader::loadClassOrNull@10 (line 653)
  0x000002dc42cc7e90: 4c8c 9707 | 488b f048 

  0x000002dc42cc7e98: ;   {metadata(method data for {method} {0x000002dc5507edd8} 'loadClassOrNull' '(Ljava/lang/String;Z)Ljava/lang/Class;' in 'jdk/internal/loader/BuiltinClassLoader')}
  0x000002dc42cc7e98: 83fe 0049 | b880 6117 | 96dc 0200 | 0048 c7c2 | 8001 0000 | 0f85 0700 | 0000 48c7 | c290 0100 
  0x000002dc42cc7eb8: 0049 8b3c | 1048 8d7f | 0149 893c | 100f 857c | 0c00 0048 | 89b4 24a0 | 0000 0048 | 8b94 2480 
  0x000002dc42cc7ed8: ;   {metadata(method data for {method} {0x000002dc5507edd8} 'loadClassOrNull' '(Ljava/lang/String;Z)Ljava/lang/Class;' in 'jdk/internal/loader/BuiltinClassLoader')}
  0x000002dc42cc7ed8: 0000 0049 | b880 6117 | 96dc 0200 | 0049 8380 | a001 0000 | 014c 8b84 | 2488 0000 | 0048 8b94 
  0x000002dc42cc7ef8: 2480 0000 

  0x000002dc42cc7efc: ;   {optimized virtual_call}
  0x000002dc42cc7efc: 0066 90e8 

  0x000002dc42cc7f00: ; ImmutableOopMap {[128]=Oop [152]=Oop [136]=Oop [160]=Oop [216]=Oop }
                      ;*invokevirtual findLoadedModule {reexecute=0 rethrow=0 return_oop=0}
                      ; - jdk.internal.loader.BuiltinClassLoader::loadClassOrNull@22 (line 658)
  0x000002dc42cc7f00: 5c1d 0000 | 4883 f800 

  0x000002dc42cc7f08: ;   {metadata(method data for {method} {0x000002dc5507edd8} 'loadClassOrNull' '(Ljava/lang/String;Z)Ljava/lang/Class;' in 'jdk/internal/loader/BuiltinClassLoader')}
  0x000002dc42cc7f08: 49b8 8061 | 1796 dc02 | 0000 49c7 | c1d8 0100 | 000f 8407 | 0000 0049 | c7c1 e801 | 0000 4b8b 
  0x000002dc42cc7f28: 1408 488d | 5201 4b89 | 1408 488b | 9424 8000 | 0000 0f84 | e507 0000 

  0x000002dc42cc7f40: ; implicit exception: dispatches to 0x000002dc42cc8db7
  0x000002dc42cc7f40: 483b 004c 

  0x000002dc42cc7f44: ;   {metadata(method data for {method} {0x000002dc5507edd8} 'loadClassOrNull' '(Ljava/lang/String;Z)Ljava/lang/Class;' in 'jdk/internal/loader/BuiltinClassLoader')}
  0x000002dc42cc7f44: 8bc0 49b9 | 8061 1796 | dc02 0000 

  0x000002dc42cc7f50: ;   {metadata('jdk/internal/loader/BuiltinClassLoader$LoadedModule')}
  0x000002dc42cc7f50: 49ba e0f8 | 1555 dc02 | 0000 4d89 | 9108 0200 | 0049 8381 | 1002 0000 | 018b 700c 

  0x000002dc42cc7f6c: ;   {metadata(method data for {method} {0x000002dc5507edd8} 'loadClassOrNull' '(Ljava/lang/String;Z)Ljava/lang/Class;' in 'jdk/internal/loader/BuiltinClassLoader')}
  0x000002dc42cc7f6c: 483b f249 | b880 6117 | 96dc 0200 | 0049 c7c1 | 3002 0000 | 0f85 0700 | 0000 49c7 | c140 0200 
  0x000002dc42cc7f8c: 004b 8b3c | 0848 8d7f | 014b 893c | 080f 8569 

  0x000002dc42cc7f9c: ;   {metadata(method data for {method} {0x000002dc5507edd8} 'loadClassOrNull' '(Ljava/lang/String;Z)Ljava/lang/Class;' in 'jdk/internal/loader/BuiltinClassLoader')}
  0x000002dc42cc7f9c: 0600 0049 | b880 6117 | 96dc 0200 | 0049 8380 | 5002 0000 

  0x000002dc42cc7fb0: ;   {metadata(method data for {method} {0x000002dc5541bc98} 'isModuleSystemInited' '()Z' in 'jdk/internal/misc/VM')}
  0x000002dc42cc7fb0: 0149 b8f8 | 6817 96dc | 0200 0045 | 8b88 cc00 | 0000 4183 | c102 4589 | 88cc 0000 | 0041 81e1 
  0x000002dc42cc7fd0: feff 1f00 | 4183 f900 | 0f84 de0d 

  0x000002dc42cc7fdc: ;   {metadata(method data for {method} {0x000002dc5541bc98} 'isModuleSystemInited' '()Z' in 'jdk/internal/misc/VM')}
  0x000002dc42cc7fdc: 0000 49b8 | f868 1796 | dc02 0000 | 4983 8010 | 0100 0001 

  0x000002dc42cc7ff0: ;   {metadata(method data for {method} {0x000002dc5541ba88} 'initLevel' '()I' in 'jdk/internal/misc/VM')}
  0x000002dc42cc7ff0: 49b8 886a | 1796 dc02 | 0000 458b | 88cc 0000 | 0041 83c1 | 0245 8988 | cc00 0000 | 4181 e1fe 
  0x000002dc42cc8010: ff1f 0041 | 83f9 000f | 84c0 0d00 

  0x000002dc42cc801c: ;   {oop(a 'java/lang/Class'{0x00000000fc618d18} = 'jdk/internal/misc/VM')}
  0x000002dc42cc801c: 0049 b818 | 8d61 fc00 | 0000 0045 | 8b80 9400 | 0000 4183 

  0x000002dc42cc8030: ;   {metadata(method data for {method} {0x000002dc5541bc98} 'isModuleSystemInited' '()Z' in 'jdk/internal/misc/VM')}
  0x000002dc42cc8030: f802 49b8 | f868 1796 | dc02 0000 | 49c7 c120 | 0100 000f | 8c07 0000 | 0049 c7c1 | 3001 0000 
  0x000002dc42cc8050: 4b8b 3408 | 488d 7601 | 4b89 3408 | 0f8c 1c00 

  0x000002dc42cc8060: ;   {metadata(method data for {method} {0x000002dc5541bc98} 'isModuleSystemInited' '()Z' in 'jdk/internal/misc/VM')}
  0x000002dc42cc8060: 0000 49b8 | f868 1796 | dc02 0000 | 41ff 8040 | 0100 0041 | b801 0000 | 00e9 0600 | 0000 41b8 
  0x000002dc42cc8080: 0000 0000 | 4183 e001 | 4183 f800 

  0x000002dc42cc808c: ;   {metadata(method data for {method} {0x000002dc5507edd8} 'loadClassOrNull' '(Ljava/lang/String;Z)Ljava/lang/Class;' in 'jdk/internal/loader/BuiltinClassLoader')}
  0x000002dc42cc808c: 49b8 8061 | 1796 dc02 | 0000 49c7 | c170 0200 | 000f 8507 | 0000 0049 | c7c1 6002 | 0000 4b8b 
  0x000002dc42cc80ac: 3408 488d | 7601 4b89 | 3408 0f85 | 0d00 0000 | 488b b424 | a000 0000 | e946 0600 | 004c 8bc2 
  0x000002dc42cc80cc: ;   {metadata(method data for {method} {0x000002dc5507edd8} 'loadClassOrNull' '(Ljava/lang/String;Z)Ljava/lang/Class;' in 'jdk/internal/loader/BuiltinClassLoader')}
  0x000002dc42cc80cc: 49b9 8061 | 1796 dc02 | 0000 4983 | 8180 0200 

  0x000002dc42cc80dc: ;   {metadata(method data for {method} {0x000002dc55436bd0} 'findClassInModuleOrNull' '(Ljdk/internal/loader/BuiltinClassLoader$LoadedModule;Ljava/lang/String;)Ljava/lang/Class;' in 'jdk/internal/loader/BuiltinClassLoader')}
  0x000002dc42cc80dc: 0001 49b8 | b06b 1796 | dc02 0000 | 458b 88cc | 0000 0041 | 83c1 0245 | 8988 cc00 | 0000 4181 
  0x000002dc42cc80fc: e1fe ff1f | 0041 83f9 | 000f 84f3 

  0x000002dc42cc8108: ;   {metadata(method data for {method} {0x000002dc55436bd0} 'findClassInModuleOrNull' '(Ljdk/internal/loader/BuiltinClassLoader$LoadedModule;Ljava/lang/String;)Ljava/lang/Class;' in 'jdk/internal/loader/BuiltinClassLoader')}
  0x000002dc42cc8108: 0c00 0049 | b8b0 6b17 | 96dc 0200 | 0049 8380 | 1001 0000 

  0x000002dc42cc811c: ;   {metadata(method data for {method} {0x000002dc5501f7b8} 'getSecurityManager' '()Ljava/lang/SecurityManager;' in 'java/lang/System')}
  0x000002dc42cc811c: 0149 b8f8 | a60c 96dc | 0200 0045 | 8b88 cc00 | 0000 4183 | c102 4589 | 88cc 0000 | 0041 81e1 
  0x000002dc42cc813c: feff 1f00 | 4183 f900 | 0f84 d50c 

  0x000002dc42cc8148: ;   {metadata(method data for {method} {0x000002dc5501f7b8} 'getSecurityManager' '()Ljava/lang/SecurityManager;' in 'java/lang/System')}
  0x000002dc42cc8148: 0000 49b8 | f8a6 0c96 | dc02 0000 | 4983 8010 | 0100 0001 

  0x000002dc42cc815c: ;   {metadata(method data for {method} {0x000002dc5501f8d0} 'allowSecurityManager' '()Z' in 'java/lang/System')}
  0x000002dc42cc815c: 49b8 70a8 | 0c96 dc02 | 0000 458b | 88cc 0000 | 0041 83c1 | 0245 8988 | cc00 0000 | 4181 e1fe 
  0x000002dc42cc817c: ff1f 0041 | 83f9 000f | 84b7 0c00 

  0x000002dc42cc8188: ;   {metadata(method data for {method} {0x000002dc5501f8d0} 'allowSecurityManager' '()Z' in 'java/lang/System')}
  0x000002dc42cc8188: 0049 b870 | a80c 96dc | 0200 0041 | ff80 2001 

  0x000002dc42cc8198: ;   {metadata(method data for {method} {0x000002dc5501f8d0} 'allowSecurityManager' '()Z' in 'java/lang/System')}
  0x000002dc42cc8198: 0000 49b8 | 70a8 0c96 | dc02 0000 | 41ff 8030 

  0x000002dc42cc81a8: ;   {metadata(method data for {method} {0x000002dc5501f7b8} 'getSecurityManager' '()Ljava/lang/SecurityManager;' in 'java/lang/System')}
  0x000002dc42cc81a8: 0100 0049 | b8f8 a60c | 96dc 0200 | 0041 ff80 | 3001 0000 

  0x000002dc42cc81bc: ;   {oop(a 'java/lang/Class'{0x00000000feb231b0} = 'java/lang/System')}
  0x000002dc42cc81bc: 49b8 b031 | b2fe 0000 | 0000 458b | 407c 4983 

  0x000002dc42cc81cc: ;   {metadata(method data for {method} {0x000002dc55436bd0} 'findClassInModuleOrNull' '(Ljdk/internal/loader/BuiltinClassLoader$LoadedModule;Ljava/lang/String;)Ljava/lang/Class;' in 'jdk/internal/loader/BuiltinClassLoader')}
  0x000002dc42cc81cc: f800 49b8 | b06b 1796 | dc02 0000 | 49c7 c120 | 0100 000f | 8507 0000 | 0049 c7c1 | 3001 0000 
  0x000002dc42cc81ec: 4b8b 3408 | 488d 7601 | 4b89 3408 | 0f85 3300 | 0000 4c8b 

  0x000002dc42cc8200: ;   {metadata(method data for {method} {0x000002dc55436bd0} 'findClassInModuleOrNull' '(Ljdk/internal/loader/BuiltinClassLoader$LoadedModule;Ljava/lang/String;)Ljava/lang/Class;' in 'jdk/internal/loader/BuiltinClassLoader')}
  0x000002dc42cc8200: c249 b9b0 | 6b17 96dc | 0200 0049 | 8381 4001 | 0000 014c | 8b84 2488 | 0000 004c | 8bc8 488b 
  0x000002dc42cc8220: f248 8bd6 

  0x000002dc42cc8224: ;   {optimized virtual_call}
  0x000002dc42cc8224: 6666 90e8 

  0x000002dc42cc8228: ; ImmutableOopMap {[152]=Oop [128]=Oop [216]=Oop }
                      ;*invokevirtual defineClass {reexecute=0 rethrow=0 return_oop=0}
                      ; - jdk.internal.loader.BuiltinClassLoader::findClassInModuleOrNull@9 (line 741)
                      ; - jdk.internal.loader.BuiltinClassLoader::loadClassOrNull@55 (line 665)
  0x000002dc42cc8228: 990e 0000 | e9be 0300 | 000f 1f80 | 0000 0000 

  0x000002dc42cc8238: ;   {no_reloc}
  0x000002dc42cc8238: e933 0c00 | 0090 9090 | 9090 488b | 9424 8000 | 0000 4c8b | 8424 8800 | 0000 4c8b 

  0x000002dc42cc8254: ;   {static_call}
  0x000002dc42cc8254: c866 90e8 

  0x000002dc42cc8258: ; ImmutableOopMap {[152]=Oop [128]=Oop [216]=Oop }
                      ;*invokedynamic {reexecute=0 rethrow=0 return_oop=0}
                      ; - jdk.internal.loader.BuiltinClassLoader::findClassInModuleOrNull@16 (line 743)
                      ; - jdk.internal.loader.BuiltinClassLoader::loadClassOrNull@55 (line 665)
  0x000002dc42cc8258: 2497 4107 

  0x000002dc42cc825c: ;   {metadata(method data for {method} {0x000002dc55436bd0} 'findClassInModuleOrNull' '(Ljdk/internal/loader/BuiltinClassLoader$LoadedModule;Ljava/lang/String;)Ljava/lang/Class;' in 'jdk/internal/loader/BuiltinClassLoader')}
  0x000002dc42cc825c: 48be b06b | 1796 dc02 | 0000 488d | b6a8 0100 | 0048 85c0 | 7510 48f7 | 0601 0000 | 0075 50f0 
  0x000002dc42cc827c: 4883 0e01 | eb49 8b78 | 0849 ba00 | 0000 55dc | 0200 0049 | 03fa 4c8b | d748 333e | 48f7 c7fc 
  0x000002dc42cc829c: ffff ff74 | 2a48 f7c7 | 0200 0000 | 7521 48f7 | 06fe ffff | ff74 1549 | 8bfa 4833 | 3e48 f7c7 
  0x000002dc42cc82bc: fcff ffff | 7409 4883 | 0e02 eb03 

  0x000002dc42cc82c8: ;   {metadata(method data for {method} {0x000002dc55436bd0} 'findClassInModuleOrNull' '(Ljdk/internal/loader/BuiltinClassLoader$LoadedModule;Ljava/lang/String;)Ljava/lang/Class;' in 'jdk/internal/loader/BuiltinClassLoader')}
  0x000002dc42cc82c8: 4889 3e48 | beb0 6b17 | 96dc 0200 | 0048 8386 | b801 0000 

  0x000002dc42cc82dc: ;   {metadata(method data for {method} {0x000002dc55435e80} 'doPrivileged' '(Ljava/security/PrivilegedAction;)Ljava/lang/Object;' in 'java/security/AccessController')}
  0x000002dc42cc82dc: 0148 bea0 | 7317 96dc | 0200 008b | becc 0000 | 0083 c702 | 89be cc00 | 0000 81e7 | feff 1f00 
  0x000002dc42cc82fc: 83ff 000f | 8475 0b00 

  0x000002dc42cc8304: ;   {metadata(method data for {method} {0x000002dc55435e80} 'doPrivileged' '(Ljava/security/PrivilegedAction;)Ljava/lang/Object;' in 'java/security/AccessController')}
  0x000002dc42cc8304: 0048 bea0 | 7317 96dc | 0200 0048 | 8386 1001 | 0000 0148 | 8984 24a8 

  0x000002dc42cc831c: ;   {static_call}
  0x000002dc42cc831c: 0000 00e8 

  0x000002dc42cc8320: ; ImmutableOopMap {[152]=Oop [128]=Oop [168]=Oop [216]=Oop }
                      ;*invokestatic getCallerClass {reexecute=0 rethrow=0 return_oop=0}
                      ; - java.security.AccessController::doPrivileged@2 (line 318)
                      ; - jdk.internal.loader.BuiltinClassLoader::findClassInModuleOrNull@23 (line 744)
                      ; - jdk.internal.loader.BuiltinClassLoader::loadClassOrNull@55 (line 665)
  0x000002dc42cc8320: 5c96 4107 | 4889 8424 | b000 0000 

  0x000002dc42cc832c: ;   {metadata(method data for {method} {0x000002dc55435e80} 'doPrivileged' '(Ljava/security/PrivilegedAction;)Ljava/lang/Object;' in 'java/security/AccessController')}
  0x000002dc42cc832c: 48ba a073 | 1796 dc02 | 0000 4883 | 8220 0100 

  0x000002dc42cc833c: ;   {metadata(method data for {method} {0x000002dc55435450} 'executePrivileged' '(Ljava/security/PrivilegedAction;Ljava/security/AccessControlContext;Ljava/lang/Class;)Ljava/lang/Object;' in 'java/security/AccessController')}
  0x000002dc42cc833c: 0001 48ba | 1075 1796 | dc02 0000 | 8bb2 cc00 | 0000 83c6 | 0289 b2cc | 0000 0081 | e6fe ff1f 
  0x000002dc42cc835c: 0083 fe00 | 0f84 350b 

  0x000002dc42cc8364: ;   {metadata(method data for {method} {0x000002dc55435450} 'executePrivileged' '(Ljava/security/PrivilegedAction;Ljava/security/AccessControlContext;Ljava/lang/Class;)Ljava/lang/Object;' in 'java/security/AccessController')}
  0x000002dc42cc8364: 0000 48ba | 1075 1796 | dc02 0000 | ff82 1001 

  0x000002dc42cc8374: ;   {metadata(method data for {method} {0x000002dc55435450} 'executePrivileged' '(Ljava/security/PrivilegedAction;Ljava/security/AccessControlContext;Ljava/lang/Class;)Ljava/lang/Object;' in 'java/security/AccessController')}
  0x000002dc42cc8374: 0000 48ba | 1075 1796 | dc02 0000 | ff82 4001 | 0000 488b | 8424 a800 | 0000 483b | 0048 8bd0 
  0x000002dc42cc8394: ;   {metadata(method data for {method} {0x000002dc55435450} 'executePrivileged' '(Ljava/security/PrivilegedAction;Ljava/security/AccessControlContext;Ljava/lang/Class;)Ljava/lang/Object;' in 'java/security/AccessController')}
  0x000002dc42cc8394: 48bf 1075 | 1796 dc02 | 0000 8b52 | 0849 ba00 | 0000 55dc | 0200 0049 | 03d2 483b | 97b0 0100 
  0x000002dc42cc83b4: 0075 0d48 | 8387 b801 | 0000 01e9 | 6600 0000 | 483b 97c0 | 0100 0075 | 0d48 8387 | c801 0000 
  0x000002dc42cc83d4: 01e9 5000 | 0000 4881 | bfb0 0100 | 0000 0000 | 0075 1748 | 8997 b001 | 0000 48c7 | 87b8 0100 
  0x000002dc42cc83f4: 0001 0000 | 00e9 2c00 | 0000 4881 | bfc0 0100 | 0000 0000 | 0075 1748 | 8997 c001 | 0000 48c7 
  0x000002dc42cc8414: 87c8 0100 | 0001 0000 | 00e9 0800 | 0000 4883 | 87a0 0100 | 0001 488b | d048 b8ff | ffff ffff 
  0x000002dc42cc8434: ;   {virtual_call}
  0x000002dc42cc8434: ffff ffe8 

  0x000002dc42cc8438: ; ImmutableOopMap {[152]=Oop [128]=Oop [176]=Oop [216]=Oop }
                      ;*invokeinterface run {reexecute=0 rethrow=0 return_oop=0}
                      ; - java.security.AccessController::executePrivileged@29 (line 776)
                      ; - java.security.AccessController::doPrivileged@5 (line 318)
                      ; - jdk.internal.loader.BuiltinClassLoader::findClassInModuleOrNull@23 (line 744)
                      ; - jdk.internal.loader.BuiltinClassLoader::loadClassOrNull@55 (line 665)
  0x000002dc42cc8438: 4492 4107 

  0x000002dc42cc843c: ;   {metadata(method data for {method} {0x000002dc55435450} 'executePrivileged' '(Ljava/security/PrivilegedAction;Ljava/security/AccessControlContext;Ljava/lang/Class;)Ljava/lang/Object;' in 'java/security/AccessController')}
  0x000002dc42cc843c: 48ba 1075 | 1796 dc02 | 0000 ff82 | d801 0000 

  0x000002dc42cc844c: ;   {metadata(method data for {method} {0x000002dc55435450} 'executePrivileged' '(Ljava/security/PrivilegedAction;Ljava/security/AccessControlContext;Ljava/lang/Class;)Ljava/lang/Object;' in 'java/security/AccessController')}
  0x000002dc42cc844c: 48ba 1075 | 1796 dc02 | 0000 4883 | 8238 0200 | 0001 488b | d048 8984 | 24b8 0000 | 0066 0f1f 
  0x000002dc42cc846c: ;   {static_call}
  0x000002dc42cc846c: 4400 00e8 

  0x000002dc42cc8470: ; ImmutableOopMap {[152]=Oop [128]=Oop [184]=Oop [176]=Oop [216]=Oop }
                      ;*invokestatic ensureMaterializedForStackWalk {reexecute=0 rethrow=0 return_oop=0}
                      ; - java.security.AccessController::executePrivileged@56 (line 784)
                      ; - java.security.AccessController::doPrivileged@5 (line 318)
                      ; - jdk.internal.loader.BuiltinClassLoader::findClassInModuleOrNull@23 (line 744)
                      ; - jdk.internal.loader.BuiltinClassLoader::loadClassOrNull@55 (line 665)
  0x000002dc42cc8470: 0c95 4107 

  0x000002dc42cc8474: ;   {metadata(method data for {method} {0x000002dc55435450} 'executePrivileged' '(Ljava/security/PrivilegedAction;Ljava/security/AccessControlContext;Ljava/lang/Class;)Ljava/lang/Object;' in 'java/security/AccessController')}
  0x000002dc42cc8474: 49b8 1075 | 1796 dc02 | 0000 4983 | 8048 0200 

  0x000002dc42cc8484: ;   {metadata(method data for {method} {0x000002dc553dd620} 'reachabilityFence' '(Ljava/lang/Object;)V' in 'java/lang/ref/Reference')}
  0x000002dc42cc8484: 0001 49b8 | 487e 1196 | dc02 0000 | 458b 88cc | 0000 0041 | 83c1 0245 | 8988 cc00 | 0000 4181 
  0x000002dc42cc84a4: e1fe ff1f | 0041 83f9 | 000f 840e 

  0x000002dc42cc84b0: ;   {metadata(method data for {method} {0x000002dc55435450} 'executePrivileged' '(Ljava/security/PrivilegedAction;Ljava/security/AccessControlContext;Ljava/lang/Class;)Ljava/lang/Object;' in 'java/security/AccessController')}
  0x000002dc42cc84b0: 0a00 0049 | b810 7517 | 96dc 0200 | 0049 8380 | 5802 0000 

  0x000002dc42cc84c4: ;   {metadata(method data for {method} {0x000002dc553dd620} 'reachabilityFence' '(Ljava/lang/Object;)V' in 'java/lang/ref/Reference')}
  0x000002dc42cc84c4: 0149 b848 | 7e11 96dc | 0200 0045 | 8b88 cc00 | 0000 4183 | c102 4589 | 88cc 0000 | 0041 81e1 
  0x000002dc42cc84e4: feff 1f00 | 4183 f900 | 0f84 f009 | 0000 488b | 8424 b800 | 0000 4883 | f800 7516 

  0x000002dc42cc8500: ;   {metadata(method data for {method} {0x000002dc55436bd0} 'findClassInModuleOrNull' '(Ljdk/internal/loader/BuiltinClassLoader$LoadedModule;Ljava/lang/String;)Ljava/lang/Class;' in 'jdk/internal/loader/BuiltinClassLoader')}
  0x000002dc42cc8500: 48ba b06b | 1796 dc02 | 0000 808a | c101 0000 | 01e9 d300 

  0x000002dc42cc8514: ;   {metadata('java/lang/Class')}
  0x000002dc42cc8514: 0000 48be | 2817 0055 | dc02 0000 | 448b 4808 | 49ba 0000 | 0055 dc02 | 0000 4d03 | ca49 3bf1 
  0x000002dc42cc8534: 0f85 9300 

  0x000002dc42cc8538: ;   {metadata(method data for {method} {0x000002dc55436bd0} 'findClassInModuleOrNull' '(Ljdk/internal/loader/BuiltinClassLoader$LoadedModule;Ljava/lang/String;)Ljava/lang/Class;' in 'jdk/internal/loader/BuiltinClassLoader')}
  0x000002dc42cc8538: 0000 48ba | b06b 1796 | dc02 0000 | 8b70 0849 | ba00 0000 | 55dc 0200 | 0049 03f2 | 483b b2d8 
  0x000002dc42cc8558: 0100 0075 | 0d48 8382 | e001 0000 | 01e9 7f00 | 0000 483b | b2e8 0100 | 0075 0d48 | 8382 f001 
  0x000002dc42cc8578: 0000 01e9 | 6900 0000 | 4881 bad8 | 0100 0000 | 0000 0075 | 1748 89b2 | d801 0000 | 48c7 82e0 
  0x000002dc42cc8598: 0100 0001 | 0000 00e9 | 4500 0000 | 4881 bae8 | 0100 0000 | 0000 0075 | 1748 89b2 | e801 0000 
  0x000002dc42cc85b8: 48c7 82f0 | 0100 0001 | 0000 00e9 | 2100 0000 | e91c 0000 

  0x000002dc42cc85cc: ;   {metadata(method data for {method} {0x000002dc55436bd0} 'findClassInModuleOrNull' '(Ljdk/internal/loader/BuiltinClassLoader$LoadedModule;Ljava/lang/String;)Ljava/lang/Class;' in 'jdk/internal/loader/BuiltinClassLoader')}
  0x000002dc42cc85cc: 0048 bab0 | 6b17 96dc | 0200 0048 | 83aa c801 | 0000 01e9 | 1f09 0000 | e900 0000 | 004c 8bc0 
  0x000002dc42cc85ec: ;   {metadata(method data for {method} {0x000002dc5507edd8} 'loadClassOrNull' '(Ljava/lang/String;Z)Ljava/lang/Class;' in 'jdk/internal/loader/BuiltinClassLoader')}
  0x000002dc42cc85ec: 498b c049 | b880 6117 | 96dc 0200 | 0041 ff80 | b802 0000 | 488b f0e9 | 0701 0000 

  0x000002dc42cc8608: ; implicit exception: dispatches to 0x000002dc42cc8f0c
  0x000002dc42cc8608: 483b 064c 

  0x000002dc42cc860c: ;   {metadata(method data for {method} {0x000002dc5507edd8} 'loadClassOrNull' '(Ljava/lang/String;Z)Ljava/lang/Class;' in 'jdk/internal/loader/BuiltinClassLoader')}
  0x000002dc42cc860c: 8bc6 49b9 | 8061 1796 | dc02 0000 | 4983 81d0 | 0200 0001 

  0x000002dc42cc8620: ;   {metadata(method data for {method} {0x000002dc55436c80} 'loadClassOrNull' '(Ljava/lang/String;)Ljava/lang/Class;' in 'jdk/internal/loader/BuiltinClassLoader')}
  0x000002dc42cc8620: 49b8 c877 | 1796 dc02 | 0000 458b | 88cc 0000 | 0041 83c1 | 0245 8988 | cc00 0000 | 4181 e1fe 
  0x000002dc42cc8640: ff1f 0041 | 83f9 000f | 84c4 0800 | 004c 8bc6 

  0x000002dc42cc8650: ;   {metadata(method data for {method} {0x000002dc55436c80} 'loadClassOrNull' '(Ljava/lang/String;)Ljava/lang/Class;' in 'jdk/internal/loader/BuiltinClassLoader')}
  0x000002dc42cc8650: 49b9 c877 | 1796 dc02 | 0000 458b | 4008 49ba | 0000 0055 | dc02 0000 | 4d03 c24d | 3b81 2001 
  0x000002dc42cc8670: 0000 750d | 4983 8128 | 0100 0001 | e966 0000 | 004d 3b81 | 3001 0000 | 750d 4983 | 8138 0100 
  0x000002dc42cc8690: 0001 e950 | 0000 0049 | 81b9 2001 | 0000 0000 | 0000 7517 | 4d89 8120 | 0100 0049 | c781 2801 
  0x000002dc42cc86b0: 0000 0100 | 0000 e92c | 0000 0049 | 81b9 3001 | 0000 0000 | 0000 7517 | 4d89 8130 | 0100 0049 
  0x000002dc42cc86d0: c781 3801 | 0000 0100 | 0000 e908 | 0000 0049 | 8381 1001 | 0000 014c | 8b84 2488 | 0000 0041 
  0x000002dc42cc86f0: b900 0000 | 0048 8bd6 | 0f1f 4400 | 0048 b8c0 | 9419 55dc 

  0x000002dc42cc8704: ;   {virtual_call}
  0x000002dc42cc8704: 0200 00e8 

  0x000002dc42cc8708: ; ImmutableOopMap {[152]=Oop [128]=Oop [216]=Oop }
                      ;*invokevirtual loadClassOrNull {reexecute=0 rethrow=0 return_oop=0}
                      ; - jdk.internal.loader.BuiltinClassLoader::loadClassOrNull@3 (line 700)
                      ; - jdk.internal.loader.BuiltinClassLoader::loadClassOrNull@66 (line 669)
  0x000002dc42cc8708: 54a9 0000 

  0x000002dc42cc870c: ;   {metadata(method data for {method} {0x000002dc5507edd8} 'loadClassOrNull' '(Ljava/lang/String;Z)Ljava/lang/Class;' in 'jdk/internal/loader/BuiltinClassLoader')}
  0x000002dc42cc870c: 488b f049 | b880 6117 | 96dc 0200 | 0041 ff80 | 0803 0000 | e922 0400 | 008b 7254 | 4883 fe00 
  0x000002dc42cc872c: ;   {metadata(method data for {method} {0x000002dc5507edd8} 'loadClassOrNull' '(Ljava/lang/String;Z)Ljava/lang/Class;' in 'jdk/internal/loader/BuiltinClassLoader')}
  0x000002dc42cc872c: 49b8 8061 | 1796 dc02 | 0000 49c7 | c130 0300 | 000f 8507 | 0000 0049 | c7c1 2003 | 0000 4b8b 
  0x000002dc42cc874c: 3c08 488d | 7f01 4b89 | 3c08 0f85 | 0d00 0000 | 488b b424 | a000 0000 | e906 0100 | 0048 3b06 
  0x000002dc42cc876c: ;   {metadata(method data for {method} {0x000002dc5507edd8} 'loadClassOrNull' '(Ljava/lang/String;Z)Ljava/lang/Class;' in 'jdk/internal/loader/BuiltinClassLoader')}
  0x000002dc42cc876c: 4c8b c649 | b980 6117 | 96dc 0200 | 0049 8381 | 4003 0000 

  0x000002dc42cc8780: ;   {metadata(method data for {method} {0x000002dc55436c80} 'loadClassOrNull' '(Ljava/lang/String;)Ljava/lang/Class;' in 'jdk/internal/loader/BuiltinClassLoader')}
  0x000002dc42cc8780: 0149 b8c8 | 7717 96dc | 0200 0045 | 8b88 cc00 | 0000 4183 | c102 4589 | 88cc 0000 | 0041 81e1 
  0x000002dc42cc87a0: feff 1f00 | 4183 f900 | 0f84 8907 | 0000 4c8b 

  0x000002dc42cc87b0: ;   {metadata(method data for {method} {0x000002dc55436c80} 'loadClassOrNull' '(Ljava/lang/String;)Ljava/lang/Class;' in 'jdk/internal/loader/BuiltinClassLoader')}
  0x000002dc42cc87b0: c649 b9c8 | 7717 96dc | 0200 0045 | 8b40 0849 | ba00 0000 | 55dc 0200 | 004d 03c2 | 4d3b 8120 
  0x000002dc42cc87d0: 0100 0075 | 0d49 8381 | 2801 0000 | 01e9 6600 | 0000 4d3b | 8130 0100 | 0075 0d49 | 8381 3801 
  0x000002dc42cc87f0: 0000 01e9 | 5000 0000 | 4981 b920 | 0100 0000 | 0000 0075 | 174d 8981 | 2001 0000 | 49c7 8128 
  0x000002dc42cc8810: 0100 0001 | 0000 00e9 | 2c00 0000 | 4981 b930 | 0100 0000 | 0000 0075 | 174d 8981 | 3001 0000 
  0x000002dc42cc8830: 49c7 8138 | 0100 0001 | 0000 00e9 | 0800 0000 | 4983 8110 | 0100 0001 | 4c8b 8424 | 8800 0000 
  0x000002dc42cc8850: 41b9 0000 | 0000 488b | d60f 1f40 | 0048 b8c0 | 9419 55dc 

  0x000002dc42cc8864: ;   {virtual_call}
  0x000002dc42cc8864: 0200 00e8 

  0x000002dc42cc8868: ; ImmutableOopMap {[152]=Oop [136]=Oop [128]=Oop [216]=Oop }
                      ;*invokevirtual loadClassOrNull {reexecute=0 rethrow=0 return_oop=0}
                      ; - jdk.internal.loader.BuiltinClassLoader::loadClassOrNull@3 (line 700)
                      ; - jdk.internal.loader.BuiltinClassLoader::loadClassOrNull@86 (line 676)
  0x000002dc42cc8868: f4a7 0000 | 488b f048 

  0x000002dc42cc8870: ;   {metadata(method data for {method} {0x000002dc5507edd8} 'loadClassOrNull' '(Ljava/lang/String;Z)Ljava/lang/Class;' in 'jdk/internal/loader/BuiltinClassLoader')}
  0x000002dc42cc8870: 83fe 0049 | b880 6117 | 96dc 0200 | 0048 c7c2 | 7803 0000 | 0f85 0700 | 0000 48c7 | c288 0300 
  0x000002dc42cc8890: 0049 8b3c | 1048 8d7f | 0149 893c | 100f 85a4 | 0200 0048 | 8b94 2480 | 0000 004c 

  0x000002dc42cc88ac: ;   {metadata(method data for {method} {0x000002dc5507edd8} 'loadClassOrNull' '(Ljava/lang/String;Z)Ljava/lang/Class;' in 'jdk/internal/loader/BuiltinClassLoader')}
  0x000002dc42cc88ac: 8bc2 48bf | 8061 1796 | dc02 0000 | 458b 4008 | 49ba 0000 | 0055 dc02 | 0000 4d03 | c24c 3b87 
  0x000002dc42cc88cc: a803 0000 | 750d 4883 | 87b0 0300 | 0001 e966 | 0000 004c | 3b87 b803 | 0000 750d | 4883 87c0 
  0x000002dc42cc88ec: 0300 0001 | e950 0000 | 0048 81bf | a803 0000 | 0000 0000 | 7517 4c89 | 87a8 0300 | 0048 c787 
  0x000002dc42cc890c: b003 0000 | 0100 0000 | e92c 0000 | 0048 81bf | b803 0000 | 0000 0000 | 7517 4c89 | 87b8 0300 
  0x000002dc42cc892c: 0048 c787 | c003 0000 | 0100 0000 | e908 0000 | 0048 8387 | 9803 0000 

  0x000002dc42cc8944: ;   {metadata(method data for {method} {0x000002dc5507ed80} 'hasClassPath' '()Z' in 'jdk/internal/loader/BuiltinClassLoader')}
  0x000002dc42cc8944: 0149 b858 | 7917 96dc | 0200 0041 | 8bb8 cc00 | 0000 83c7 | 0241 89b8 | cc00 0000 | 81e7 feff 
  0x000002dc42cc8964: 1f00 83ff | 000f 84e9 | 0500 0044 | 8b42 5849 

  0x000002dc42cc8974: ;   {metadata(method data for {method} {0x000002dc5507ed80} 'hasClassPath' '()Z' in 'jdk/internal/loader/BuiltinClassLoader')}
  0x000002dc42cc8974: 83f8 0049 | b858 7917 | 96dc 0200 | 0048 c7c7 | 1001 0000 | 0f84 0700 | 0000 48c7 | c720 0100 
  0x000002dc42cc8994: 0049 8b1c | 3848 8d5b | 0149 891c | 380f 841c 

  0x000002dc42cc89a4: ;   {metadata(method data for {method} {0x000002dc5507ed80} 'hasClassPath' '()Z' in 'jdk/internal/loader/BuiltinClassLoader')}
  0x000002dc42cc89a4: 0000 0049 | b858 7917 | 96dc 0200 | 0041 ff80 | 3001 0000 | 41b8 0100 | 0000 e906 | 0000 0041 
  0x000002dc42cc89c4: b800 0000 | 0041 83e0 | 0141 83f8 

  0x000002dc42cc89d0: ;   {metadata(method data for {method} {0x000002dc5507edd8} 'loadClassOrNull' '(Ljava/lang/String;Z)Ljava/lang/Class;' in 'jdk/internal/loader/BuiltinClassLoader')}
  0x000002dc42cc89d0: 0049 b880 | 6117 96dc | 0200 0048 | c7c7 d003 | 0000 0f84 | 0700 0000 | 48c7 c7e0 | 0300 0049 
  0x000002dc42cc89f0: 8b1c 3848 | 8d5b 0149 | 891c 380f | 8446 0100 

  0x000002dc42cc8a00: ;   {metadata(method data for {method} {0x000002dc5507edd8} 'loadClassOrNull' '(Ljava/lang/String;Z)Ljava/lang/Class;' in 'jdk/internal/loader/BuiltinClassLoader')}
  0x000002dc42cc8a00: 0049 b880 | 6117 96dc | 0200 0049 | 8380 f003 

  0x000002dc42cc8a10: ;   {metadata(method data for {method} {0x000002dc5541bc98} 'isModuleSystemInited' '()Z' in 'jdk/internal/misc/VM')}
  0x000002dc42cc8a10: 0000 0149 | b8f8 6817 | 96dc 0200 | 0041 8bb8 | cc00 0000 | 83c7 0241 | 89b8 cc00 | 0000 81e7 
  0x000002dc42cc8a30: feff 1f00 | 83ff 000f | 843c 0500 

  0x000002dc42cc8a3c: ;   {metadata(method data for {method} {0x000002dc5541bc98} 'isModuleSystemInited' '()Z' in 'jdk/internal/misc/VM')}
  0x000002dc42cc8a3c: 0049 b8f8 | 6817 96dc | 0200 0049 | 8380 1001 

  0x000002dc42cc8a4c: ;   {metadata(method data for {method} {0x000002dc5541ba88} 'initLevel' '()I' in 'jdk/internal/misc/VM')}
  0x000002dc42cc8a4c: 0000 0149 | b888 6a17 | 96dc 0200 | 0041 8bb8 | cc00 0000 | 83c7 0241 | 89b8 cc00 | 0000 81e7 
  0x000002dc42cc8a6c: feff 1f00 | 83ff 000f | 8421 0500 

  0x000002dc42cc8a78: ;   {oop(a 'java/lang/Class'{0x00000000fc618d18} = 'jdk/internal/misc/VM')}
  0x000002dc42cc8a78: 0049 b818 | 8d61 fc00 | 0000 0045 | 8b80 9400 | 0000 4183 

  0x000002dc42cc8a8c: ;   {metadata(method data for {method} {0x000002dc5541bc98} 'isModuleSystemInited' '()Z' in 'jdk/internal/misc/VM')}
  0x000002dc42cc8a8c: f802 49b8 | f868 1796 | dc02 0000 | 48c7 c720 | 0100 000f | 8c07 0000 | 0048 c7c7 | 3001 0000 
  0x000002dc42cc8aac: 498b 1c38 | 488d 5b01 | 4989 1c38 | 0f8c 1c00 

  0x000002dc42cc8abc: ;   {metadata(method data for {method} {0x000002dc5541bc98} 'isModuleSystemInited' '()Z' in 'jdk/internal/misc/VM')}
  0x000002dc42cc8abc: 0000 49b8 | f868 1796 | dc02 0000 | 41ff 8040 | 0100 0041 | b801 0000 | 00e9 0600 | 0000 41b8 
  0x000002dc42cc8adc: 0000 0000 | 4183 e001 | 4183 f800 

  0x000002dc42cc8ae8: ;   {metadata(method data for {method} {0x000002dc5507edd8} 'loadClassOrNull' '(Ljava/lang/String;Z)Ljava/lang/Class;' in 'jdk/internal/loader/BuiltinClassLoader')}
  0x000002dc42cc8ae8: 49b8 8061 | 1796 dc02 | 0000 48c7 | c700 0400 | 000f 8407 | 0000 0048 | c7c7 1004 | 0000 498b 
  0x000002dc42cc8b08: 1c38 488d | 5b01 4989 | 1c38 0f84 | 2f00 0000 | 4c8b 8424 | 8800 0000 

  0x000002dc42cc8b20: ;   {metadata(method data for {method} {0x000002dc5507edd8} 'loadClassOrNull' '(Ljava/lang/String;Z)Ljava/lang/Class;' in 'jdk/internal/loader/BuiltinClassLoader')}
  0x000002dc42cc8b20: 488b f248 | bf80 6117 | 96dc 0200 | 0048 8387 | 2004 0000 | 0148 8bf2 | 488b d60f 

  0x000002dc42cc8b3c: ;   {optimized virtual_call}
  0x000002dc42cc8b3c: 1f40 00e8 

  0x000002dc42cc8b40: ; ImmutableOopMap {[152]=Oop [128]=Oop [216]=Oop }
                      ;*invokevirtual findClassOnClassPathOrNull {reexecute=0 rethrow=0 return_oop=0}
                      ; - jdk.internal.loader.BuiltinClassLoader::loadClassOrNull@111 (line 681)
  0x000002dc42cc8b40: 3c88 4107 | 488b f044 | 8b8c 2490 | 0000 0041 

  0x000002dc42cc8b50: ;   {metadata(method data for {method} {0x000002dc5507edd8} 'loadClassOrNull' '(Ljava/lang/String;Z)Ljava/lang/Class;' in 'jdk/internal/loader/BuiltinClassLoader')}
  0x000002dc42cc8b50: 83f9 0048 | b880 6117 | 96dc 0200 | 0048 c7c2 | 5804 0000 | 0f84 0700 | 0000 48c7 | c268 0400 
  0x000002dc42cc8b70: 0048 8b3c | 1048 8d7f | 0148 893c | 100f 84aa | 0000 0048 

  0x000002dc42cc8b84: ;   {metadata(method data for {method} {0x000002dc5507edd8} 'loadClassOrNull' '(Ljava/lang/String;Z)Ljava/lang/Class;' in 'jdk/internal/loader/BuiltinClassLoader')}
  0x000002dc42cc8b84: 83fe 0048 | b880 6117 | 96dc 0200 | 0048 c7c2 | 7804 0000 | 0f84 0700 | 0000 48c7 | c288 0400 
  0x000002dc42cc8ba4: 0048 8b3c | 1048 8d7f | 0148 893c | 100f 8476 | 0000 0048 | 8b94 2480 

  0x000002dc42cc8bbc: ;   {metadata(method data for {method} {0x000002dc5507edd8} 'loadClassOrNull' '(Ljava/lang/String;Z)Ljava/lang/Class;' in 'jdk/internal/loader/BuiltinClassLoader')}
  0x000002dc42cc8bbc: 0000 0048 | b880 6117 | 96dc 0200 | 0048 8380 | 9804 0000 

  0x000002dc42cc8bd0: ;   {metadata(method data for {method} {0x000002dc55010b60} 'resolveClass' '(Ljava/lang/Class;)V' in 'java/lang/ClassLoader')}
  0x000002dc42cc8bd0: 0148 b8c0 | 7d17 96dc | 0200 008b | 90cc 0000 | 0083 c202 | 8990 cc00 | 0000 81e2 | feff 1f00 
  0x000002dc42cc8bf0: 83fa 000f | 84c2 0300 | 0048 83fe 

  0x000002dc42cc8bfc: ;   {metadata(method data for {method} {0x000002dc55010b60} 'resolveClass' '(Ljava/lang/Class;)V' in 'java/lang/ClassLoader')}
  0x000002dc42cc8bfc: 0048 b8c0 | 7d17 96dc | 0200 0048 | c7c2 2001 | 0000 0f84 | 0700 0000 | 48c7 c210 | 0100 0048 
  0x000002dc42cc8c1c: 8b3c 1048 | 8d7f 0148 | 893c 100f | 843c 0000 | 0048 8d84 | 24d0 0000 | 0048 8b10 | 4885 d20f 
  0x000002dc42cc8c3c: 840f 0000 | 0048 8b78 | 08f0 480f | b117 0f85 | 8c03 0000 | 488b c648 | 81c4 f000 

  0x000002dc42cc8c58: ;   {poll_return}
  0x000002dc42cc8c58: 0000 5d49 | 3ba7 4803 | 0000 0f87 | 8a03 0000 | c348 89b4 | 24c8 0000 | 000f 1f80 | 0000 0000 
  0x000002dc42cc8c78: ;   {no_reloc}
  0x000002dc42cc8c78: e99a 0300 | 0000 0000 | 0000 498b | 8708 0100 | 0048 8d78 | 3049 3bbf | 1801 0000 | 0f87 8703 
  0x000002dc42cc8c98: 0000 4989 | bf08 0100 | 0048 c700 | 0100 0000 | 488b ca49 | ba00 0000 | 55dc 0200 | 0049 2bca 
  0x000002dc42cc8cb8: 8948 0848 | 33c9 8948 | 0c48 33c9 | 4889 4810 | 4889 4818 | 4889 4820 | 4889 4828 

  0x000002dc42cc8cd4: ;   {metadata(method data for {method} {0x000002dc55010b60} 'resolveClass' '(Ljava/lang/Class;)V' in 'java/lang/ClassLoader')}
  0x000002dc42cc8cd4: 488b d048 | bec0 7d17 | 96dc 0200 | 0048 8386 | 3001 0000 | 0148 8bd0 | 4889 8424 | c000 0000 
  0x000002dc42cc8cf4: ;   {optimized virtual_call}
  0x000002dc42cc8cf4: 6666 90e8 

  0x000002dc42cc8cf8: ; ImmutableOopMap {[152]=Oop [192]=Oop [200]=Oop [216]=Oop }
                      ;*invokespecial <init> {reexecute=0 rethrow=0 return_oop=0}
                      ; - java.lang.ClassLoader::resolveClass@8 (line 1228)
                      ; - jdk.internal.loader.BuiltinClassLoader::loadClassOrNull@128 (line 688)
  0x000002dc42cc8cf8: 8486 4107 | 488b 8424 

  0x000002dc42cc8d00: ; ImmutableOopMap {[152]=Oop [200]=Oop [216]=Oop rax=Oop }
                      ;*athrow {reexecute=1 rethrow=0 return_oop=0}
                      ; - (reexecute) java.lang.ClassLoader::resolveClass@11 (line 1228)
                      ; - jdk.internal.loader.BuiltinClassLoader::loadClassOrNull@128 (line 688)
  0x000002dc42cc8d00: c000 0000 

  0x000002dc42cc8d04: ;   {section_word}
  0x000002dc42cc8d04: 48ba 048d | cc42 dc02 

  0x000002dc42cc8d0c: ;   {runtime_call handle_exception_nofpu Runtime1 stub}
  0x000002dc42cc8d0c: 0000 e86d | e34b 0790 | 498b 87d8 | 0300 004d | 33d2 4d89 | 97d8 0300 | 004d 33d2 | 4d89 97e0 
  0x000002dc42cc8d2c: 0300 0048 | 8bf0 488d | 8424 d000 | 0000 488b | 3848 85ff | 0f84 0f00 | 0000 488b | 5808 f048 
  0x000002dc42cc8d4c: 0fb1 3b0f | 85d9 0200 | 0048 8bc6 | e906 0300 

  0x000002dc42cc8d5c: ;   {metadata({method} {0x000002dc5507edd8} 'loadClassOrNull' '(Ljava/lang/String;Z)Ljava/lang/Class;' in 'jdk/internal/loader/BuiltinClassLoader')}
  0x000002dc42cc8d5c: 0049 bad0 | ed07 55dc | 0200 004c | 8954 2408 | 48c7 0424 | ffff ffff 

  0x000002dc42cc8d74: ;   {runtime_call counter_overflow Runtime1 stub}
  0x000002dc42cc8d74: e807 1c4c 

  0x000002dc42cc8d78: ; ImmutableOopMap {rdx=Oop [128]=Oop r8=Oop }
                      ;*synchronization entry
                      ; - jdk.internal.loader.BuiltinClassLoader::loadClassOrNull@-1 (line 651)
  0x000002dc42cc8d78: 07e9 41ef 

  0x000002dc42cc8d7c: ;   {runtime_call throw_null_pointer_exception Runtime1 stub}
  0x000002dc42cc8d7c: ffff e81d 

  0x000002dc42cc8d80: ; ImmutableOopMap {[128]=Oop [136]=Oop rsi=Oop [152]=Oop }
                      ;*monitorenter {reexecute=0 rethrow=0 return_oop=0}
                      ; - jdk.internal.loader.BuiltinClassLoader::loadClassOrNull@7 (line 651)
  0x000002dc42cc8d80: c54b 0748 | 8974 2408 | 4889 1424 

  0x000002dc42cc8d8c: ;   {runtime_call monitorenter_nofpu Runtime1 stub}
  0x000002dc42cc8d8c: e8ef fa4b 

  0x000002dc42cc8d90: ; ImmutableOopMap {[128]=Oop [136]=Oop rsi=Oop [152]=Oop [216]=Oop }
                      ;*monitorenter {reexecute=0 rethrow=0 return_oop=0}
                      ; - jdk.internal.loader.BuiltinClassLoader::loadClassOrNull@7 (line 651)
  0x000002dc42cc8d90: 07e9 25f0 

  0x000002dc42cc8d94: ;   {metadata({method} {0x000002dc55010ab0} 'findLoadedClass' '(Ljava/lang/String;)Ljava/lang/Class;' in 'java/lang/ClassLoader')}
  0x000002dc42cc8d94: ffff 49ba | a80a 0155 | dc02 0000 | 4c89 5424 | 0848 c704 | 24ff ffff 

  0x000002dc42cc8dac: ;   {runtime_call counter_overflow Runtime1 stub}
  0x000002dc42cc8dac: ffe8 ce1b 

  0x000002dc42cc8db0: ; ImmutableOopMap {[128]=Oop [136]=Oop [152]=Oop [216]=Oop }
                      ;*synchronization entry
                      ; - java.lang.ClassLoader::findLoadedClass@-1 (line 1288)
                      ; - jdk.internal.loader.BuiltinClassLoader::loadClassOrNull@10 (line 653)
  0x000002dc42cc8db0: 4c07 e946 

  0x000002dc42cc8db4: ;   {runtime_call throw_null_pointer_exception Runtime1 stub}
  0x000002dc42cc8db4: f0ff ffe8 

  0x000002dc42cc8db8: ; ImmutableOopMap {[152]=Oop [136]=Oop [160]=Oop rax=Oop rdx=Oop [128]=Oop [216]=Oop }
                      ;*invokevirtual loader {reexecute=0 rethrow=0 return_oop=0}
                      ; - jdk.internal.loader.BuiltinClassLoader::loadClassOrNull@34 (line 662)
  0x000002dc42cc8db8: e4c4 4b07 

  0x000002dc42cc8dbc: ;   {metadata({method} {0x000002dc5541bc98} 'isModuleSystemInited' '()Z' in 'jdk/internal/misc/VM')}
  0x000002dc42cc8dbc: 49ba 90bc | 4155 dc02 | 0000 4c89 | 5424 0848 | c704 24ff 

  0x000002dc42cc8dd0: ;   {runtime_call counter_overflow Runtime1 stub}
  0x000002dc42cc8dd0: ffff ffe8 

  0x000002dc42cc8dd4: ; ImmutableOopMap {[152]=Oop [136]=Oop [160]=Oop rax=Oop rdx=Oop [128]=Oop [216]=Oop }
                      ;*synchronization entry
                      ; - jdk.internal.misc.VM::isModuleSystemInited@-1 (line 94)
                      ; - jdk.internal.loader.BuiltinClassLoader::loadClassOrNull@45 (line 664)
  0x000002dc42cc8dd4: a81b 4c07 | e901 f2ff 

  0x000002dc42cc8ddc: ;   {metadata({method} {0x000002dc5541ba88} 'initLevel' '()I' in 'jdk/internal/misc/VM')}
  0x000002dc42cc8ddc: ff49 ba80 | ba41 55dc | 0200 004c | 8954 2408 | 48c7 0424 | ffff ffff 

  0x000002dc42cc8df4: ;   {runtime_call counter_overflow Runtime1 stub}
  0x000002dc42cc8df4: e887 1b4c 

  0x000002dc42cc8df8: ; ImmutableOopMap {[152]=Oop [136]=Oop [160]=Oop rax=Oop rdx=Oop [128]=Oop [216]=Oop }
                      ;*synchronization entry
                      ; - jdk.internal.misc.VM::initLevel@-1 (line 73)
                      ; - jdk.internal.misc.VM::isModuleSystemInited@0 (line 94)
                      ; - jdk.internal.loader.BuiltinClassLoader::loadClassOrNull@45 (line 664)
  0x000002dc42cc8df8: 07e9 1ff2 

  0x000002dc42cc8dfc: ;   {metadata({method} {0x000002dc55436bd0} 'findClassInModuleOrNull' '(Ljdk/internal/loader/BuiltinClassLoader$LoadedModule;Ljava/lang/String;)Ljava/lang/Class;' in 'jdk/internal/loader/BuiltinClassLoader')}
  0x000002dc42cc8dfc: ffff 49ba | c86b 4355 | dc02 0000 | 4c89 5424 | 0848 c704 | 24ff ffff 

  0x000002dc42cc8e14: ;   {runtime_call counter_overflow Runtime1 stub}
  0x000002dc42cc8e14: ffe8 661b 

  0x000002dc42cc8e18: ; ImmutableOopMap {[152]=Oop rdx=Oop [128]=Oop [136]=Oop rax=Oop [216]=Oop }
                      ;*synchronization entry
                      ; - jdk.internal.loader.BuiltinClassLoader::findClassInModuleOrNull@-1 (line 740)
                      ; - jdk.internal.loader.BuiltinClassLoader::loadClassOrNull@55 (line 665)
  0x000002dc42cc8e18: 4c07 e9ec 

  0x000002dc42cc8e1c: ;   {metadata({method} {0x000002dc5501f7b8} 'getSecurityManager' '()Ljava/lang/SecurityManager;' in 'java/lang/System')}
  0x000002dc42cc8e1c: f2ff ff49 | bab0 f701 | 55dc 0200 | 004c 8954 | 2408 48c7 | 0424 ffff 

  0x000002dc42cc8e34: ;   {runtime_call counter_overflow Runtime1 stub}
  0x000002dc42cc8e34: ffff e845 

  0x000002dc42cc8e38: ; ImmutableOopMap {[152]=Oop rdx=Oop [128]=Oop [136]=Oop rax=Oop [216]=Oop }
                      ;*synchronization entry
                      ; - java.lang.System::getSecurityManager@-1 (line 484)
                      ; - jdk.internal.loader.BuiltinClassLoader::findClassInModuleOrNull@0 (line 740)
                      ; - jdk.internal.loader.BuiltinClassLoader::loadClassOrNull@55 (line 665)
  0x000002dc42cc8e38: 1b4c 07e9 | 0af3 ffff 

  0x000002dc42cc8e40: ;   {metadata({method} {0x000002dc5501f8d0} 'allowSecurityManager' '()Z' in 'java/lang/System')}
  0x000002dc42cc8e40: 49ba c8f8 | 0155 dc02 | 0000 4c89 | 5424 0848 | c704 24ff 

  0x000002dc42cc8e54: ;   {runtime_call counter_overflow Runtime1 stub}
  0x000002dc42cc8e54: ffff ffe8 

  0x000002dc42cc8e58: ; ImmutableOopMap {[152]=Oop rdx=Oop [128]=Oop [136]=Oop rax=Oop [216]=Oop }
                      ;*synchronization entry
                      ; - java.lang.System::allowSecurityManager@-1 (line 194)
                      ; - java.lang.System::getSecurityManager@0 (line 484)
                      ; - jdk.internal.loader.BuiltinClassLoader::findClassInModuleOrNull@0 (line 740)
                      ; - jdk.internal.loader.BuiltinClassLoader::loadClassOrNull@55 (line 665)
  0x000002dc42cc8e58: 241b 4c07 | e928 f3ff | ff48 bf00 | 0000 0000 | 0000 00b8 | 000f 050a 

  0x000002dc42cc8e70: ;   {runtime_call load_appendix_patching Runtime1 stub}
  0x000002dc42cc8e70: e88b 134c 

  0x000002dc42cc8e74: ; ImmutableOopMap {[152]=Oop [128]=Oop [136]=Oop rax=Oop [216]=Oop }
                      ;*invokedynamic {reexecute=1 rethrow=0 return_oop=0}
                      ; - (reexecute) jdk.internal.loader.BuiltinClassLoader::findClassInModuleOrNull@16 (line 743)
                      ; - jdk.internal.loader.BuiltinClassLoader::loadClassOrNull@55 (line 665)
  0x000002dc42cc8e74: 07e9 bef3 

  0x000002dc42cc8e78: ;   {metadata({method} {0x000002dc55435e80} 'doPrivileged' '(Ljava/security/PrivilegedAction;)Ljava/lang/Object;' in 'java/security/AccessController')}
  0x000002dc42cc8e78: ffff 49ba | 785e 4355 | dc02 0000 | 4c89 5424 | 0848 c704 | 24ff ffff 

  0x000002dc42cc8e90: ;   {runtime_call counter_overflow Runtime1 stub}
  0x000002dc42cc8e90: ffe8 ea1a 

  0x000002dc42cc8e94: ; ImmutableOopMap {[152]=Oop [128]=Oop rax=Oop [216]=Oop }
                      ;*synchronization entry
                      ; - java.security.AccessController::doPrivileged@-1 (line 318)
                      ; - jdk.internal.loader.BuiltinClassLoader::findClassInModuleOrNull@23 (line 744)
                      ; - jdk.internal.loader.BuiltinClassLoader::loadClassOrNull@55 (line 665)
  0x000002dc42cc8e94: 4c07 e96a 

  0x000002dc42cc8e98: ;   {metadata({method} {0x000002dc55435450} 'executePrivileged' '(Ljava/security/PrivilegedAction;Ljava/security/AccessControlContext;Ljava/lang/Class;)Ljava/lang/Object;' in 'java/security/AccessController')}
  0x000002dc42cc8e98: f4ff ff49 | ba48 5443 | 55dc 0200 | 004c 8954 | 2408 48c7 | 0424 ffff 

  0x000002dc42cc8eb0: ;   {runtime_call counter_overflow Runtime1 stub}
  0x000002dc42cc8eb0: ffff e8c9 

  0x000002dc42cc8eb4: ; ImmutableOopMap {[152]=Oop [128]=Oop [168]=Oop rax=Oop [176]=Oop [216]=Oop }
                      ;*synchronization entry
                      ; - java.security.AccessController::executePrivileged@-1 (line 771)
                      ; - java.security.AccessController::doPrivileged@5 (line 318)
                      ; - jdk.internal.loader.BuiltinClassLoader::findClassInModuleOrNull@23 (line 744)
                      ; - jdk.internal.loader.BuiltinClassLoader::loadClassOrNull@55 (line 665)
  0x000002dc42cc8eb4: 1a4c 07e9 | aaf4 ffff 

  0x000002dc42cc8ebc: ;   {runtime_call throw_null_pointer_exception Runtime1 stub}
  0x000002dc42cc8ebc: e8df c34b 

  0x000002dc42cc8ec0: ; ImmutableOopMap {[152]=Oop [128]=Oop [176]=Oop rax=Oop [216]=Oop }
                      ;*invokeinterface run {reexecute=0 rethrow=0 return_oop=0}
                      ; - java.security.AccessController::executePrivileged@29 (line 776)
                      ; - java.security.AccessController::doPrivileged@5 (line 318)
                      ; - jdk.internal.loader.BuiltinClassLoader::findClassInModuleOrNull@23 (line 744)
                      ; - jdk.internal.loader.BuiltinClassLoader::loadClassOrNull@55 (line 665)
                      ;   {metadata({method} {0x000002dc553dd620} 'reachabilityFence' '(Ljava/lang/Object;)V' in 'java/lang/ref/Reference')}
  0x000002dc42cc8ec0: 0749 ba18 | d63d 55dc | 0200 004c | 8954 2408 | 48c7 0424 | ffff ffff 

  0x000002dc42cc8ed8: ;   {runtime_call counter_overflow Runtime1 stub}
  0x000002dc42cc8ed8: e8a3 1a4c 

  0x000002dc42cc8edc: ; ImmutableOopMap {[152]=Oop [128]=Oop [184]=Oop [176]=Oop [216]=Oop }
                      ;*synchronization entry
                      ; - java.lang.ref.Reference::reachabilityFence@-1 (line 621)
                      ; - java.security.AccessController::executePrivileged@60 (line 788)
                      ; - java.security.AccessController::doPrivileged@5 (line 318)
                      ; - jdk.internal.loader.BuiltinClassLoader::findClassInModuleOrNull@23 (line 744)
                      ; - jdk.internal.loader.BuiltinClassLoader::loadClassOrNull@55 (line 665)
  0x000002dc42cc8edc: 07e9 d1f5 

  0x000002dc42cc8ee0: ;   {metadata({method} {0x000002dc553dd620} 'reachabilityFence' '(Ljava/lang/Object;)V' in 'java/lang/ref/Reference')}
  0x000002dc42cc8ee0: ffff 49ba | 18d6 3d55 | dc02 0000 | 4c89 5424 | 0848 c704 | 24ff ffff 

  0x000002dc42cc8ef8: ;   {runtime_call counter_overflow Runtime1 stub}
  0x000002dc42cc8ef8: ffe8 821a 

  0x000002dc42cc8efc: ; ImmutableOopMap {[152]=Oop [128]=Oop [184]=Oop [216]=Oop }
                      ;*synchronization entry
                      ; - java.lang.ref.Reference::reachabilityFence@-1 (line 621)
                      ; - java.security.AccessController::executePrivileged@64 (line 789)
                      ; - java.security.AccessController::doPrivileged@5 (line 318)
                      ; - jdk.internal.loader.BuiltinClassLoader::findClassInModuleOrNull@23 (line 744)
                      ; - jdk.internal.loader.BuiltinClassLoader::loadClassOrNull@55 (line 665)
  0x000002dc42cc8efc: 4c07 e9ef | f5ff ff48 

  0x000002dc42cc8f04: ;   {runtime_call throw_class_cast_exception Runtime1 stub}
  0x000002dc42cc8f04: 8904 24e8 

  0x000002dc42cc8f08: ; ImmutableOopMap {[152]=Oop [128]=Oop [216]=Oop }
                      ;*checkcast {reexecute=0 rethrow=0 return_oop=0}
                      ; - jdk.internal.loader.BuiltinClassLoader::findClassInModuleOrNull@26 (line 744)
                      ; - jdk.internal.loader.BuiltinClassLoader::loadClassOrNull@55 (line 665)
  0x000002dc42cc8f08: 94ed 4b07 

  0x000002dc42cc8f0c: ;   {runtime_call throw_null_pointer_exception Runtime1 stub}
  0x000002dc42cc8f0c: e88f c34b 

  0x000002dc42cc8f10: ; ImmutableOopMap {[152]=Oop [128]=Oop rsi=Oop [136]=Oop [216]=Oop }
                      ;*invokevirtual loadClassOrNull {reexecute=0 rethrow=0 return_oop=0}
                      ; - jdk.internal.loader.BuiltinClassLoader::loadClassOrNull@66 (line 669)
                      ;   {metadata({method} {0x000002dc55436c80} 'loadClassOrNull' '(Ljava/lang/String;)Ljava/lang/Class;' in 'jdk/internal/loader/BuiltinClassLoader')}
  0x000002dc42cc8f10: 0749 ba78 | 6c43 55dc | 0200 004c | 8954 2408 | 48c7 0424 | ffff ffff 

  0x000002dc42cc8f28: ;   {runtime_call counter_overflow Runtime1 stub}
  0x000002dc42cc8f28: e853 1a4c 

  0x000002dc42cc8f2c: ; ImmutableOopMap {[152]=Oop [128]=Oop rsi=Oop [136]=Oop [216]=Oop }
                      ;*synchronization entry
                      ; - jdk.internal.loader.BuiltinClassLoader::loadClassOrNull@-1 (line 700)
                      ; - jdk.internal.loader.BuiltinClassLoader::loadClassOrNull@66 (line 669)
  0x000002dc42cc8f2c: 07e9 1bf7 

  0x000002dc42cc8f30: ;   {runtime_call throw_null_pointer_exception Runtime1 stub}
  0x000002dc42cc8f30: ffff e869 

  0x000002dc42cc8f34: ; ImmutableOopMap {[152]=Oop [136]=Oop [128]=Oop rsi=Oop [216]=Oop }
                      ;*invokevirtual loadClassOrNull {reexecute=0 rethrow=0 return_oop=0}
                      ; - jdk.internal.loader.BuiltinClassLoader::loadClassOrNull@86 (line 676)
                      ;   {metadata({method} {0x000002dc55436c80} 'loadClassOrNull' '(Ljava/lang/String;)Ljava/lang/Class;' in 'jdk/internal/loader/BuiltinClassLoader')}
  0x000002dc42cc8f34: c34b 0749 | ba78 6c43 | 55dc 0200 | 004c 8954 | 2408 48c7 | 0424 ffff 

  0x000002dc42cc8f4c: ;   {runtime_call counter_overflow Runtime1 stub}
  0x000002dc42cc8f4c: ffff e82d 

  0x000002dc42cc8f50: ; ImmutableOopMap {[152]=Oop [136]=Oop [128]=Oop rsi=Oop [216]=Oop }
                      ;*synchronization entry
                      ; - jdk.internal.loader.BuiltinClassLoader::loadClassOrNull@-1 (line 700)
                      ; - jdk.internal.loader.BuiltinClassLoader::loadClassOrNull@86 (line 676)
  0x000002dc42cc8f50: 1a4c 07e9 | 56f8 ffff 

  0x000002dc42cc8f58: ;   {metadata({method} {0x000002dc5507ed80} 'hasClassPath' '()Z' in 'jdk/internal/loader/BuiltinClassLoader')}
  0x000002dc42cc8f58: 49ba 78ed | 0755 dc02 | 0000 4c89 | 5424 0848 | c704 24ff 

  0x000002dc42cc8f6c: ;   {runtime_call counter_overflow Runtime1 stub}
  0x000002dc42cc8f6c: ffff ffe8 

  0x000002dc42cc8f70: ; ImmutableOopMap {[152]=Oop rdx=Oop [128]=Oop rsi=Oop [136]=Oop [216]=Oop }
                      ;*synchronization entry
                      ; - jdk.internal.loader.BuiltinClassLoader::hasClassPath@-1 (line 223)
                      ; - jdk.internal.loader.BuiltinClassLoader::loadClassOrNull@97 (line 680)
  0x000002dc42cc8f70: 0c1a 4c07 | e9f6 f9ff 

  0x000002dc42cc8f78: ;   {metadata({method} {0x000002dc5541bc98} 'isModuleSystemInited' '()Z' in 'jdk/internal/misc/VM')}
  0x000002dc42cc8f78: ff49 ba90 | bc41 55dc | 0200 004c | 8954 2408 | 48c7 0424 | ffff ffff 

  0x000002dc42cc8f90: ;   {runtime_call counter_overflow Runtime1 stub}
  0x000002dc42cc8f90: e8eb 194c 

  0x000002dc42cc8f94: ; ImmutableOopMap {[152]=Oop rdx=Oop [128]=Oop [136]=Oop rsi=Oop [216]=Oop }
                      ;*synchronization entry
                      ; - jdk.internal.misc.VM::isModuleSystemInited@-1 (line 94)
                      ; - jdk.internal.loader.BuiltinClassLoader::loadClassOrNull@103 (line 680)
  0x000002dc42cc8f94: 07e9 a3fa 

  0x000002dc42cc8f98: ;   {metadata({method} {0x000002dc5541ba88} 'initLevel' '()I' in 'jdk/internal/misc/VM')}
  0x000002dc42cc8f98: ffff 49ba | 80ba 4155 | dc02 0000 | 4c89 5424 | 0848 c704 | 24ff ffff 

  0x000002dc42cc8fb0: ;   {runtime_call counter_overflow Runtime1 stub}
  0x000002dc42cc8fb0: ffe8 ca19 

  0x000002dc42cc8fb4: ; ImmutableOopMap {[152]=Oop rdx=Oop [128]=Oop [136]=Oop rsi=Oop [216]=Oop }
                      ;*synchronization entry
                      ; - jdk.internal.misc.VM::initLevel@-1 (line 73)
                      ; - jdk.internal.misc.VM::isModuleSystemInited@0 (line 94)
                      ; - jdk.internal.loader.BuiltinClassLoader::loadClassOrNull@103 (line 680)
  0x000002dc42cc8fb4: 4c07 e9be 

  0x000002dc42cc8fb8: ;   {metadata({method} {0x000002dc55010b60} 'resolveClass' '(Ljava/lang/Class;)V' in 'java/lang/ClassLoader')}
  0x000002dc42cc8fb8: faff ff49 | ba58 0b01 | 55dc 0200 | 004c 8954 | 2408 48c7 | 0424 ffff 

  0x000002dc42cc8fd0: ;   {runtime_call counter_overflow Runtime1 stub}
  0x000002dc42cc8fd0: ffff e8a9 

  0x000002dc42cc8fd4: ; ImmutableOopMap {rsi=Oop [152]=Oop [216]=Oop }
                      ;*synchronization entry
                      ; - java.lang.ClassLoader::resolveClass@-1 (line 1227)
                      ; - jdk.internal.loader.BuiltinClassLoader::loadClassOrNull@128 (line 688)
  0x000002dc42cc8fd4: 194c 07e9 | 1dfc ffff | 488d 8424 | d000 0000 | 4889 0424 

  0x000002dc42cc8fe8: ;   {runtime_call monitorexit_nofpu Runtime1 stub}
  0x000002dc42cc8fe8: e893 fe4b | 07e9 5efc 

  0x000002dc42cc8ff0: ;   {internal_word}
  0x000002dc42cc8ff0: ffff 49ba | 5b8c cc42 | dc02 0000 | 4d89 9760 

  0x000002dc42cc9000: ;   {runtime_call SafepointBlob}
  0x000002dc42cc9000: 0300 00e9 | f8e9 4107 

  0x000002dc42cc9008: ;   {metadata(NULL)}
  0x000002dc42cc9008: 48ba 0000 | 0000 0000 | 0000 b800 

  0x000002dc42cc9014: ;   {runtime_call load_klass_patching Runtime1 stub}
  0x000002dc42cc9014: 0f05 0ae8 

  0x000002dc42cc9018: ; ImmutableOopMap {[200]=Oop [152]=Oop [216]=Oop }
                      ;*new {reexecute=1 rethrow=0 return_oop=0}
                      ; - (reexecute) java.lang.ClassLoader::resolveClass@4 (line 1228)
                      ; - jdk.internal.loader.BuiltinClassLoader::loadClassOrNull@128 (line 688)
  0x000002dc42cc9018: e408 4c07 | e957 fcff | ff48 8bd2 

  0x000002dc42cc9024: ;   {runtime_call fast_new_instance Runtime1 stub}
  0x000002dc42cc9024: e857 ce4b 

  0x000002dc42cc9028: ; ImmutableOopMap {[200]=Oop [152]=Oop [216]=Oop }
                      ;*new {reexecute=0 rethrow=0 return_oop=0}
                      ; - java.lang.ClassLoader::resolveClass@4 (line 1228)
                      ; - jdk.internal.loader.BuiltinClassLoader::loadClassOrNull@128 (line 688)
  0x000002dc42cc9028: 07e9 a6fc | ffff 488d | 8424 d000 | 0000 4889 

  0x000002dc42cc9038: ;   {runtime_call monitorexit_nofpu Runtime1 stub}
  0x000002dc42cc9038: 0424 e841 | fe4b 07e9 | 11fd ffff | 9090 498b | 87d8 0300 | 0049 c787 | d803 0000 | 0000 0000 
  0x000002dc42cc9058: 49c7 87e0 | 0300 0000 | 0000 0048 | 81c4 f000 

  0x000002dc42cc9068: ;   {runtime_call unwind_exception Runtime1 stub}
  0x000002dc42cc9068: 0000 5de9 | 90dc 4207 | f4f4 f4f4 | f4f4 f4f4 | f4f4 f4f4 | f4f4 f4f4 
[Stub Code]
  0x000002dc42cc9080: ;   {no_reloc}
  0x000002dc42cc9080: 0f1f 4400 

  0x000002dc42cc9084: ;   {static_stub}
  0x000002dc42cc9084: 0048 bb00 | 0000 0000 

  0x000002dc42cc908c: ;   {runtime_call}
  0x000002dc42cc908c: 0000 00e9 | fbff ffff 

  0x000002dc42cc9094: ;   {static_stub}
  0x000002dc42cc9094: 9048 bb00 | 0000 0000 

  0x000002dc42cc909c: ;   {runtime_call}
  0x000002dc42cc909c: 0000 00e9 | fbff ffff 

  0x000002dc42cc90a4: ;   {static_stub}
  0x000002dc42cc90a4: 9048 bb00 | 0000 0000 

  0x000002dc42cc90ac: ;   {runtime_call}
  0x000002dc42cc90ac: 0000 00e9 | fbff ffff 

  0x000002dc42cc90b4: ;   {static_stub}
  0x000002dc42cc90b4: 9048 bb60 | 6943 55dc 

  0x000002dc42cc90bc: ;   {runtime_call I2C/C2I adapters}
  0x000002dc42cc90bc: 0200 00e9 | 99d5 4107 

  0x000002dc42cc90c4: ;   {static_stub}
  0x000002dc42cc90c4: 9048 bb58 | 6843 55dc 

  0x000002dc42cc90cc: ;   {runtime_call I2C/C2I adapters}
  0x000002dc42cc90cc: 0200 00e9 | 0d49 4107 

  0x000002dc42cc90d4: ;   {static_stub}
  0x000002dc42cc90d4: 9048 bb00 | 0000 0000 

  0x000002dc42cc90dc: ;   {runtime_call}
  0x000002dc42cc90dc: 0000 00e9 | fbff ffff 

  0x000002dc42cc90e4: ;   {static_stub}
  0x000002dc42cc90e4: 9048 bb00 | 0000 0000 

  0x000002dc42cc90ec: ;   {runtime_call}
  0x000002dc42cc90ec: 0000 00e9 | fbff ffff 

  0x000002dc42cc90f4: ;   {static_stub}
  0x000002dc42cc90f4: 9048 bb00 | 0000 0000 

  0x000002dc42cc90fc: ;   {runtime_call}
  0x000002dc42cc90fc: 0000 00e9 | fbff ffff 

  0x000002dc42cc9104: ;   {static_stub}
  0x000002dc42cc9104: 9048 bb00 | 0000 0000 

  0x000002dc42cc910c: ;   {runtime_call}
  0x000002dc42cc910c: 0000 00e9 | fbff ffff 

  0x000002dc42cc9114: ;   {static_stub}
  0x000002dc42cc9114: 9048 bb00 | 0000 0000 

  0x000002dc42cc911c: ;   {runtime_call}
  0x000002dc42cc911c: 0000 00e9 | fbff ffff 

  0x000002dc42cc9124: ;   {static_stub}
  0x000002dc42cc9124: 9048 bb00 | 0000 0000 

  0x000002dc42cc912c: ;   {runtime_call}
  0x000002dc42cc912c: 0000 00e9 | fbff ffff 

  0x000002dc42cc9134: ;   {static_stub}
  0x000002dc42cc9134: 9048 bb00 | 0000 0000 

  0x000002dc42cc913c: ;   {runtime_call}
  0x000002dc42cc913c: 0000 00e9 | fbff ffff 

  0x000002dc42cc9144: ;   {static_stub}
  0x000002dc42cc9144: 9048 bb00 | 0000 0000 

  0x000002dc42cc914c: ;   {runtime_call}
  0x000002dc42cc914c: 0000 00e9 | fbff ffff 
[Exception Handler]
  0x000002dc42cc9154: ;   {runtime_call handle_exception_from_callee Runtime1 stub}
  0x000002dc42cc9154: e827 e54b 

  0x000002dc42cc9158: ;   {external_word}
  0x000002dc42cc9158: 0748 b940 | ba28 9bfd | 7f00 0048 

  0x000002dc42cc9164: ;   {runtime_call}
  0x000002dc42cc9164: 83e4 f049 | ba40 34f1 | 9afd 7f00 | 0041 ffd2 

  0x000002dc42cc9174: ;   {section_word}
  0x000002dc42cc9174: f449 ba75 | 91cc 42dc | 0200 0041 

  0x000002dc42cc9180: ;   {runtime_call DeoptimizationBlob}
  0x000002dc42cc9180: 52e9 1adb | 4107 f4f4 
[/MachCode]


---------------  P R O C E S S  ---------------

Threads class SMR info:
_java_thread_list=0x000002dc9a8bcb80, length=13, elements={
0x000002dc3b009e50, 0x000002dc3b0a7880, 0x000002dc3b0a8b60, 0x000002dc541c3d40,
0x000002dc541c6620, 0x000002dc541c6ef0, 0x000002dc541c8f70, 0x000002dc541ce570,
0x000002dc541d1240, 0x000002dc541dbad0, 0x000002dc54318000, 0x000002dc5431e7a0,
0x000002dc9a499a90
}

Java Threads: ( => current thread )
=>0x000002dc3b009e50 JavaThread "main" [_thread_in_vm, id=12172, stack(0x000000f5fb700000,0x000000f5fb800000)]
  0x000002dc3b0a7880 JavaThread "Reference Handler" daemon [_thread_blocked, id=12664, stack(0x000000f5fbe00000,0x000000f5fbf00000)]
  0x000002dc3b0a8b60 JavaThread "Finalizer" daemon [_thread_blocked, id=16132, stack(0x000000f5fbf00000,0x000000f5fc000000)]
  0x000002dc541c3d40 JavaThread "Signal Dispatcher" daemon [_thread_blocked, id=12692, stack(0x000000f5fc000000,0x000000f5fc100000)]
  0x000002dc541c6620 JavaThread "Attach Listener" daemon [_thread_blocked, id=16032, stack(0x000000f5fc100000,0x000000f5fc200000)]
  0x000002dc541c6ef0 JavaThread "Service Thread" daemon [_thread_blocked, id=1536, stack(0x000000f5fc200000,0x000000f5fc300000)]
  0x000002dc541c8f70 JavaThread "Monitor Deflation Thread" daemon [_thread_blocked, id=8788, stack(0x000000f5fc300000,0x000000f5fc400000)]
  0x000002dc541ce570 JavaThread "C2 CompilerThread0" daemon [_thread_blocked, id=10660, stack(0x000000f5fc400000,0x000000f5fc500000)]
  0x000002dc541d1240 JavaThread "C1 CompilerThread0" daemon [_thread_blocked, id=13244, stack(0x000000f5fc500000,0x000000f5fc600000)]
  0x000002dc541dbad0 JavaThread "Sweeper thread" daemon [_thread_blocked, id=14752, stack(0x000000f5fc600000,0x000000f5fc700000)]
  0x000002dc54318000 JavaThread "Notification Thread" daemon [_thread_blocked, id=8608, stack(0x000000f5fc700000,0x000000f5fc800000)]
  0x000002dc5431e7a0 JavaThread "Common-Cleaner" daemon [_thread_blocked, id=14772, stack(0x000000f5fc900000,0x000000f5fca00000)]
  0x000002dc9a499a90 JavaThread "pool-1-thread-1" [_thread_blocked, id=18380, stack(0x000000f5fce00000,0x000000f5fcf00000)]

Other Threads:
  0x000002dc3b0a2c70 VMThread "VM Thread" [stack: 0x000000f5fbd00000,0x000000f5fbe00000] [id=1064]
  0x000002dc543184e0 WatcherThread [stack: 0x000000f5fc800000,0x000000f5fc900000] [id=16428]
  0x000002dc3b02a370 GCTaskThread "GC Thread#0" [stack: 0x000000f5fb800000,0x000000f5fb900000] [id=14252]
  0x000002dc54585fa0 GCTaskThread "GC Thread#1" [stack: 0x000000f5fca00000,0x000000f5fcb00000] [id=12080]
  0x000002dc5458ba10 GCTaskThread "GC Thread#2" [stack: 0x000000f5fcb00000,0x000000f5fcc00000] [id=17448]
  0x000002dc5458bcd0 GCTaskThread "GC Thread#3" [stack: 0x000000f5fcc00000,0x000000f5fcd00000] [id=17236]
  0x000002dc3b02b9d0 ConcurrentGCThread "G1 Main Marker" [stack: 0x000000f5fb900000,0x000000f5fba00000] [id=8896]
  0x000002dc3b02d5e0 ConcurrentGCThread "G1 Conc#0" [stack: 0x000000f5fba00000,0x000000f5fbb00000] [id=18076]
  0x000002dc3b081f80 ConcurrentGCThread "G1 Refine#0" [stack: 0x000000f5fbb00000,0x000000f5fbc00000] [id=18676]
  0x000002dc3b083770 ConcurrentGCThread "G1 Service" [stack: 0x000000f5fbc00000,0x000000f5fbd00000] [id=5480]

Threads with active compile tasks:

VM state: synchronizing (normal execution)

VM Mutex/Monitor currently owned by a thread:  ([mutex/lock_event])
[0x000002dc3b005ce0] Threads_lock - owner thread: 0x000002dc3b0a2c70

Heap address: 0x00000000fc000000, size: 64 MB, Compressed Oops mode: 32-bit

CDS archive(s) mapped at: [0x000002dc55000000-0x000002dc55bb0000-0x000002dc55bb0000), size 12255232, SharedBaseAddress: 0x000002dc55000000, ArchiveRelocationMode: 1.
Compressed class space mapped at: 0x000002dc56000000-0x000002dc96000000, reserved size: 1073741824
Narrow klass base: 0x000002dc55000000, Narrow klass shift: 0, Narrow klass range: 0x100000000

GC Precious Log:
 CPUs: 4 total, 4 available
 Memory: 10116M
 Large Page Support: Disabled
 NUMA Support: Disabled
 Compressed Oops: Enabled (32-bit)
 Heap Region Size: 1M
 Heap Min Capacity: 64M
 Heap Initial Capacity: 64M
 Heap Max Capacity: 64M
 Pre-touch: Disabled
 Parallel Workers: 4
 Concurrent Workers: 1
 Concurrent Refinement Workers: 4
 Periodic GC: Disabled

Heap:
 garbage-first heap   total 65536K, used 35204K [0x00000000fc000000, 0x0000000100000000)
  region size 1024K, 29 young (29696K), 3 survivors (3072K)
 Metaspace       used 9254K, committed 9472K, reserved 1114112K
  class space    used 1220K, committed 1344K, reserved 1048576K

Heap Regions: E=young(eden), S=young(survivor), O=old, HS=humongous(starts), HC=humongous(continues), CS=collection set, F=free, OA=open archive, CA=closed archive, TAMS=top-at-mark-start (previous, next)
|   0|0x00000000fc000000, 0x00000000fc100000, 0x00000000fc100000|100%|HS|  |TAMS 0x00000000fc000000, 0x00000000fc000000| Complete 
|   1|0x00000000fc100000, 0x00000000fc200000, 0x00000000fc200000|100%|HC|  |TAMS 0x00000000fc100000, 0x00000000fc100000| Complete 
|   2|0x00000000fc200000, 0x00000000fc300000, 0x00000000fc300000|100%|HC|  |TAMS 0x00000000fc200000, 0x00000000fc200000| Complete 
|   3|0x00000000fc300000, 0x00000000fc400000, 0x00000000fc400000|100%| O|  |TAMS 0x00000000fc300000, 0x00000000fc300000| Untracked 
|   4|0x00000000fc400000, 0x00000000fc500000, 0x00000000fc500000|100%| O|  |TAMS 0x00000000fc400000, 0x00000000fc400000| Untracked 
|   5|0x00000000fc500000, 0x00000000fc600000, 0x00000000fc600000|100%| O|  |TAMS 0x00000000fc500000, 0x00000000fc500000| Untracked 
|   6|0x00000000fc600000, 0x00000000fc661200, 0x00000000fc700000| 37%| O|  |TAMS 0x00000000fc600000, 0x00000000fc600000| Untracked 
|   7|0x00000000fc700000, 0x00000000fc700000, 0x00000000fc800000|  0%| F|  |TAMS 0x00000000fc700000, 0x00000000fc700000| Untracked 
|   8|0x00000000fc800000, 0x00000000fc800000, 0x00000000fc900000|  0%| F|  |TAMS 0x00000000fc800000, 0x00000000fc800000| Untracked 
|   9|0x00000000fc900000, 0x00000000fc900000, 0x00000000fca00000|  0%| F|  |TAMS 0x00000000fc900000, 0x00000000fc900000| Untracked 
|  10|0x00000000fca00000, 0x00000000fca00000, 0x00000000fcb00000|  0%| F|  |TAMS 0x00000000fca00000, 0x00000000fca00000| Untracked 
|  11|0x00000000fcb00000, 0x00000000fcb00000, 0x00000000fcc00000|  0%| F|  |TAMS 0x00000000fcb00000, 0x00000000fcb00000| Untracked 
|  12|0x00000000fcc00000, 0x00000000fcc00000, 0x00000000fcd00000|  0%| F|  |TAMS 0x00000000fcc00000, 0x00000000fcc00000| Untracked 
|  13|0x00000000fcd00000, 0x00000000fcd00000, 0x00000000fce00000|  0%| F|  |TAMS 0x00000000fcd00000, 0x00000000fcd00000| Untracked 
|  14|0x00000000fce00000, 0x00000000fce00000, 0x00000000fcf00000|  0%| F|  |TAMS 0x00000000fce00000, 0x00000000fce00000| Untracked 
|  15|0x00000000fcf00000, 0x00000000fcf00000, 0x00000000fd000000|  0%| F|  |TAMS 0x00000000fcf00000, 0x00000000fcf00000| Untracked 
|  16|0x00000000fd000000, 0x00000000fd000000, 0x00000000fd100000|  0%| F|  |TAMS 0x00000000fd000000, 0x00000000fd000000| Untracked 
|  17|0x00000000fd100000, 0x00000000fd100000, 0x00000000fd200000|  0%| F|  |TAMS 0x00000000fd100000, 0x00000000fd100000| Untracked 
|  18|0x00000000fd200000, 0x00000000fd200000, 0x00000000fd300000|  0%| F|  |TAMS 0x00000000fd200000, 0x00000000fd200000| Untracked 
|  19|0x00000000fd300000, 0x00000000fd300000, 0x00000000fd400000|  0%| F|  |TAMS 0x00000000fd300000, 0x00000000fd300000| Untracked 
|  20|0x00000000fd400000, 0x00000000fd400000, 0x00000000fd500000|  0%| F|  |TAMS 0x00000000fd400000, 0x00000000fd400000| Untracked 
|  21|0x00000000fd500000, 0x00000000fd500000, 0x00000000fd600000|  0%| F|  |TAMS 0x00000000fd500000, 0x00000000fd500000| Untracked 
|  22|0x00000000fd600000, 0x00000000fd600000, 0x00000000fd700000|  0%| F|  |TAMS 0x00000000fd600000, 0x00000000fd600000| Untracked 
|  23|0x00000000fd700000, 0x00000000fd700000, 0x00000000fd800000|  0%| F|  |TAMS 0x00000000fd700000, 0x00000000fd700000| Untracked 
|  24|0x00000000fd800000, 0x00000000fd800000, 0x00000000fd900000|  0%| F|  |TAMS 0x00000000fd800000, 0x00000000fd800000| Untracked 
|  25|0x00000000fd900000, 0x00000000fd900000, 0x00000000fda00000|  0%| F|  |TAMS 0x00000000fd900000, 0x00000000fd900000| Untracked 
|  26|0x00000000fda00000, 0x00000000fda00000, 0x00000000fdb00000|  0%| F|  |TAMS 0x00000000fda00000, 0x00000000fda00000| Untracked 
|  27|0x00000000fdb00000, 0x00000000fdb00000, 0x00000000fdc00000|  0%| F|  |TAMS 0x00000000fdb00000, 0x00000000fdb00000| Untracked 
|  28|0x00000000fdc00000, 0x00000000fdc00000, 0x00000000fdd00000|  0%| F|  |TAMS 0x00000000fdc00000, 0x00000000fdc00000| Untracked 
|  29|0x00000000fdd00000, 0x00000000fdd00000, 0x00000000fde00000|  0%| F|  |TAMS 0x00000000fdd00000, 0x00000000fdd00000| Untracked 
|  30|0x00000000fde00000, 0x00000000fde00000, 0x00000000fdf00000|  0%| F|  |TAMS 0x00000000fde00000, 0x00000000fde00000| Untracked 
|  31|0x00000000fdf00000, 0x00000000fdf00000, 0x00000000fe000000|  0%| F|  |TAMS 0x00000000fdf00000, 0x00000000fdf00000| Untracked 
|  32|0x00000000fe000000, 0x00000000fe000000, 0x00000000fe100000|  0%| F|  |TAMS 0x00000000fe000000, 0x00000000fe000000| Untracked 
|  33|0x00000000fe100000, 0x00000000fe100000, 0x00000000fe200000|  0%| F|  |TAMS 0x00000000fe100000, 0x00000000fe100000| Untracked 
|  34|0x00000000fe200000, 0x00000000fe200000, 0x00000000fe300000|  0%| F|  |TAMS 0x00000000fe200000, 0x00000000fe200000| Untracked 
|  35|0x00000000fe300000, 0x00000000fe400000, 0x00000000fe400000|100%| E|  |TAMS 0x00000000fe300000, 0x00000000fe300000| Complete 
|  36|0x00000000fe400000, 0x00000000fe500000, 0x00000000fe500000|100%| E|CS|TAMS 0x00000000fe400000, 0x00000000fe400000| Complete 
|  37|0x00000000fe500000, 0x00000000fe600000, 0x00000000fe600000|100%| E|CS|TAMS 0x00000000fe500000, 0x00000000fe500000| Complete 
|  38|0x00000000fe600000, 0x00000000fe700000, 0x00000000fe700000|100%| E|CS|TAMS 0x00000000fe600000, 0x00000000fe600000| Complete 
|  39|0x00000000fe700000, 0x00000000fe800000, 0x00000000fe800000|100%| E|CS|TAMS 0x00000000fe700000, 0x00000000fe700000| Complete 
|  40|0x00000000fe800000, 0x00000000fe900000, 0x00000000fe900000|100%| E|CS|TAMS 0x00000000fe800000, 0x00000000fe800000| Complete 
|  41|0x00000000fe900000, 0x00000000fea00000, 0x00000000fea00000|100%| S|CS|TAMS 0x00000000fe900000, 0x00000000fe900000| Complete 
|  42|0x00000000fea00000, 0x00000000feb00000, 0x00000000feb00000|100%| S|CS|TAMS 0x00000000fea00000, 0x00000000fea00000| Complete 
|  43|0x00000000feb00000, 0x00000000fec00000, 0x00000000fec00000|100%| S|CS|TAMS 0x00000000feb00000, 0x00000000feb00000| Complete 
|  44|0x00000000fec00000, 0x00000000fed00000, 0x00000000fed00000|100%| E|CS|TAMS 0x00000000fec00000, 0x00000000fec00000| Complete 
|  45|0x00000000fed00000, 0x00000000fee00000, 0x00000000fee00000|100%| E|CS|TAMS 0x00000000fed00000, 0x00000000fed00000| Complete 
|  46|0x00000000fee00000, 0x00000000fef00000, 0x00000000fef00000|100%| E|CS|TAMS 0x00000000fee00000, 0x00000000fee00000| Complete 
|  47|0x00000000fef00000, 0x00000000ff000000, 0x00000000ff000000|100%| E|CS|TAMS 0x00000000fef00000, 0x00000000fef00000| Complete 
|  48|0x00000000ff000000, 0x00000000ff100000, 0x00000000ff100000|100%| E|CS|TAMS 0x00000000ff000000, 0x00000000ff000000| Complete 
|  49|0x00000000ff100000, 0x00000000ff200000, 0x00000000ff200000|100%| E|CS|TAMS 0x00000000ff100000, 0x00000000ff100000| Complete 
|  50|0x00000000ff200000, 0x00000000ff300000, 0x00000000ff300000|100%| E|CS|TAMS 0x00000000ff200000, 0x00000000ff200000| Complete 
|  51|0x00000000ff300000, 0x00000000ff400000, 0x00000000ff400000|100%| E|CS|TAMS 0x00000000ff300000, 0x00000000ff300000| Complete 
|  52|0x00000000ff400000, 0x00000000ff500000, 0x00000000ff500000|100%| E|CS|TAMS 0x00000000ff400000, 0x00000000ff400000| Complete 
|  53|0x00000000ff500000, 0x00000000ff600000, 0x00000000ff600000|100%| E|CS|TAMS 0x00000000ff500000, 0x00000000ff500000| Complete 
|  54|0x00000000ff600000, 0x00000000ff700000, 0x00000000ff700000|100%| E|CS|TAMS 0x00000000ff600000, 0x00000000ff600000| Complete 
|  55|0x00000000ff700000, 0x00000000ff800000, 0x00000000ff800000|100%| E|CS|TAMS 0x00000000ff700000, 0x00000000ff700000| Complete 
|  56|0x00000000ff800000, 0x00000000ff900000, 0x00000000ff900000|100%| E|CS|TAMS 0x00000000ff800000, 0x00000000ff800000| Complete 
|  57|0x00000000ff900000, 0x00000000ffa00000, 0x00000000ffa00000|100%| E|CS|TAMS 0x00000000ff900000, 0x00000000ff900000| Complete 
|  58|0x00000000ffa00000, 0x00000000ffb00000, 0x00000000ffb00000|100%| E|CS|TAMS 0x00000000ffa00000, 0x00000000ffa00000| Complete 
|  59|0x00000000ffb00000, 0x00000000ffc00000, 0x00000000ffc00000|100%| E|CS|TAMS 0x00000000ffb00000, 0x00000000ffb00000| Complete 
|  60|0x00000000ffc00000, 0x00000000ffd00000, 0x00000000ffd00000|100%| E|CS|TAMS 0x00000000ffc00000, 0x00000000ffc00000| Complete 
|  61|0x00000000ffd00000, 0x00000000ffe00000, 0x00000000ffe00000|100%| E|CS|TAMS 0x00000000ffd00000, 0x00000000ffd00000| Complete 
|  62|0x00000000ffe00000, 0x00000000fff00000, 0x00000000fff00000|100%| E|CS|TAMS 0x00000000ffe00000, 0x00000000ffe00000| Complete 
|  63|0x00000000fff00000, 0x0000000100000000, 0x0000000100000000|100%| E|CS|TAMS 0x00000000fff00000, 0x00000000fff00000| Complete 

Card table byte_map: [0x000002dc3ade0000,0x000002dc3ae00000] _byte_map_base: 0x000002dc3a600000

Marking Bits (Prev, Next): (CMBitMap*) 0x000002dc3b02a8a0, (CMBitMap*) 0x000002dc3b02a8e0
 Prev Bits: [0x000002dc3ae20000, 0x000002dc3af20000)
 Next Bits: [0x000002dc51b60000, 0x000002dc51c60000)

Polling page: 0x000002dc390b0000

Metaspace:

Usage:
  Non-class:      7.85 MB used.
      Class:      1.19 MB used.
       Both:      9.04 MB used.

Virtual space:
  Non-class space:       64.00 MB reserved,       7.94 MB ( 12%) committed,  1 nodes.
      Class space:        1.00 GB reserved,       1.31 MB ( <1%) committed,  1 nodes.
             Both:        1.06 GB reserved,       9.25 MB ( <1%) committed. 

Chunk freelists:
   Non-Class:  7.77 MB
       Class:  14.53 MB
        Both:  22.30 MB

MaxMetaspaceSize: unlimited
CompressedClassSpaceSize: 1.00 GB
Initial GC threshold: 21.00 MB
Current GC threshold: 21.00 MB
CDS: on
MetaspaceReclaimPolicy: balanced
 - commit_granule_bytes: 65536.
 - commit_granule_words: 8192.
 - virtual_space_node_default_size: 8388608.
 - enlarge_chunks_in_place: 1.
 - new_chunks_are_fully_committed: 0.
 - uncommit_free_chunks: 1.
 - use_allocation_guard: 0.
 - handle_deallocations: 1.


Internal statistics:

num_allocs_failed_limit: 0.
num_arena_births: 70.
num_arena_deaths: 0.
num_vsnodes_births: 2.
num_vsnodes_deaths: 0.
num_space_committed: 148.
num_space_uncommitted: 0.
num_chunks_returned_to_freelist: 0.
num_chunks_taken_from_freelist: 322.
num_chunk_merges: 0.
num_chunk_splits: 214.
num_chunks_enlarged: 177.
num_inconsistent_stats: 0.

CodeHeap 'non-profiled nmethods': size=120000Kb used=740Kb max_used=740Kb free=119259Kb
 bounds [0x000002dc4a630000, 0x000002dc4a8a0000, 0x000002dc51b60000]
CodeHeap 'profiled nmethods': size=120000Kb used=3154Kb max_used=3154Kb free=116846Kb
 bounds [0x000002dc42b60000, 0x000002dc42e80000, 0x000002dc4a090000]
CodeHeap 'non-nmethods': size=5760Kb used=1167Kb max_used=1182Kb free=4592Kb
 bounds [0x000002dc4a090000, 0x000002dc4a300000, 0x000002dc4a630000]
 total_blobs=2156 nmethods=1693 adapters=376
 compilation: enabled
              stopped_count=0, restarted_count=0
 full_count=0

Compilation events (20 events):
Event: 19.973 Thread 0x000002dc541d1240 1684  s    3       java.io.BufferedOutputStream::flush (12 bytes)
Event: 19.973 Thread 0x000002dc541d1240 nmethod 1684 0x000002dc42e71a90 code [0x000002dc42e71c60, 0x000002dc42e72058]
Event: 20.370 Thread 0x000002dc541d1240 1685       1       org.gradle.internal.logging.events.CategorisedOutputEvent::getCategory (5 bytes)
Event: 20.370 Thread 0x000002dc541d1240 nmethod 1685 0x000002dc4a6e8910 code [0x000002dc4a6e8aa0, 0x000002dc4a6e8b78]
Event: 20.372 Thread 0x000002dc541d1240 1686       3       java.util.AbstractList::listIterator (6 bytes)
Event: 20.372 Thread 0x000002dc541d1240 nmethod 1686 0x000002dc42e72190 code [0x000002dc42e72340, 0x000002dc42e72508]
Event: 20.762 Thread 0x000002dc541d1240 1687       3       java.util.concurrent.ThreadPoolExecutor::workerCountOf (5 bytes)
Event: 20.762 Thread 0x000002dc541d1240 nmethod 1687 0x000002dc42e72590 code [0x000002dc42e72720, 0x000002dc42e72818]
Event: 22.461 Thread 0x000002dc541d1240 1688       3       java.util.LinkedHashMap::values (25 bytes)
Event: 22.462 Thread 0x000002dc541d1240 nmethod 1688 0x000002dc42e72890 code [0x000002dc42e72a40, 0x000002dc42e72db8]
Event: 22.573 Thread 0x000002dc541ce570 1689       4       java.util.LinkedHashMap$LinkedHashIterator::nextNode (54 bytes)
Event: 22.576 Thread 0x000002dc541ce570 nmethod 1689 0x000002dc4a6e8c10 code [0x000002dc4a6e8da0, 0x000002dc4a6e9018]
Event: 22.668 Thread 0x000002dc541d1240 1690       3       java.util.LinkedHashMap$LinkedValues::iterator (12 bytes)
Event: 22.668 Thread 0x000002dc541d1240 nmethod 1690 0x000002dc42e72f10 code [0x000002dc42e730e0, 0x000002dc42e73498]
Event: 22.668 Thread 0x000002dc541d1240 1691       3       java.util.LinkedHashMap$LinkedValueIterator::<init> (11 bytes)
Event: 22.668 Thread 0x000002dc541d1240 nmethod 1691 0x000002dc42e73610 code [0x000002dc42e737c0, 0x000002dc42e73ad8]
Event: 22.972 Thread 0x000002dc541d1240 1692       3       java.util.concurrent.ScheduledThreadPoolExecutor$ScheduledFutureTask::isPeriodic (15 bytes)
Event: 22.972 Thread 0x000002dc541d1240 nmethod 1692 0x000002dc42e73c10 code [0x000002dc42e73da0, 0x000002dc42e73f18]
Event: 22.975 Thread 0x000002dc541d1240 1693       3       java.nio.ByteBuffer::position (6 bytes)
Event: 22.975 Thread 0x000002dc541d1240 nmethod 1693 0x000002dc42e73f90 code [0x000002dc42e74140, 0x000002dc42e74308]

GC Heap History (4 events):
Event: 0.500 GC heap before
{Heap before GC invocations=0 (full 0):
 garbage-first heap   total 65536K, used 12288K [0x00000000fc000000, 0x0000000100000000)
  region size 1024K, 13 young (13312K), 0 survivors (0K)
 Metaspace       used 1655K, committed 1792K, reserved 1114112K
  class space    used 157K, committed 192K, reserved 1048576K
}
Event: 0.505 GC heap after
{Heap after GC invocations=1 (full 0):
 garbage-first heap   total 65536K, used 1432K [0x00000000fc000000, 0x0000000100000000)
  region size 1024K, 2 young (2048K), 2 survivors (2048K)
 Metaspace       used 1655K, committed 1792K, reserved 1114112K
  class space    used 157K, committed 192K, reserved 1048576K
}
Event: 1.071 GC heap before
{Heap before GC invocations=1 (full 0):
 garbage-first heap   total 65536K, used 22936K [0x00000000fc000000, 0x0000000100000000)
  region size 1024K, 20 young (20480K), 2 survivors (2048K)
 Metaspace       used 2295K, committed 2496K, reserved 1114112K
  class space    used 220K, committed 320K, reserved 1048576K
}
Event: 1.078 GC heap after
{Heap after GC invocations=2 (full 0):
 garbage-first heap   total 65536K, used 9604K [0x00000000fc000000, 0x0000000100000000)
  region size 1024K, 3 young (3072K), 3 survivors (3072K)
 Metaspace       used 2295K, committed 2496K, reserved 1114112K
  class space    used 220K, committed 320K, reserved 1048576K
}

Dll operation events (13 events):
Event: 0.011 Loaded shared library C:\Program Files\Microsoft\jdk-17.0.16.8-hotspot\bin\java.dll
Event: 0.032 Loaded shared library C:\Program Files\Microsoft\jdk-17.0.16.8-hotspot\bin\jsvml.dll
Event: 0.080 Loaded shared library C:\Program Files\Microsoft\jdk-17.0.16.8-hotspot\bin\net.dll
Event: 0.083 Loaded shared library C:\Program Files\Microsoft\jdk-17.0.16.8-hotspot\bin\nio.dll
Event: 0.088 Loaded shared library C:\Program Files\Microsoft\jdk-17.0.16.8-hotspot\bin\zip.dll
Event: 0.701 Loaded shared library C:\Program Files\Microsoft\jdk-17.0.16.8-hotspot\bin\jimage.dll
Event: 1.456 Loaded shared library C:\Program Files\Microsoft\jdk-17.0.16.8-hotspot\bin\management.dll
Event: 1.463 Loaded shared library C:\Program Files\Microsoft\jdk-17.0.16.8-hotspot\bin\management_ext.dll
Event: 1.534 Loaded shared library C:\Program Files\Microsoft\jdk-17.0.16.8-hotspot\bin\verify.dll
Event: 1.552 Loaded shared library C:\Users\User13\.gradle\native\1def1411415f61bf3af743bc5b6707747c0891f09f0c88961ee8f79bc544acac\windows-amd64\native-platform.dll
Event: 1.616 Loaded shared library C:\Users\User13\.gradle\native\jansi\1.18\windows64\jansi.dll
Event: 2.133 Loaded shared library C:\Program Files\Microsoft\jdk-17.0.16.8-hotspot\bin\extnet.dll
Event: 2.545 Loaded shared library C:\Program Files\Microsoft\jdk-17.0.16.8-hotspot\bin\sunmscapi.dll

Deoptimization events (20 events):
Event: 2.501 Thread 0x000002dc3b009e50 Uncommon trap: trap_request=0xffffff45 fr.pc=0x000002dc4a66e704 relative=0x0000000000000064
Event: 2.501 Thread 0x000002dc3b009e50 Uncommon trap: reason=unstable_if action=reinterpret pc=0x000002dc4a66e704 method=java.io.WinNTFileSystem.isSlash(C)Z @ 9 c2
Event: 2.501 Thread 0x000002dc3b009e50 DEOPT PACKING pc=0x000002dc4a66e704 sp=0x000000f5fb7fcd60
Event: 2.501 Thread 0x000002dc3b009e50 DEOPT UNPACKING pc=0x000002dc4a0e69a3 sp=0x000000f5fb7fcce8 mode 2
Event: 2.501 Thread 0x000002dc3b009e50 Uncommon trap: trap_request=0xffffff45 fr.pc=0x000002dc4a679324 relative=0x0000000000000604
Event: 2.501 Thread 0x000002dc3b009e50 Uncommon trap: reason=unstable_if action=reinterpret pc=0x000002dc4a679324 method=java.lang.AbstractStringBuilder.append(Ljava/lang/String;)Ljava/lang/AbstractStringBuilder; @ 1 c2
Event: 2.501 Thread 0x000002dc3b009e50 DEOPT PACKING pc=0x000002dc4a679324 sp=0x000000f5fb7fcf20
Event: 2.502 Thread 0x000002dc3b009e50 DEOPT UNPACKING pc=0x000002dc4a0e69a3 sp=0x000000f5fb7fceb0 mode 2
Event: 2.528 Thread 0x000002dc3b009e50 Uncommon trap: trap_request=0xffffffde fr.pc=0x000002dc4a66b814 relative=0x0000000000000074
Event: 2.528 Thread 0x000002dc3b009e50 Uncommon trap: reason=class_check action=maybe_recompile pc=0x000002dc4a66b814 method=java.util.AbstractList$Itr.hasNext()Z @ 8 c2
Event: 2.528 Thread 0x000002dc3b009e50 DEOPT PACKING pc=0x000002dc4a66b814 sp=0x000000f5fb7fc910
Event: 2.528 Thread 0x000002dc3b009e50 DEOPT UNPACKING pc=0x000002dc4a0e69a3 sp=0x000000f5fb7fc8a8 mode 2
Event: 2.614 Thread 0x000002dc3b009e50 Uncommon trap: trap_request=0xffffffde fr.pc=0x000002dc4a66b814 relative=0x0000000000000074
Event: 2.614 Thread 0x000002dc3b009e50 Uncommon trap: reason=class_check action=maybe_recompile pc=0x000002dc4a66b814 method=java.util.AbstractList$Itr.hasNext()Z @ 8 c2
Event: 2.614 Thread 0x000002dc3b009e50 DEOPT PACKING pc=0x000002dc4a66b814 sp=0x000000f5fb7fc220
Event: 2.614 Thread 0x000002dc3b009e50 DEOPT UNPACKING pc=0x000002dc4a0e69a3 sp=0x000000f5fb7fc1b8 mode 2
Event: 2.650 Thread 0x000002dc3b009e50 Uncommon trap: trap_request=0xffffffde fr.pc=0x000002dc4a66b814 relative=0x0000000000000074
Event: 2.650 Thread 0x000002dc3b009e50 Uncommon trap: reason=class_check action=maybe_recompile pc=0x000002dc4a66b814 method=java.util.AbstractList$Itr.hasNext()Z @ 8 c2
Event: 2.650 Thread 0x000002dc3b009e50 DEOPT PACKING pc=0x000002dc4a66b814 sp=0x000000f5fb7fd0b0
Event: 2.650 Thread 0x000002dc3b009e50 DEOPT UNPACKING pc=0x000002dc4a0e69a3 sp=0x000000f5fb7fd048 mode 2

Classes loaded (20 events):
Event: 2.630 Loading class java/nio/channels/Pipe$SinkChannel
Event: 2.630 Loading class java/nio/channels/Pipe$SinkChannel done
Event: 2.630 Loading class sun/nio/ch/SinkChannelImpl done
Event: 2.632 Loading class sun/nio/ch/SelectionKeyImpl
Event: 2.632 Loading class java/nio/channels/spi/AbstractSelectionKey
Event: 2.632 Loading class java/nio/channels/SelectionKey
Event: 2.632 Loading class java/nio/channels/SelectionKey done
Event: 2.632 Loading class java/nio/channels/spi/AbstractSelectionKey done
Event: 2.632 Loading class sun/nio/ch/SelectionKeyImpl done
Event: 2.632 Loading class java/lang/invoke/ConstantBootstraps
Event: 2.633 Loading class java/lang/invoke/ConstantBootstraps done
Event: 2.651 Loading class java/nio/channels/spi/AbstractSelector$1
Event: 2.652 Loading class java/nio/channels/spi/AbstractSelector$1 done
Event: 2.662 Loading class java/util/AbstractList$ListItr
Event: 2.662 Loading class java/util/AbstractList$ListItr done
Event: 2.674 Loading class java/util/concurrent/Executors$FinalizableDelegatedExecutorService
Event: 2.674 Loading class java/util/concurrent/Executors$FinalizableDelegatedExecutorService done
Event: 8.141 Loading class java/util/ArrayList$ListItr
Event: 8.142 Loading class java/util/ArrayList$ListItr done
Event: 23.110 Loading class java/io/ObjectInputStream

Classes unloaded (0 events):
No events

Classes redefined (0 events):
No events

Internal exceptions (19 events):
Event: 0.223 Thread 0x000002dc3b009e50 Exception <a 'java/lang/NoSuchMethodError'{0x00000000ffdecfb8}: 'int java.lang.invoke.DirectMethodHandle$Holder.invokeStaticInit(java.lang.Object, java.lang.Object)'> (0x00000000ffdecfb8) 
thrown [s\src\hotspot\share\interpreter\linkResolver.cpp, line 759]
Event: 1.287 Thread 0x000002dc3b009e50 Exception <a 'java/lang/NoSuchMethodError'{0x00000000ffde18a0}: 'int java.lang.invoke.DirectMethodHandle$Holder.invokeStatic(java.lang.Object, java.lang.Object, int)'> (0x00000000ffde18a0) 
thrown [s\src\hotspot\share\interpreter\linkResolver.cpp, line 759]
Event: 1.453 Thread 0x000002dc3b009e50 Exception <a 'java/lang/NoSuchMethodError'{0x00000000ff989188}: 'java.lang.Object java.lang.invoke.DirectMethodHandle$Holder.invokeStaticInit(java.lang.Object)'> (0x00000000ff989188) 
thrown [s\src\hotspot\share\interpreter\linkResolver.cpp, line 759]
Event: 1.479 Thread 0x000002dc3b009e50 Exception <a 'java/lang/NoSuchMethodError'{0x00000000ff9a3f68}: 'int java.lang.invoke.DirectMethodHandle$Holder.invokeSpecial(java.lang.Object, java.lang.Object, java.lang.Object)'> (0x00000000ff9a3f68) 
thrown [s\src\hotspot\share\interpreter\linkResolver.cpp, line 759]
Event: 1.490 Thread 0x000002dc3b009e50 Exception <a 'java/lang/NoSuchMethodError'{0x00000000ff9e0e78}: 'void java.lang.invoke.DirectMethodHandle$Holder.invokeStatic(java.lang.Object, java.lang.Object)'> (0x00000000ff9e0e78) 
thrown [s\src\hotspot\share\interpreter\linkResolver.cpp, line 759]
Event: 1.492 Thread 0x000002dc3b009e50 Implicit null exception at 0x000002dc4a69a70a to 0x000002dc4a69ac4c
Event: 1.568 Thread 0x000002dc3b009e50 Exception <a 'java/lang/NoSuchMethodError'{0x00000000ff78f1a8}: 'java.lang.Object java.lang.invoke.Invokers$Holder.invoker(java.lang.Object, java.lang.Object, java.lang.Object)'> (0x00000000ff78f1a8) 
thrown [s\src\hotspot\share\interpreter\linkResolver.cpp, line 759]
Event: 1.570 Thread 0x000002dc3b009e50 Exception <a 'java/lang/NoSuchMethodError'{0x00000000ff798300}: 'java.lang.Object java.lang.invoke.DirectMethodHandle$Holder.invokeStatic(java.lang.Object, java.lang.Object, int)'> (0x00000000ff798300) 
thrown [s\src\hotspot\share\interpreter\linkResolver.cpp, line 759]
Event: 1.572 Thread 0x000002dc3b009e50 Exception <a 'java/lang/NoSuchMethodError'{0x00000000ff7a3ff0}: 'void java.lang.invoke.DelegatingMethodHandle$Holder.delegate(java.lang.Object, java.lang.Object, int, java.lang.Object)'> (0x00000000ff7a3ff0) 
thrown [s\src\hotspot\share\interpreter\linkResolver.cpp, line 759]
Event: 1.576 Thread 0x000002dc3b009e50 Exception <a 'java/lang/NoSuchMethodError'{0x00000000ff7b7638}: 'java.lang.Object java.lang.invoke.Invokers$Holder.invokeExact_MT(java.lang.Object, java.lang.Object, java.lang.Object, java.lang.Object)'> (0x00000000ff7b7638) 
thrown [s\src\hotspot\share\interpreter\linkResolver.cpp, line 759]
Event: 1.587 Thread 0x000002dc3b009e50 Exception <a 'java/lang/NoSuchMethodError'{0x00000000ff7e54b0}: 'java.lang.Object java.lang.invoke.DirectMethodHandle$Holder.invokeVirtual(java.lang.Object, java.lang.Object, java.lang.Object)'> (0x00000000ff7e54b0) 
thrown [s\src\hotspot\share\interpreter\linkResolver.cpp, line 759]
Event: 1.727 Thread 0x000002dc3b009e50 Exception <a 'java/lang/NoSuchMethodError'{0x00000000ff3dc808}: 'java.lang.Object java.lang.invoke.DirectMethodHandle$Holder.newInvokeSpecial(java.lang.Object, java.lang.Object, java.lang.Object, java.lang.Object, java.lang.Object)'> (0x00000000ff3dc808) 
thrown [s\src\hotspot\share\interpreter\linkResolver.cpp, line 759]
Event: 1.765 Thread 0x000002dc3b009e50 Exception <a 'java/lang/NoSuchMethodError'{0x00000000ff110800}: 'void java.lang.invoke.DirectMethodHandle$Holder.invokeSpecial(java.lang.Object, java.lang.Object, java.lang.Object)'> (0x00000000ff110800) 
thrown [s\src\hotspot\share\interpreter\linkResolver.cpp, line 759]
Event: 1.769 Thread 0x000002dc3b009e50 Implicit null exception at 0x000002dc4a67738f to 0x000002dc4a6778d0
Event: 1.779 Thread 0x000002dc3b009e50 Implicit null exception at 0x000002dc4a6621af to 0x000002dc4a662229
Event: 2.137 Thread 0x000002dc3b009e50 Exception <a 'java/lang/NoSuchMethodError'{0x00000000fef8c638}: 'void java.lang.invoke.DirectMethodHandle$Holder.invokeStatic(java.lang.Object, java.lang.Object, java.lang.Object)'> (0x00000000fef8c638) 
thrown [s\src\hotspot\share\interpreter\linkResolver.cpp, line 759]
Event: 2.275 Thread 0x000002dc3b009e50 Exception <a 'java/lang/NoSuchMethodError'{0x00000000fe7714f8}: 'java.lang.Object java.lang.invoke.DirectMethodHandle$Holder.invokeStaticInit(java.lang.Object, int, int, int, int)'> (0x00000000fe7714f8) 
thrown [s\src\hotspot\share\interpreter\linkResolver.cpp, line 759]
Event: 2.462 Thread 0x000002dc3b009e50 Exception <a 'java/lang/NoSuchMethodError'{0x00000000fe615b48}: 'java.lang.Object java.lang.invoke.DirectMethodHandle$Holder.invokeStaticInit(java.lang.Object, java.lang.Object, int, int, int, int)'> (0x00000000fe615b48) 
thrown [s\src\hotspot\share\interpreter\linkResolver.cpp, line 759]
Event: 2.501 Thread 0x000002dc3b009e50 Implicit null exception at 0x000002dc4a678d55 to 0x000002dc4a67930c

VM Operations (20 events):
Event: 8.143 Executing VM operation: Cleanup
Event: 8.143 Executing VM operation: Cleanup done
Event: 9.157 Executing VM operation: Cleanup
Event: 9.157 Executing VM operation: Cleanup done
Event: 10.161 Executing VM operation: Cleanup
Event: 10.161 Executing VM operation: Cleanup done
Event: 11.174 Executing VM operation: Cleanup
Event: 11.174 Executing VM operation: Cleanup done
Event: 12.175 Executing VM operation: Cleanup
Event: 12.176 Executing VM operation: Cleanup done
Event: 13.189 Executing VM operation: Cleanup
Event: 13.189 Executing VM operation: Cleanup done
Event: 16.207 Executing VM operation: Cleanup
Event: 16.207 Executing VM operation: Cleanup done
Event: 19.224 Executing VM operation: Cleanup
Event: 19.224 Executing VM operation: Cleanup done
Event: 20.225 Executing VM operation: Cleanup
Event: 20.225 Executing VM operation: Cleanup done
Event: 21.239 Executing VM operation: Cleanup
Event: 21.239 Executing VM operation: Cleanup done

Memory protections (0 events):
No events

Nmethod flushes (0 events):
No events

Events (15 events):
Event: 0.032 Thread 0x000002dc3b009e50 Thread added: 0x000002dc3b009e50
Event: 0.035 Thread 0x000002dc3b009e50 Thread added: 0x000002dc3b0a7880
Event: 0.036 Thread 0x000002dc3b009e50 Thread added: 0x000002dc3b0a8b60
Event: 0.047 Thread 0x000002dc3b009e50 Thread added: 0x000002dc541c3d40
Event: 0.047 Thread 0x000002dc3b009e50 Thread added: 0x000002dc541c6620
Event: 0.047 Thread 0x000002dc3b009e50 Thread added: 0x000002dc541c6ef0
Event: 0.047 Thread 0x000002dc3b009e50 Thread added: 0x000002dc541c8f70
Event: 0.048 Thread 0x000002dc3b009e50 Thread added: 0x000002dc541ce570
Event: 0.048 Thread 0x000002dc3b009e50 Thread added: 0x000002dc541d1240
Event: 0.048 Thread 0x000002dc3b009e50 Thread added: 0x000002dc541dbad0
Event: 0.074 Thread 0x000002dc3b009e50 Thread added: 0x000002dc54318000
Event: 0.076 Thread 0x000002dc3b009e50 Thread added: 0x000002dc5431e7a0
Event: 0.676 Thread 0x000002dc541d1240 Thread added: 0x000002dc54581a40
Event: 1.659 Thread 0x000002dc3b009e50 Thread added: 0x000002dc9a499a90
Event: 2.124 Thread 0x000002dc54581a40 Thread exited: 0x000002dc54581a40


Dynamic libraries:
0x00007ff610c30000 - 0x00007ff610c3e000 	C:\Program Files\Microsoft\jdk-17.0.16.8-hotspot\bin\java.exe
0x00007ffdfd460000 - 0x00007ffdfd6c8000 	C:\WINDOWS\SYSTEM32\ntdll.dll
0x00007ffdfc070000 - 0x00007ffdfc139000 	C:\WINDOWS\System32\KERNEL32.DLL
0x00007ffdfa7a0000 - 0x00007ffdfab98000 	C:\WINDOWS\System32\KERNELBASE.dll
0x00007ffdfb080000 - 0x00007ffdfb1cb000 	C:\WINDOWS\System32\ucrtbase.dll
0x00007ffde8e60000 - 0x00007ffde8e7e000 	C:\Program Files\Microsoft\jdk-17.0.16.8-hotspot\bin\VCRUNTIME140.dll
0x00007ffdee4e0000 - 0x00007ffdee4f8000 	C:\Program Files\Microsoft\jdk-17.0.16.8-hotspot\bin\jli.dll
0x00007ffdec1b0000 - 0x00007ffdec444000 	C:\WINDOWS\WinSxS\amd64_microsoft.windows.common-controls_6595b64144ccf1df_6.0.26100.7019_none_3e06ffa0e335b8a8\COMCTL32.dll
0x00007ffdfd1a0000 - 0x00007ffdfd367000 	C:\WINDOWS\System32\USER32.dll
0x00007ffdfd370000 - 0x00007ffdfd419000 	C:\WINDOWS\System32\msvcrt.dll
0x00007ffdfb1d0000 - 0x00007ffdfb1f7000 	C:\WINDOWS\System32\win32u.dll
0x00007ffdfbd00000 - 0x00007ffdfbd2b000 	C:\WINDOWS\System32\GDI32.dll
0x00007ffdfad20000 - 0x00007ffdfae4c000 	C:\WINDOWS\System32\gdi32full.dll
0x00007ffdfa640000 - 0x00007ffdfa6e3000 	C:\WINDOWS\System32\msvcp_win.dll
0x00007ffdfbee0000 - 0x00007ffdfbf11000 	C:\WINDOWS\System32\IMM32.DLL
0x00007ffdee520000 - 0x00007ffdee52c000 	C:\Program Files\Microsoft\jdk-17.0.16.8-hotspot\bin\vcruntime140_1.dll
0x00007ffdd7110000 - 0x00007ffdd7199000 	C:\Program Files\Microsoft\jdk-17.0.16.8-hotspot\bin\msvcp140.dll
0x00007ffd9a950000 - 0x00007ffd9b5ca000 	C:\Program Files\Microsoft\jdk-17.0.16.8-hotspot\bin\server\jvm.dll
0x00007ffdfbf30000 - 0x00007ffdfbfe4000 	C:\WINDOWS\System32\ADVAPI32.dll
0x00007ffdfb950000 - 0x00007ffdfb9f6000 	C:\WINDOWS\System32\sechost.dll
0x00007ffdfc840000 - 0x00007ffdfc958000 	C:\WINDOWS\System32\RPCRT4.dll
0x00007ffdfbff0000 - 0x00007ffdfc064000 	C:\WINDOWS\System32\WS2_32.dll
0x00007ffdfa430000 - 0x00007ffdfa48e000 	C:\WINDOWS\SYSTEM32\POWRPROF.dll
0x00007ffdf2680000 - 0x00007ffdf26b5000 	C:\WINDOWS\SYSTEM32\WINMM.dll
0x00007ffdf3630000 - 0x00007ffdf363b000 	C:\WINDOWS\SYSTEM32\VERSION.dll
0x00007ffdfa410000 - 0x00007ffdfa424000 	C:\WINDOWS\SYSTEM32\UMPDC.dll
0x00007ffdf9370000 - 0x00007ffdf938b000 	C:\WINDOWS\SYSTEM32\kernel.appcore.dll
0x00007ffde8d70000 - 0x00007ffde8d7a000 	C:\Program Files\Microsoft\jdk-17.0.16.8-hotspot\bin\jimage.dll
0x00007ffdef8a0000 - 0x00007ffdefae2000 	C:\WINDOWS\SYSTEM32\DBGHELP.DLL
0x00007ffdfb250000 - 0x00007ffdfb5db000 	C:\WINDOWS\System32\combase.dll
0x00007ffdfbd30000 - 0x00007ffdfbe07000 	C:\WINDOWS\System32\OLEAUT32.dll
0x00007ffdf4f50000 - 0x00007ffdf4f8c000 	C:\WINDOWS\SYSTEM32\dbgcore.DLL
0x00007ffdfa6f0000 - 0x00007ffdfa795000 	C:\WINDOWS\System32\bcryptPrimitives.dll
0x00007ffdd1c00000 - 0x00007ffdd1c26000 	C:\Program Files\Microsoft\jdk-17.0.16.8-hotspot\bin\java.dll
0x00007ffdadf10000 - 0x00007ffdadfe6000 	C:\Program Files\Microsoft\jdk-17.0.16.8-hotspot\bin\jsvml.dll
0x00007ffdfc980000 - 0x00007ffdfd0cf000 	C:\WINDOWS\System32\SHELL32.dll
0x00007ffdfaf10000 - 0x00007ffdfb07b000 	C:\WINDOWS\System32\wintypes.dll
0x00007ffdf8210000 - 0x00007ffdf8a6d000 	C:\WINDOWS\SYSTEM32\windows.storage.dll
0x00007ffdfb5e0000 - 0x00007ffdfb6d2000 	C:\WINDOWS\System32\SHCORE.dll
0x00007ffdfc7d0000 - 0x00007ffdfc837000 	C:\WINDOWS\System32\shlwapi.dll
0x00007ffdfa4d0000 - 0x00007ffdfa4f9000 	C:\WINDOWS\SYSTEM32\profapi.dll
0x00007ffdddd60000 - 0x00007ffdddd7b000 	C:\Program Files\Microsoft\jdk-17.0.16.8-hotspot\bin\net.dll
0x00007ffdf3070000 - 0x00007ffdf3198000 	C:\WINDOWS\SYSTEM32\WINHTTP.dll
0x00007ffdf98e0000 - 0x00007ffdf994b000 	C:\WINDOWS\system32\mswsock.dll
0x00007ffdddcb0000 - 0x00007ffdddcc6000 	C:\Program Files\Microsoft\jdk-17.0.16.8-hotspot\bin\nio.dll
0x00007ffddc4e0000 - 0x00007ffddc4f8000 	C:\Program Files\Microsoft\jdk-17.0.16.8-hotspot\bin\zip.dll
0x00007ffde3530000 - 0x00007ffde353a000 	C:\Program Files\Microsoft\jdk-17.0.16.8-hotspot\bin\management.dll
0x00007ffde34e0000 - 0x00007ffde34ec000 	C:\Program Files\Microsoft\jdk-17.0.16.8-hotspot\bin\management_ext.dll
0x00007ffdfbf20000 - 0x00007ffdfbf28000 	C:\WINDOWS\System32\PSAPI.DLL
0x00007ffde3060000 - 0x00007ffde3070000 	C:\Program Files\Microsoft\jdk-17.0.16.8-hotspot\bin\verify.dll
0x00007ffdd1bd0000 - 0x00007ffdd1bf7000 	C:\Users\User13\.gradle\native\1def1411415f61bf3af743bc5b6707747c0891f09f0c88961ee8f79bc544acac\windows-amd64\native-platform.dll
0x00007ffde2390000 - 0x00007ffde239a000 	C:\Users\User13\.gradle\native\jansi\1.18\windows64\jansi.dll
0x00007ffdf8d80000 - 0x00007ffdf8db4000 	C:\WINDOWS\SYSTEM32\IPHLPAPI.DLL
0x00007ffdfbc70000 - 0x00007ffdfbc7a000 	C:\WINDOWS\System32\NSI.dll
0x00007ffdf2e80000 - 0x00007ffdf2e9e000 	C:\WINDOWS\SYSTEM32\dhcpcsvc6.DLL
0x00007ffdf2e50000 - 0x00007ffdf2e73000 	C:\WINDOWS\SYSTEM32\dhcpcsvc.DLL
0x00007ffdf8e10000 - 0x00007ffdf8f3c000 	C:\WINDOWS\SYSTEM32\DNSAPI.dll
0x00007ffde1d70000 - 0x00007ffde1d79000 	C:\Program Files\Microsoft\jdk-17.0.16.8-hotspot\bin\extnet.dll
0x00007ffdf9bb0000 - 0x00007ffdf9bcb000 	C:\WINDOWS\SYSTEM32\CRYPTSP.dll
0x00007ffdf92d0000 - 0x00007ffdf930a000 	C:\WINDOWS\system32\rsaenh.dll
0x00007ffdf9990000 - 0x00007ffdf99bb000 	C:\WINDOWS\SYSTEM32\USERENV.dll
0x00007ffdfa4a0000 - 0x00007ffdfa4ca000 	C:\WINDOWS\SYSTEM32\bcrypt.dll
0x00007ffdf9ba0000 - 0x00007ffdf9bac000 	C:\WINDOWS\SYSTEM32\CRYPTBASE.dll
0x00007ffdde420000 - 0x00007ffdde42e000 	C:\Program Files\Microsoft\jdk-17.0.16.8-hotspot\bin\sunmscapi.dll
0x00007ffdfaba0000 - 0x00007ffdfad17000 	C:\WINDOWS\System32\CRYPT32.dll
0x00007ffdf9dc0000 - 0x00007ffdf9df0000 	C:\WINDOWS\SYSTEM32\ncrypt.dll
0x00007ffdf9d70000 - 0x00007ffdf9daf000 	C:\WINDOWS\SYSTEM32\NTASN1.dll
0x00007ffdddd10000 - 0x00007ffdddd18000 	C:\WINDOWS\system32\wshunix.dll

dbghelp: loaded successfully - version: 4.0.5 - missing functions: none
symbol engine: initialized successfully - sym options: 0x614 - pdb path: .;C:\Program Files\Microsoft\jdk-17.0.16.8-hotspot\bin;C:\WINDOWS\SYSTEM32;C:\WINDOWS\WinSxS\amd64_microsoft.windows.common-controls_6595b64144ccf1df_6.0.26100.7019_none_3e06ffa0e335b8a8;C:\Program Files\Microsoft\jdk-17.0.16.8-hotspot\bin\server;C:\Users\User13\.gradle\native\1def1411415f61bf3af743bc5b6707747c0891f09f0c88961ee8f79bc544acac\windows-amd64;C:\Users\User13\.gradle\native\jansi\1.18\windows64

VM Arguments:
jvm_args: -Xmx64m -Xms64m -Dorg.gradle.appname=gradlew 
java_command: D:\deliverypatner-frontend\android\\gradle\wrapper\gradle-wrapper.jar app:installDebug -PreactNativeDevServerPort=8081
java_class_path (initial): D:\deliverypatner-frontend\android\\gradle\wrapper\gradle-wrapper.jar
Launcher Type: SUN_STANDARD

[Global flags]
     intx CICompilerCount                          = 3                                         {product} {ergonomic}
     uint ConcGCThreads                            = 1                                         {product} {ergonomic}
     uint G1ConcRefinementThreads                  = 4                                         {product} {ergonomic}
   size_t G1HeapRegionSize                         = 1048576                                   {product} {ergonomic}
    uintx GCDrainStackTargetSize                   = 64                                        {product} {ergonomic}
   size_t InitialHeapSize                          = 67108864                                  {product} {command line}
   size_t MarkStackSize                            = 4194304                                   {product} {ergonomic}
   size_t MaxHeapSize                              = 67108864                                  {product} {command line}
   size_t MaxNewSize                               = 39845888                                  {product} {ergonomic}
   size_t MinHeapDeltaBytes                        = 1048576                                   {product} {ergonomic}
   size_t MinHeapSize                              = 67108864                                  {product} {command line}
    uintx NonNMethodCodeHeapSize                   = 5832780                                {pd product} {ergonomic}
    uintx NonProfiledCodeHeapSize                  = 122912730                              {pd product} {ergonomic}
    uintx ProfiledCodeHeapSize                     = 122912730                              {pd product} {ergonomic}
    uintx ReservedCodeCacheSize                    = 251658240                              {pd product} {ergonomic}
     bool SegmentedCodeCache                       = true                                      {product} {ergonomic}
   size_t SoftMaxHeapSize                          = 67108864                               {manageable} {ergonomic}
     bool UseCompressedClassPointers               = true                           {product lp64_product} {ergonomic}
     bool UseCompressedOops                        = true                           {product lp64_product} {ergonomic}
     bool UseG1GC                                  = true                                      {product} {ergonomic}
     bool UseLargePagesIndividualAllocation        = false                                  {pd product} {ergonomic}

Logging:
Log output configuration:
 #0: stdout all=warning uptime,level,tags
 #1: stderr all=off uptime,level,tags

Environment Variables:
JAVA_HOME=C:\Program Files\Microsoft\jdk-17.0.16.8-hotspot
PATH=D:\deliverypatner-frontend\node_modules\.bin;D:\deliverypatner-frontend\node_modules\.bin;D:\node_modules\.bin;C:\Users\User13\AppData\Roaming\npm\node_modules\npm\node_modules\@npmcli\run-script\lib\node-gyp-bin;c:\Users\User13\AppData\Roaming\Code\User\globalStorage\github.copilot-chat\debugCommand;c:\Users\User13\AppData\Roaming\Code\User\globalStorage\github.copilot-chat\copilotCli;C:\Program Files\Microsoft\jdk-17.0.16.8-hotspot\bin;C:\Program Files\Java\jdk-17\bin;C:\Users\User13\AppData\Local\Android\Sdk;C:\WINDOWS\system32;C:\WINDOWS;C:\WINDOWS\System32\Wbem;C:\WINDOWS\System32\WindowsPowerShell\v1.0\;C:\WINDOWS\System32\OpenSSH\;C:\ProgramData\chocolatey\bin;C:\Users\User13\AppData\Local\Android\Sdk\build-tools;C:\Users\User13\AppData\Local\Android\Sdk\emulator;C:\Users\User13\AppData\Local\Android\Sdk\platforms;C:\Users\User13\AppData\Local\Android\Sdk\platform-tools;C:\Users\User13\AppData\Local\Android\Sdk\ndk;C:\Program Files\Android\Android Studio1\bin;C:\Program Files\nodejs\;C:\Program Files\Microsoft\jdk-17.0.16.8-hotspot\bin;C:\Users\User13\AppData\Local\Android\Sdk\tools;C:\Users\User13\AppData\Local\Microsoft\WindowsApps;C:\Users\User13\AppData\Local\Programs\Microsoft VS Code\bin;C:\Users\User13\AppData\Local\Programs\Git\cmd;C:\Users\User13\AppData\Local\Programs\Git\mingw64\bin;C:\Users\User13\AppData\Local\Programs\Git\usr\bin;C:\src\flutter\bin;C:\Users\User13\AppData\Local\Android\Sdk\platform-tools;C:\Users\User13\AppData\Roaming\npm;
USERNAME=mahendra
LANG=en_US.UTF-8
OS=Windows_NT
PROCESSOR_IDENTIFIER=AMD64 Family 23 Model 24 Stepping 1, AuthenticAMD
TMP=C:\Users\User13\AppData\Local\Temp
TEMP=C:\Users\User13\AppData\Local\Temp



Periodic native trim disabled


---------------  S Y S T E M  ---------------

OS:
 Windows 11 , 64 bit Build 26100 (10.0.26100.7019)
OS uptime: 1 days 2:45 hours

CPU: total 4 (initial active 4) (4 cores per cpu, 2 threads per core) family 23 model 24 stepping 1 microcode 0x8108109, cx8, cmov, fxsr, ht, mmx, 3dnowpref, sse, sse2, sse3, ssse3, sse4a, sse4.1, sse4.2, popcnt, lzcnt, tsc, tscinvbit, avx, avx2, aes, clmul, bmi1, bmi2, adx, sha, fma, vzeroupper, clflush, clflushopt
Processor Information for the first 4 processors :
  Max Mhz: 2600, Current Mhz: 2600, Mhz Limit: 2600

Memory: 4k page, system-wide physical 10116M (1477M free)
TotalPageFile size 21890M (AvailPageFile size 5M)
current process WorkingSet (physical memory assigned to process): 96M, peak: 108M
current process commit charge ("private bytes"): 155M, peak: 169M

vm_info: OpenJDK 64-Bit Server VM (17.0.16+8-LTS) for windows-amd64 JRE (17.0.16+8-LTS), built on Jul 10 2025 00:24:24 by "MicrosoftCorporation" with unknown MS VC++:1944

END.
