#
# There is insufficient memory for the Java Runtime Environment to continue.
# Native memory allocation (malloc) failed to allocate 2380496 bytes. Error detail: Chunk::new
# Possible reasons:
#   The system is out of physical RAM or swap space
#   This process is running with CompressedOops enabled, and the Java Heap may be blocking the growth of the native heap
# Possible solutions:
#   Reduce memory load on the system
#   Increase physical memory or swap space
#   Check if swap backing store is full
#   Decrease Java heap size (-Xmx/-Xms)
#   Decrease number of Java threads
#   Decrease Java thread stack sizes (-Xss)
#   Set larger code cache with -XX:ReservedCodeCacheSize=
#   JVM is running with Unscaled Compressed Oops mode in which the Java heap is
#     placed in the first 4GB address space. The Java Heap base address is the
#     maximum limit for the native heap growth. Please use -XX:HeapBaseMinAddress
#     to set the Java Heap base and to place the Java Heap above 4GB virtual address.
# This output file may be truncated or incomplete.
#
#  Out of Memory Error (arena.cpp:191), pid=23664, tid=10208
#
# JRE version: OpenJDK Runtime Environment Microsoft-13106358 (17.0.18+8) (build 17.0.18+8-LTS)
# Java VM: OpenJDK 64-Bit Server VM Microsoft-13106358 (17.0.18+8-LTS, mixed mode, sharing, tiered, compressed oops, compressed class ptrs, g1 gc, windows-amd64)
# No core dump will be written. Minidumps are not enabled by default on client versions of Windows
#

---------------  S U M M A R Y ------------

Command Line: --add-opens=java.base/java.lang=ALL-UNNAMED --add-opens=java.base/java.lang.invoke=ALL-UNNAMED --add-opens=java.base/java.util=ALL-UNNAMED --add-opens=java.prefs/java.util.prefs=ALL-UNNAMED --add-exports=jdk.compiler/com.sun.tools.javac.api=ALL-UNNAMED --add-exports=jdk.compiler/com.sun.tools.javac.util=ALL-UNNAMED --add-opens=java.base/java.util=ALL-UNNAMED --add-opens=java.prefs/java.util.prefs=ALL-UNNAMED --add-opens=java.base/java.nio.charset=ALL-UNNAMED --add-opens=java.base/java.net=ALL-UNNAMED --add-opens=java.base/java.util.concurrent.atomic=ALL-UNNAMED --add-opens=java.xml/javax.xml.namespace=ALL-UNNAMED -XX:MaxMetaspaceSize=512m -Xmx2048m -Dfile.encoding=windows-1252 -Duser.country=US -Duser.language=en -Duser.variant -javaagent:C:\Users\Sudharani-ITS130\.gradle\wrapper\dists\gradle-8.13-bin\5xuhj0ry160q40clulazy9h7d\gradle-8.13\lib\agents\gradle-instrumentation-agent-8.13.jar org.gradle.launcher.daemon.bootstrap.GradleDaemon 8.13

Host: 11th Gen Intel(R) Core(TM) i5-1135G7 @ 2.40GHz, 8 cores, 15G,  Windows 11 , 64 bit Build 26100 (10.0.26100.9168)
Time: Mon Aug 24 11:50:43 2026 India Standard Time elapsed time: 44.911063 seconds (0d 0h 0m 44s)

---------------  T H R E A D  ---------------

Current thread (0x0000024be3b76100):  JavaThread "C2 CompilerThread0" daemon [_thread_in_native, id=10208, stack(0x000000506f100000,0x000000506f200000)]


Current CompileTask:
C2:44911 13884       4       java.beans.MethodRef::set (58 bytes)

Stack: [0x000000506f100000,0x000000506f200000]
Native frames: (J=compiled Java code, j=interpreted, Vv=VM code, C=native code)
V  [jvm.dll+0x68c879]  (no source info available)
V  [jvm.dll+0x845979]  (no source info available)
V  [jvm.dll+0x8476e8]  (no source info available)
V  [jvm.dll+0x847d73]  (no source info available)
V  [jvm.dll+0x24cf6f]  (no source info available)
V  [jvm.dll+0xaecb6]  (no source info available)
V  [jvm.dll+0xaf35c]  (no source info available)
V  [jvm.dll+0x3716ff]  (no source info available)
V  [jvm.dll+0x33b985]  (no source info available)
V  [jvm.dll+0x33adea]  (no source info available)
V  [jvm.dll+0x21df29]  (no source info available)
V  [jvm.dll+0x21d36d]  (no source info available)
V  [jvm.dll+0x1a8ce6]  (no source info available)
V  [jvm.dll+0x22db1b]  (no source info available)
V  [jvm.dll+0x22bca6]  (no source info available)
V  [jvm.dll+0x7fbabb]  (no source info available)
V  [jvm.dll+0x7f5ebc]  (no source info available)
V  [jvm.dll+0x68de17]  (no source info available)
C  [ucrtbase.dll+0x2cd30]  (no source info available)
C  [KERNEL32.DLL+0x2ccb7]  (no source info available)
C  [ntdll.dll+0xaad6c]  (no source info available)


---------------  P R O C E S S  ---------------

Threads class SMR info:
_java_thread_list=0x0000024b8779a860, length=142, elements={
0x0000024bc560c330, 0x0000024be3b31bc0, 0x0000024be3b332f0, 0x0000024be3b48440,
0x0000024be3b48e10, 0x0000024be3b4b350, 0x0000024be3b6c890, 0x0000024be3b76100,
0x0000024be3b836e0, 0x0000024be3b92590, 0x0000024be3c8ec40, 0x0000024be3d42b30,
0x0000024bff531b10, 0x0000024b843fc860, 0x0000024b84c264f0, 0x0000024b84fc5260,
0x0000024b84fc5770, 0x0000024b84fc5c80, 0x0000024b84fc6190, 0x0000024b84fc6bb0,
0x0000024b84fc66a0, 0x0000024b84e544b0, 0x0000024b84e53a90, 0x0000024b84e53070,
0x0000024b84e553e0, 0x0000024b84e53fa0, 0x0000024b84e53580, 0x0000024b84e558f0,
0x0000024b84e549c0, 0x0000024b84e56310, 0x0000024b84e56820, 0x0000024b84680420,
0x0000024b84681350, 0x0000024b84682790, 0x0000024b84681860, 0x0000024b846831b0,
0x0000024b84682280, 0x0000024b846836c0, 0x0000024b84681d70, 0x0000024b84683bd0,
0x0000024b846840e0, 0x0000024b84680930, 0x0000024b84686e70, 0x0000024b84687da0,
0x0000024b84686960, 0x0000024b84687890, 0x0000024b84685010, 0x0000024b846845f0,
0x0000024b84686450, 0x0000024b84685f40, 0x0000024b84687380, 0x0000024b84684b00,
0x0000024b84685520, 0x0000024b84685a30, 0x0000024b84644e90, 0x0000024b846453a0,
0x0000024b84643030, 0x0000024b84643f60, 0x0000024b84645dc0, 0x0000024b84642b20,
0x0000024b84644470, 0x0000024b846458b0, 0x0000024b846462d0, 0x0000024b846467e0,
0x0000024b84647200, 0x0000024b84643a50, 0x0000024b84648640, 0x0000024b84647710,
0x0000024b84648b50, 0x0000024b84647c20, 0x0000024b84648130, 0x0000024b84649570,
0x0000024b84649a80, 0x0000024b84649f90, 0x0000024b8464a4a0, 0x0000024b882188c0,
0x0000024b88218dd0, 0x0000024b8821a720, 0x0000024b8821b140, 0x0000024b8821b650,
0x0000024b882183b0, 0x0000024b8821a210, 0x0000024b88219d00, 0x0000024b88217ea0,
0x0000024b8821ac30, 0x0000024b882192e0, 0x0000024b882197f0, 0x0000024b8821ca90,
0x0000024b8821ded0, 0x0000024b8821e3e0, 0x0000024b8821cfa0, 0x0000024b8821e8f0,
0x0000024b8821ee00, 0x0000024b8821d4b0, 0x0000024b8821f310, 0x0000024b8821c580,
0x0000024b8821d9c0, 0x0000024b8821c070, 0x0000024b8821bb60, 0x0000024b8821f820,
0x0000024b87eb0e60, 0x0000024b87eb27b0, 0x0000024b87eb0950, 0x0000024b87eb1370,
0x0000024b87eb1880, 0x0000024b87eb0440, 0x0000024b87eb1d90, 0x0000024b87eb2cc0,
0x0000024b87eb31d0, 0x0000024b87eb36e0, 0x0000024b87eaff30, 0x0000024b87eb6e90,
0x0000024b87eb6980, 0x0000024b87eb5030, 0x0000024b87eb5a50, 0x0000024b87eb4100,
0x0000024b87eb4610, 0x0000024b87eb73a0, 0x0000024b87eb3bf0, 0x0000024b87eb78b0,
0x0000024b87eb4b20, 0x0000024b87eb5540, 0x0000024b87eb5f60, 0x0000024b87eb6470,
0x0000024b86fdce10, 0x0000024b86fdd320, 0x0000024b86fdb9d0, 0x0000024b86fdb4c0,
0x0000024b86fdd830, 0x0000024b86fda080, 0x0000024b86fda590, 0x0000024b86fdaaa0,
0x0000024b86fdbee0, 0x0000024b86fdc3f0, 0x0000024b86fdc900, 0x0000024b884c6f30,
0x0000024b884c92a0, 0x0000024b884c7950, 0x0000024b884c7440, 0x0000024b884ccf60,
0x0000024b884cd470, 0x0000024b884cca50
}

Java Threads: ( => current thread )
  0x0000024bc560c330 JavaThread "main" [_thread_blocked, id=23392, stack(0x000000506e400000,0x000000506e500000)]
  0x0000024be3b31bc0 JavaThread "Reference Handler" daemon [_thread_blocked, id=19788, stack(0x000000506eb00000,0x000000506ec00000)]
  0x0000024be3b332f0 JavaThread "Finalizer" daemon [_thread_blocked, id=14644, stack(0x000000506ec00000,0x000000506ed00000)]
  0x0000024be3b48440 JavaThread "Signal Dispatcher" daemon [_thread_blocked, id=16920, stack(0x000000506ed00000,0x000000506ee00000)]
  0x0000024be3b48e10 JavaThread "Attach Listener" daemon [_thread_blocked, id=6732, stack(0x000000506ee00000,0x000000506ef00000)]
  0x0000024be3b4b350 JavaThread "Service Thread" daemon [_thread_blocked, id=8212, stack(0x000000506ef00000,0x000000506f000000)]
  0x0000024be3b6c890 JavaThread "Monitor Deflation Thread" daemon [_thread_blocked, id=25164, stack(0x000000506f000000,0x000000506f100000)]
=>0x0000024be3b76100 JavaThread "C2 CompilerThread0" daemon [_thread_in_native, id=10208, stack(0x000000506f100000,0x000000506f200000)]
  0x0000024be3b836e0 JavaThread "C1 CompilerThread0" daemon [_thread_blocked, id=2628, stack(0x000000506f200000,0x000000506f300000)]
  0x0000024be3b92590 JavaThread "Sweeper thread" daemon [_thread_blocked, id=14508, stack(0x000000506f300000,0x000000506f400000)]
  0x0000024be3c8ec40 JavaThread "Common-Cleaner" daemon [_thread_blocked, id=7372, stack(0x000000506f400000,0x000000506f500000)]
  0x0000024be3d42b30 JavaThread "Notification Thread" daemon [_thread_blocked, id=10912, stack(0x000000506f500000,0x000000506f600000)]
  0x0000024bff531b10 JavaThread "Daemon health stats" [_thread_blocked, id=12652, stack(0x000000506fb00000,0x000000506fc00000)]
  0x0000024b843fc860 JavaThread "Incoming local TCP Connector on port 49221" [_thread_in_native, id=25180, stack(0x000000506fc00000,0x000000506fd00000)]
  0x0000024b84c264f0 JavaThread "Daemon periodic checks" [_thread_blocked, id=17360, stack(0x000000506fd00000,0x000000506fe00000)]
  0x0000024b84fc5260 JavaThread "Daemon" [_thread_blocked, id=21092, stack(0x000000506fe00000,0x000000506ff00000)]
  0x0000024b84fc5770 JavaThread "Handler for socket connection from /127.0.0.1:49221 to /127.0.0.1:49222" [_thread_in_native, id=25228, stack(0x000000506ff00000,0x0000005070000000)]
  0x0000024b84fc5c80 JavaThread "Cancel handler" [_thread_blocked, id=25168, stack(0x0000005070000000,0x0000005070100000)]
  0x0000024b84fc6190 JavaThread "Daemon worker" [_thread_blocked, id=26016, stack(0x0000005070100000,0x0000005070200000)]
  0x0000024b84fc6bb0 JavaThread "Asynchronous log dispatcher for DefaultDaemonConnection: socket connection from /127.0.0.1:49221 to /127.0.0.1:49222" [_thread_blocked, id=1332, stack(0x0000005070200000,0x0000005070300000)]
  0x0000024b84fc66a0 JavaThread "Stdin handler" [_thread_blocked, id=4048, stack(0x0000005070300000,0x0000005070400000)]
  0x0000024b84e544b0 JavaThread "Daemon client event forwarder" [_thread_blocked, id=24960, stack(0x0000005070400000,0x0000005070500000)]
  0x0000024b84e53a90 JavaThread "Cache worker for journal cache (C:\Users\Sudharani-ITS130\.gradle\caches\journal-1)" [_thread_blocked, id=15940, stack(0x0000005070500000,0x0000005070600000)]
  0x0000024b84e53070 JavaThread "File lock request listener" [_thread_in_native, id=5228, stack(0x0000005070600000,0x0000005070700000)]
  0x0000024b84e553e0 JavaThread "Cache worker for file hash cache (C:\Users\Sudharani-ITS130\.gradle\caches\8.13\fileHashes)" [_thread_blocked, id=3904, stack(0x0000005070700000,0x0000005070800000)]
  0x0000024b84e53fa0 JavaThread "Cache worker for file hash cache (D:\DelPart\delivery_partner_frontend\android\.gradle\8.13\fileHashes)" [_thread_blocked, id=24992, stack(0x0000005070800000,0x0000005070900000)]
  0x0000024b84e53580 JavaThread "Cache worker for Build Output Cleanup Cache (D:\DelPart\delivery_partner_frontend\android\.gradle\buildOutputCleanup)" [_thread_blocked, id=18336, stack(0x0000005070900000,0x0000005070a00000)]
  0x0000024b84e558f0 JavaThread "File watcher server" daemon [_thread_in_native, id=22108, stack(0x0000005070e00000,0x0000005070f00000)]
  0x0000024b84e549c0 JavaThread "File watcher consumer" daemon [_thread_blocked, id=2776, stack(0x0000005070f00000,0x0000005071000000)]
  0x0000024b84e56310 JavaThread "jar transforms" [_thread_blocked, id=12984, stack(0x0000005071000000,0x0000005071100000)]
  0x0000024b84e56820 JavaThread "Cache worker for checksums cache (D:\DelPart\delivery_partner_frontend\android\.gradle\8.13\checksums)" [_thread_blocked, id=15540, stack(0x0000005071100000,0x0000005071200000)]
  0x0000024b84680420 JavaThread "Cache worker for file content cache (C:\Users\Sudharani-ITS130\.gradle\caches\8.13\fileContent)" [_thread_blocked, id=6648, stack(0x0000005071200000,0x0000005071300000)]
  0x0000024b84681350 JavaThread "Cache worker for cache directory md-supplier (C:\Users\Sudharani-ITS130\.gradle\caches\8.13\md-supplier)" [_thread_blocked, id=16476, stack(0x0000005071300000,0x0000005071400000)]
  0x0000024b84682790 JavaThread "Cache worker for cache directory md-rule (C:\Users\Sudharani-ITS130\.gradle\caches\8.13\md-rule)" [_thread_blocked, id=3940, stack(0x0000005071400000,0x0000005071500000)]
  0x0000024b84681860 JavaThread "Cache worker for Build Output Cleanup Cache (D:\DelPart\delivery_partner_frontend\node_modules\@react-native\gradle-plugin\.gradle\buildOutputCleanup)" [_thread_blocked, id=25248, stack(0x0000005071500000,0x0000005071600000)]
  0x0000024b846831b0 JavaThread "Unconstrained build operations" [_thread_blocked, id=20180, stack(0x0000005071600000,0x0000005071700000)]
  0x0000024b84682280 JavaThread "Unconstrained build operations Thread 2" [_thread_blocked, id=20700, stack(0x0000005071700000,0x0000005071800000)]
  0x0000024b846836c0 JavaThread "Unconstrained build operations Thread 3" [_thread_blocked, id=23296, stack(0x0000005071800000,0x0000005071900000)]
  0x0000024b84681d70 JavaThread "Unconstrained build operations Thread 4" [_thread_blocked, id=8412, stack(0x0000005071900000,0x0000005071a00000)]
  0x0000024b84683bd0 JavaThread "Unconstrained build operations Thread 5" [_thread_blocked, id=21444, stack(0x0000005071a00000,0x0000005071b00000)]
  0x0000024b846840e0 JavaThread "Unconstrained build operations Thread 6" [_thread_blocked, id=20888, stack(0x0000005071b00000,0x0000005071c00000)]
  0x0000024b84680930 JavaThread "Unconstrained build operations Thread 7" [_thread_blocked, id=15732, stack(0x0000005071c00000,0x0000005071d00000)]
  0x0000024b84686e70 JavaThread "Unconstrained build operations Thread 8" [_thread_blocked, id=20996, stack(0x0000005071d00000,0x0000005071e00000)]
  0x0000024b84687da0 JavaThread "Unconstrained build operations Thread 9" [_thread_blocked, id=24880, stack(0x0000005071e00000,0x0000005071f00000)]
  0x0000024b84686960 JavaThread "Unconstrained build operations Thread 10" [_thread_blocked, id=16804, stack(0x0000005071f00000,0x0000005072000000)]
  0x0000024b84687890 JavaThread "Unconstrained build operations Thread 11" [_thread_blocked, id=5672, stack(0x0000005072000000,0x0000005072100000)]
  0x0000024b84685010 JavaThread "Unconstrained build operations Thread 12" [_thread_blocked, id=21060, stack(0x0000005072100000,0x0000005072200000)]
  0x0000024b846845f0 JavaThread "Unconstrained build operations Thread 13" [_thread_blocked, id=9432, stack(0x0000005072200000,0x0000005072300000)]
  0x0000024b84686450 JavaThread "Unconstrained build operations Thread 14" [_thread_blocked, id=9428, stack(0x0000005072300000,0x0000005072400000)]
  0x0000024b84685f40 JavaThread "Unconstrained build operations Thread 15" [_thread_blocked, id=8804, stack(0x0000005072400000,0x0000005072500000)]
  0x0000024b84687380 JavaThread "Unconstrained build operations Thread 16" [_thread_blocked, id=5724, stack(0x0000005072500000,0x0000005072600000)]
  0x0000024b84684b00 JavaThread "Unconstrained build operations Thread 17" [_thread_blocked, id=25912, stack(0x0000005072600000,0x0000005072700000)]
  0x0000024b84685520 JavaThread "Unconstrained build operations Thread 18" [_thread_blocked, id=24484, stack(0x0000005072700000,0x0000005072800000)]
  0x0000024b84685a30 JavaThread "Unconstrained build operations Thread 19" [_thread_blocked, id=14844, stack(0x0000005072800000,0x0000005072900000)]
  0x0000024b84644e90 JavaThread "Unconstrained build operations Thread 20" [_thread_blocked, id=20452, stack(0x0000005072900000,0x0000005072a00000)]
  0x0000024b846453a0 JavaThread "Unconstrained build operations Thread 21" [_thread_blocked, id=26512, stack(0x0000005072a00000,0x0000005072b00000)]
  0x0000024b84643030 JavaThread "Unconstrained build operations Thread 22" [_thread_blocked, id=6556, stack(0x0000005072b00000,0x0000005072c00000)]
  0x0000024b84643f60 JavaThread "Unconstrained build operations Thread 23" [_thread_blocked, id=23576, stack(0x0000005072c00000,0x0000005072d00000)]
  0x0000024b84645dc0 JavaThread "Unconstrained build operations Thread 24" [_thread_blocked, id=14368, stack(0x0000005072d00000,0x0000005072e00000)]
  0x0000024b84642b20 JavaThread "Unconstrained build operations Thread 25" [_thread_blocked, id=19160, stack(0x0000005072e00000,0x0000005072f00000)]
  0x0000024b84644470 JavaThread "Unconstrained build operations Thread 26" [_thread_blocked, id=8376, stack(0x0000005072f00000,0x0000005073000000)]
  0x0000024b846458b0 JavaThread "Unconstrained build operations Thread 27" [_thread_blocked, id=1088, stack(0x0000005073000000,0x0000005073100000)]
  0x0000024b846462d0 JavaThread "build event listener" [_thread_blocked, id=23652, stack(0x0000005073100000,0x0000005073200000)]
  0x0000024b846467e0 JavaThread "Memory manager" [_thread_blocked, id=24528, stack(0x0000005073200000,0x0000005073300000)]
  0x0000024b84647200 JavaThread "ForkJoinPool.commonPool-worker-1" daemon [_thread_blocked, id=19372, stack(0x0000005073300000,0x0000005073400000)]
  0x0000024b84643a50 JavaThread "ForkJoinPool.commonPool-worker-2" daemon [_thread_blocked, id=9640, stack(0x0000005073400000,0x0000005073500000)]
  0x0000024b84648640 JavaThread "ForkJoinPool.commonPool-worker-3" daemon [_thread_blocked, id=25532, stack(0x0000005073500000,0x0000005073600000)]
  0x0000024b84647710 JavaThread "ForkJoinPool.commonPool-worker-4" daemon [_thread_blocked, id=11552, stack(0x0000005073600000,0x0000005073700000)]
  0x0000024b84648b50 JavaThread "ForkJoinPool.commonPool-worker-5" daemon [_thread_blocked, id=14984, stack(0x0000005073700000,0x0000005073800000)]
  0x0000024b84647c20 JavaThread "ForkJoinPool.commonPool-worker-6" daemon [_thread_blocked, id=3692, stack(0x0000005073800000,0x0000005073900000)]
  0x0000024b84648130 JavaThread "ForkJoinPool.commonPool-worker-7" daemon [_thread_blocked, id=24280, stack(0x0000005073900000,0x0000005073a00000)]
  0x0000024b84649570 JavaThread "included builds" [_thread_blocked, id=25492, stack(0x0000005073a00000,0x0000005073b00000)]
  0x0000024b84649a80 JavaThread "Execution worker" [_thread_blocked, id=25144, stack(0x0000005073b00000,0x0000005073c00000)]
  0x0000024b84649f90 JavaThread "Execution worker Thread 2" [_thread_blocked, id=25976, stack(0x0000005073c00000,0x0000005073d00000)]
  0x0000024b8464a4a0 JavaThread "Execution worker Thread 3" [_thread_blocked, id=23300, stack(0x0000005073d00000,0x0000005073e00000)]
  0x0000024b882188c0 JavaThread "Execution worker Thread 4" [_thread_blocked, id=6700, stack(0x0000005073e00000,0x0000005073f00000)]
  0x0000024b88218dd0 JavaThread "Execution worker Thread 5" [_thread_blocked, id=21516, stack(0x0000005073f00000,0x0000005074000000)]
  0x0000024b8821a720 JavaThread "Execution worker Thread 6" [_thread_blocked, id=7552, stack(0x0000005074000000,0x0000005074100000)]
  0x0000024b8821b140 JavaThread "Execution worker Thread 7" [_thread_blocked, id=16004, stack(0x0000005074100000,0x0000005074200000)]
  0x0000024b8821b650 JavaThread "Cache worker for execution history cache (D:\DelPart\delivery_partner_frontend\node_modules\@react-native\gradle-plugin\.gradle\8.13\executionHistory)" [_thread_blocked, id=11992, stack(0x0000005074200000,0x0000005074300000)]
  0x0000024b882183b0 JavaThread "Unconstrained build operations Thread 28" [_thread_blocked, id=20228, stack(0x0000005074300000,0x0000005074400000)]
  0x0000024b8821a210 JavaThread "Unconstrained build operations Thread 29" [_thread_blocked, id=21012, stack(0x0000005074400000,0x0000005074500000)]
  0x0000024b88219d00 JavaThread "Unconstrained build operations Thread 30" [_thread_blocked, id=26224, stack(0x0000005074500000,0x0000005074600000)]
  0x0000024b88217ea0 JavaThread "Unconstrained build operations Thread 31" [_thread_blocked, id=2436, stack(0x0000005074600000,0x0000005074700000)]
  0x0000024b8821ac30 JavaThread "Unconstrained build operations Thread 32" [_thread_blocked, id=15460, stack(0x0000005074700000,0x0000005074800000)]
  0x0000024b882192e0 JavaThread "Unconstrained build operations Thread 33" [_thread_blocked, id=23444, stack(0x0000005074800000,0x0000005074900000)]
  0x0000024b882197f0 JavaThread "Unconstrained build operations Thread 34" [_thread_in_native, id=15388, stack(0x0000005074900000,0x0000005074a00000)]
  0x0000024b8821ca90 JavaThread "Unconstrained build operations Thread 35" [_thread_blocked, id=25240, stack(0x0000005074a00000,0x0000005074b00000)]
  0x0000024b8821ded0 JavaThread "Unconstrained build operations Thread 36" [_thread_blocked, id=13040, stack(0x0000005074b00000,0x0000005074c00000)]
  0x0000024b8821e3e0 JavaThread "Unconstrained build operations Thread 37" [_thread_blocked, id=23880, stack(0x0000005074c00000,0x0000005074d00000)]
  0x0000024b8821cfa0 JavaThread "Unconstrained build operations Thread 38" [_thread_blocked, id=17152, stack(0x0000005074d00000,0x0000005074e00000)]
  0x0000024b8821e8f0 JavaThread "Unconstrained build operations Thread 39" [_thread_blocked, id=25688, stack(0x0000005074e00000,0x0000005074f00000)]
  0x0000024b8821ee00 JavaThread "Unconstrained build operations Thread 40" [_thread_blocked, id=17932, stack(0x0000005074f00000,0x0000005075000000)]
  0x0000024b8821d4b0 JavaThread "Unconstrained build operations Thread 41" [_thread_blocked, id=15744, stack(0x0000005075000000,0x0000005075100000)]
  0x0000024b8821f310 JavaThread "Unconstrained build operations Thread 42" [_thread_blocked, id=8360, stack(0x0000005075100000,0x0000005075200000)]
  0x0000024b8821c580 JavaThread "Unconstrained build operations Thread 43" [_thread_blocked, id=5432, stack(0x0000005075200000,0x0000005075300000)]
  0x0000024b8821d9c0 JavaThread "Unconstrained build operations Thread 44" [_thread_blocked, id=4904, stack(0x0000005075300000,0x0000005075400000)]
  0x0000024b8821c070 JavaThread "Unconstrained build operations Thread 45" [_thread_blocked, id=20848, stack(0x0000005075400000,0x0000005075500000)]
  0x0000024b8821bb60 JavaThread "Unconstrained build operations Thread 46" [_thread_blocked, id=24672, stack(0x0000005075500000,0x0000005075600000)]
  0x0000024b8821f820 JavaThread "Unconstrained build operations Thread 47" [_thread_blocked, id=24896, stack(0x0000005075600000,0x0000005075700000)]
  0x0000024b87eb0e60 JavaThread "Unconstrained build operations Thread 48" [_thread_blocked, id=17420, stack(0x0000005075700000,0x0000005075800000)]
  0x0000024b87eb27b0 JavaThread "Unconstrained build operations Thread 49" [_thread_blocked, id=9636, stack(0x0000005075800000,0x0000005075900000)]
  0x0000024b87eb0950 JavaThread "Unconstrained build operations Thread 50" [_thread_blocked, id=18384, stack(0x0000005075900000,0x0000005075a00000)]
  0x0000024b87eb1370 JavaThread "Unconstrained build operations Thread 51" [_thread_blocked, id=9148, stack(0x0000005075a00000,0x0000005075b00000)]
  0x0000024b87eb1880 JavaThread "Unconstrained build operations Thread 52" [_thread_blocked, id=24480, stack(0x0000005075b00000,0x0000005075c00000)]
  0x0000024b87eb0440 JavaThread "Unconstrained build operations Thread 53" [_thread_blocked, id=14412, stack(0x0000005075c00000,0x0000005075d00000)]
  0x0000024b87eb1d90 JavaThread "Unconstrained build operations Thread 54" [_thread_blocked, id=24708, stack(0x0000005075d00000,0x0000005075e00000)]
  0x0000024b87eb2cc0 JavaThread "Unconstrained build operations Thread 55" [_thread_blocked, id=25908, stack(0x0000005075e00000,0x0000005075f00000)]
  0x0000024b87eb31d0 JavaThread "Unconstrained build operations Thread 56" [_thread_blocked, id=26548, stack(0x0000005075f00000,0x0000005076000000)]
  0x0000024b87eb36e0 JavaThread "Unconstrained build operations Thread 57" [_thread_blocked, id=21112, stack(0x0000005076000000,0x0000005076100000)]
  0x0000024b87eaff30 JavaThread "Unconstrained build operations Thread 58" [_thread_blocked, id=25220, stack(0x0000005076100000,0x0000005076200000)]
  0x0000024b87eb6e90 JavaThread "Unconstrained build operations Thread 59" [_thread_blocked, id=16332, stack(0x0000005076200000,0x0000005076300000)]
  0x0000024b87eb6980 JavaThread "Unconstrained build operations Thread 60" [_thread_blocked, id=26020, stack(0x0000005076300000,0x0000005076400000)]
  0x0000024b87eb5030 JavaThread "Unconstrained build operations Thread 61" [_thread_blocked, id=22940, stack(0x0000005076400000,0x0000005076500000)]
  0x0000024b87eb5a50 JavaThread "Unconstrained build operations Thread 62" [_thread_blocked, id=23360, stack(0x0000005076500000,0x0000005076600000)]
  0x0000024b87eb4100 JavaThread "Unconstrained build operations Thread 63" [_thread_blocked, id=10128, stack(0x0000005076600000,0x0000005076700000)]
  0x0000024b87eb4610 JavaThread "Unconstrained build operations Thread 64" [_thread_blocked, id=25272, stack(0x0000005076700000,0x0000005076800000)]
  0x0000024b87eb73a0 JavaThread "Unconstrained build operations Thread 65" [_thread_blocked, id=13424, stack(0x0000005076800000,0x0000005076900000)]
  0x0000024b87eb3bf0 JavaThread "Unconstrained build operations Thread 66" [_thread_blocked, id=13568, stack(0x0000005076900000,0x0000005076a00000)]
  0x0000024b87eb78b0 JavaThread "Unconstrained build operations Thread 67" [_thread_blocked, id=19996, stack(0x0000005076a00000,0x0000005076b00000)]
  0x0000024b87eb4b20 JavaThread "Unconstrained build operations Thread 68" [_thread_blocked, id=25260, stack(0x0000005076b00000,0x0000005076c00000)]
  0x0000024b87eb5540 JavaThread "Unconstrained build operations Thread 69" [_thread_blocked, id=14964, stack(0x0000005076c00000,0x0000005076d00000)]
  0x0000024b87eb5f60 JavaThread "Unconstrained build operations Thread 70" [_thread_blocked, id=23776, stack(0x0000005076d00000,0x0000005076e00000)]
  0x0000024b87eb6470 JavaThread "Unconstrained build operations Thread 71" [_thread_blocked, id=5896, stack(0x0000005076e00000,0x0000005076f00000)]
  0x0000024b86fdce10 JavaThread "Unconstrained build operations Thread 72" [_thread_blocked, id=20072, stack(0x0000005076f00000,0x0000005077000000)]
  0x0000024b86fdd320 JavaThread "Unconstrained build operations Thread 73" [_thread_blocked, id=3588, stack(0x0000005077000000,0x0000005077100000)]
  0x0000024b86fdb9d0 JavaThread "Unconstrained build operations Thread 74" [_thread_blocked, id=25996, stack(0x0000005077100000,0x0000005077200000)]
  0x0000024b86fdb4c0 JavaThread "Unconstrained build operations Thread 75" [_thread_blocked, id=26524, stack(0x0000005077200000,0x0000005077300000)]
  0x0000024b86fdd830 JavaThread "Unconstrained build operations Thread 76" [_thread_blocked, id=8420, stack(0x0000005077300000,0x0000005077400000)]
  0x0000024b86fda080 JavaThread "Unconstrained build operations Thread 77" [_thread_blocked, id=8604, stack(0x0000005077400000,0x0000005077500000)]
  0x0000024b86fda590 JavaThread "jar transforms Thread 2" [_thread_blocked, id=3356, stack(0x0000005077500000,0x0000005077600000)]
  0x0000024b86fdaaa0 JavaThread "jar transforms Thread 3" [_thread_blocked, id=26592, stack(0x0000005077600000,0x0000005077700000)]
  0x0000024b86fdbee0 JavaThread "Unconstrained build operations Thread 78" [_thread_blocked, id=11516, stack(0x0000005077700000,0x0000005077800000)]
  0x0000024b86fdc3f0 JavaThread "Unconstrained build operations Thread 79" [_thread_blocked, id=24756, stack(0x0000005077800000,0x0000005077900000)]
  0x0000024b86fdc900 JavaThread "Unconstrained build operations Thread 80" [_thread_blocked, id=3220, stack(0x0000005077900000,0x0000005077a00000)]
  0x0000024b884c6f30 JavaThread "jar transforms Thread 4" [_thread_blocked, id=25932, stack(0x0000005077a00000,0x0000005077b00000)]
  0x0000024b884c92a0 JavaThread "jar transforms Thread 5" [_thread_blocked, id=24200, stack(0x0000005077b00000,0x0000005077c00000)]
  0x0000024b884c7950 JavaThread "jar transforms Thread 6" [_thread_blocked, id=8872, stack(0x0000005077c00000,0x0000005077d00000)]
  0x0000024b884c7440 JavaThread "build event listener" [_thread_blocked, id=22724, stack(0x0000005077f00000,0x0000005078000000)]
  0x0000024b884ccf60 JavaThread "jar transforms Thread 7" [_thread_blocked, id=26448, stack(0x0000005078000000,0x0000005078100000)]
  0x0000024b884cd470 JavaThread "jar transforms Thread 8" [_thread_blocked, id=2140, stack(0x0000005078100000,0x0000005078200000)]
  0x0000024b884cca50 JavaThread "Problems report writer" [_thread_blocked, id=14968, stack(0x0000005078200000,0x0000005078300000)]

Other Threads:
  0x0000024be3b27f10 VMThread "VM Thread" [stack: 0x000000506ea00000,0x000000506eb00000] [id=10904]
  0x0000024be3d26810 WatcherThread [stack: 0x000000506f600000,0x000000506f700000] [id=15936]
  0x0000024bc566a4e0 GCTaskThread "GC Thread#0" [stack: 0x000000506e500000,0x000000506e600000] [id=26284]
  0x0000024bff152620 GCTaskThread "GC Thread#1" [stack: 0x000000506f700000,0x000000506f800000] [id=22736]
  0x0000024bff0b86a0 GCTaskThread "GC Thread#2" [stack: 0x000000506f800000,0x000000506f900000] [id=7092]
  0x0000024bff139a00 GCTaskThread "GC Thread#3" [stack: 0x000000506f900000,0x000000506fa00000] [id=25384]
  0x0000024be3e50aa0 GCTaskThread "GC Thread#4" [stack: 0x000000506fa00000,0x000000506fb00000] [id=12456]
  0x0000024be3e526c0 GCTaskThread "GC Thread#5" [stack: 0x0000005070a00000,0x0000005070b00000] [id=17476]
  0x0000024b86ca6ea0 GCTaskThread "GC Thread#6" [stack: 0x0000005070b00000,0x0000005070c00000] [id=6676]
  0x0000024b86ca6900 GCTaskThread "GC Thread#7" [stack: 0x0000005070c00000,0x0000005070d00000] [id=2336]
  0x0000024bc567b440 ConcurrentGCThread "G1 Main Marker" [stack: 0x000000506e600000,0x000000506e700000] [id=3928]
  0x0000024bc567cb30 ConcurrentGCThread "G1 Conc#0" [stack: 0x000000506e700000,0x000000506e800000] [id=18900]
  0x0000024b86ca6360 ConcurrentGCThread "G1 Conc#1" [stack: 0x0000005070d00000,0x0000005070e00000] [id=2984]
  0x0000024bc56bd730 ConcurrentGCThread "G1 Refine#0" [stack: 0x000000506e800000,0x000000506e900000] [id=2376]
  0x0000024bc56be010 ConcurrentGCThread "G1 Service" [stack: 0x000000506e900000,0x000000506ea00000] [id=25256]

Threads with active compile tasks:
C2 CompilerThread0  44988 13884       4       java.beans.MethodRef::set (58 bytes)

VM state: not at safepoint (normal execution)

VM Mutex/Monitor currently owned by a thread: None

Heap address: 0x0000000080000000, size: 2048 MB, Compressed Oops mode: 32-bit

CDS archive(s) mapped at: [0x0000024be4000000-0x0000024be4bb0000-0x0000024be4bb0000), size 12255232, SharedBaseAddress: 0x0000024be4000000, ArchiveRelocationMode: 1.
Compressed class space mapped at: 0x0000024be5000000-0x0000024bff000000, reserved size: 436207616
Narrow klass base: 0x0000024be4000000, Narrow klass shift: 0, Narrow klass range: 0x100000000

GC Precious Log:
 CPUs: 8 total, 8 available
 Memory: 15781M
 Large Page Support: Disabled
 NUMA Support: Disabled
 Compressed Oops: Enabled (32-bit)
 Heap Region Size: 1M
 Heap Min Capacity: 8M
 Heap Initial Capacity: 248M
 Heap Max Capacity: 2G
 Pre-touch: Disabled
 Parallel Workers: 8
 Concurrent Workers: 2
 Concurrent Refinement Workers: 8
 Periodic GC: Disabled

Heap:
 garbage-first heap   total 413696K, used 264445K [0x0000000080000000, 0x0000000100000000)
  region size 1024K, 152 young (155648K), 13 survivors (13312K)
 Metaspace       used 103633K, committed 104704K, reserved 557056K
  class space    used 14447K, committed 14976K, reserved 425984K

Heap Regions: E=young(eden), S=young(survivor), O=old, HS=humongous(starts), HC=humongous(continues), CS=collection set, F=free, OA=open archive, CA=closed archive, TAMS=top-at-mark-start (previous, next)
|   0|0x0000000080000000, 0x0000000080100000, 0x0000000080100000|100%|HS|  |TAMS 0x0000000080100000, 0x0000000080000000| Complete 
|   1|0x0000000080100000, 0x0000000080200000, 0x0000000080200000|100%|HC|  |TAMS 0x0000000080200000, 0x0000000080100000| Complete 
|   2|0x0000000080200000, 0x0000000080300000, 0x0000000080300000|100%|HC|  |TAMS 0x0000000080300000, 0x0000000080200000| Complete 
|   3|0x0000000080300000, 0x0000000080400000, 0x0000000080400000|100%| O|  |TAMS 0x0000000080400000, 0x0000000080300000| Untracked 
|   4|0x0000000080400000, 0x0000000080500000, 0x0000000080500000|100%| O|  |TAMS 0x0000000080500000, 0x0000000080400000| Untracked 
|   5|0x0000000080500000, 0x0000000080600000, 0x0000000080600000|100%| O|  |TAMS 0x0000000080600000, 0x0000000080500000| Untracked 
|   6|0x0000000080600000, 0x0000000080700000, 0x0000000080700000|100%|HS|  |TAMS 0x0000000080700000, 0x0000000080600000| Complete 
|   7|0x0000000080700000, 0x0000000080800000, 0x0000000080800000|100%| O|  |TAMS 0x0000000080800000, 0x0000000080700000| Untracked 
|   8|0x0000000080800000, 0x0000000080900000, 0x0000000080900000|100%| O|  |TAMS 0x0000000080900000, 0x0000000080800000| Untracked 
|   9|0x0000000080900000, 0x00000000809f8400, 0x0000000080a00000| 96%| O|  |TAMS 0x00000000809f8400, 0x0000000080900000| Untracked 
|  10|0x0000000080a00000, 0x0000000080b00000, 0x0000000080b00000|100%| O|  |TAMS 0x0000000080b00000, 0x0000000080a00000| Untracked 
|  11|0x0000000080b00000, 0x0000000080c00000, 0x0000000080c00000|100%| O|  |TAMS 0x0000000080c00000, 0x0000000080b00000| Untracked 
|  12|0x0000000080c00000, 0x0000000080d00000, 0x0000000080d00000|100%| O|  |TAMS 0x0000000080d00000, 0x0000000080c00000| Untracked 
|  13|0x0000000080d00000, 0x0000000080e00000, 0x0000000080e00000|100%| O|  |TAMS 0x0000000080d00000, 0x0000000080d00000| Untracked 
|  14|0x0000000080e00000, 0x0000000080f00000, 0x0000000080f00000|100%| O|  |TAMS 0x0000000080f00000, 0x0000000080e00000| Untracked 
|  15|0x0000000080f00000, 0x0000000081000000, 0x0000000081000000|100%| O|  |TAMS 0x0000000081000000, 0x0000000080f00000| Untracked 
|  16|0x0000000081000000, 0x0000000081100000, 0x0000000081100000|100%| O|  |TAMS 0x0000000081100000, 0x0000000081000000| Untracked 
|  17|0x0000000081100000, 0x0000000081200000, 0x0000000081200000|100%| O|  |TAMS 0x0000000081200000, 0x0000000081100000| Untracked 
|  18|0x0000000081200000, 0x0000000081300000, 0x0000000081300000|100%| O|  |TAMS 0x0000000081300000, 0x0000000081200000| Untracked 
|  19|0x0000000081300000, 0x0000000081400000, 0x0000000081400000|100%| O|  |TAMS 0x0000000081400000, 0x0000000081300000| Untracked 
|  20|0x0000000081400000, 0x0000000081500000, 0x0000000081500000|100%| O|  |TAMS 0x0000000081500000, 0x0000000081400000| Untracked 
|  21|0x0000000081500000, 0x0000000081600000, 0x0000000081600000|100%| O|  |TAMS 0x0000000081600000, 0x0000000081500000| Untracked 
|  22|0x0000000081600000, 0x0000000081700000, 0x0000000081700000|100%| O|  |TAMS 0x0000000081700000, 0x0000000081600000| Untracked 
|  23|0x0000000081700000, 0x0000000081800000, 0x0000000081800000|100%| O|  |TAMS 0x0000000081800000, 0x0000000081700000| Untracked 
|  24|0x0000000081800000, 0x0000000081900000, 0x0000000081900000|100%| O|  |TAMS 0x0000000081900000, 0x0000000081800000| Untracked 
|  25|0x0000000081900000, 0x0000000081a00000, 0x0000000081a00000|100%| O|  |TAMS 0x0000000081a00000, 0x0000000081900000| Untracked 
|  26|0x0000000081a00000, 0x0000000081b00000, 0x0000000081b00000|100%| O|  |TAMS 0x0000000081b00000, 0x0000000081a00000| Untracked 
|  27|0x0000000081b00000, 0x0000000081c00000, 0x0000000081c00000|100%|HS|  |TAMS 0x0000000081c00000, 0x0000000081b00000| Complete 
|  28|0x0000000081c00000, 0x0000000081d00000, 0x0000000081d00000|100%|HC|  |TAMS 0x0000000081d00000, 0x0000000081c00000| Complete 
|  29|0x0000000081d00000, 0x0000000081e00000, 0x0000000081e00000|100%|HC|  |TAMS 0x0000000081e00000, 0x0000000081d00000| Complete 
|  30|0x0000000081e00000, 0x0000000081f00000, 0x0000000081f00000|100%|HS|  |TAMS 0x0000000081f00000, 0x0000000081e00000| Complete 
|  31|0x0000000081f00000, 0x0000000082000000, 0x0000000082000000|100%|HC|  |TAMS 0x0000000082000000, 0x0000000081f00000| Complete 
|  32|0x0000000082000000, 0x0000000082100000, 0x0000000082100000|100%|HC|  |TAMS 0x0000000082100000, 0x0000000082000000| Complete 
|  33|0x0000000082100000, 0x0000000082200000, 0x0000000082200000|100%| O|  |TAMS 0x0000000082200000, 0x0000000082100000| Untracked 
|  34|0x0000000082200000, 0x0000000082300000, 0x0000000082300000|100%| O|  |TAMS 0x0000000082300000, 0x0000000082200000| Untracked 
|  35|0x0000000082300000, 0x0000000082400000, 0x0000000082400000|100%| O|  |TAMS 0x0000000082400000, 0x0000000082300000| Untracked 
|  36|0x0000000082400000, 0x0000000082500000, 0x0000000082500000|100%| O|  |TAMS 0x0000000082500000, 0x0000000082400000| Untracked 
|  37|0x0000000082500000, 0x0000000082600000, 0x0000000082600000|100%| O|  |TAMS 0x0000000082600000, 0x0000000082500000| Untracked 
|  38|0x0000000082600000, 0x0000000082700000, 0x0000000082700000|100%| O|  |TAMS 0x0000000082700000, 0x0000000082600000| Untracked 
|  39|0x0000000082700000, 0x0000000082800000, 0x0000000082800000|100%| O|  |TAMS 0x0000000082800000, 0x0000000082700000| Untracked 
|  40|0x0000000082800000, 0x0000000082900000, 0x0000000082900000|100%| O|  |TAMS 0x0000000082900000, 0x0000000082800000| Untracked 
|  41|0x0000000082900000, 0x0000000082a00000, 0x0000000082a00000|100%| O|  |TAMS 0x0000000082a00000, 0x0000000082900000| Untracked 
|  42|0x0000000082a00000, 0x0000000082b00000, 0x0000000082b00000|100%| O|  |TAMS 0x0000000082b00000, 0x0000000082a00000| Untracked 
|  43|0x0000000082b00000, 0x0000000082c00000, 0x0000000082c00000|100%| O|  |TAMS 0x0000000082c00000, 0x0000000082b00000| Untracked 
|  44|0x0000000082c00000, 0x0000000082d00000, 0x0000000082d00000|100%| O|  |TAMS 0x0000000082d00000, 0x0000000082c00000| Untracked 
|  45|0x0000000082d00000, 0x0000000082e00000, 0x0000000082e00000|100%| O|  |TAMS 0x0000000082e00000, 0x0000000082d00000| Untracked 
|  46|0x0000000082e00000, 0x0000000082f00000, 0x0000000082f00000|100%| O|  |TAMS 0x0000000082f00000, 0x0000000082e00000| Untracked 
|  47|0x0000000082f00000, 0x0000000083000000, 0x0000000083000000|100%| O|  |TAMS 0x0000000083000000, 0x0000000082f00000| Untracked 
|  48|0x0000000083000000, 0x0000000083100000, 0x0000000083100000|100%| O|  |TAMS 0x0000000083100000, 0x0000000083000000| Untracked 
|  49|0x0000000083100000, 0x0000000083200000, 0x0000000083200000|100%| O|  |TAMS 0x0000000083200000, 0x0000000083100000| Untracked 
|  50|0x0000000083200000, 0x0000000083300000, 0x0000000083300000|100%| O|  |TAMS 0x0000000083300000, 0x0000000083200000| Untracked 
|  51|0x0000000083300000, 0x0000000083400000, 0x0000000083400000|100%| O|  |TAMS 0x0000000083400000, 0x0000000083300000| Untracked 
|  52|0x0000000083400000, 0x0000000083500000, 0x0000000083500000|100%| O|  |TAMS 0x0000000083500000, 0x0000000083400000| Untracked 
|  53|0x0000000083500000, 0x0000000083600000, 0x0000000083600000|100%| O|  |TAMS 0x0000000083600000, 0x0000000083500000| Untracked 
|  54|0x0000000083600000, 0x0000000083700000, 0x0000000083700000|100%| O|  |TAMS 0x0000000083700000, 0x0000000083600000| Untracked 
|  55|0x0000000083700000, 0x0000000083800000, 0x0000000083800000|100%| O|  |TAMS 0x0000000083800000, 0x0000000083700000| Untracked 
|  56|0x0000000083800000, 0x0000000083900000, 0x0000000083900000|100%|HS|  |TAMS 0x0000000083800000, 0x0000000083800000| Complete 
|  57|0x0000000083900000, 0x0000000083a00000, 0x0000000083a00000|100%|HS|  |TAMS 0x0000000083900000, 0x0000000083900000| Complete 
|  58|0x0000000083a00000, 0x0000000083b00000, 0x0000000083b00000|100%| O|  |TAMS 0x0000000083a00000, 0x0000000083a00000| Untracked 
|  59|0x0000000083b00000, 0x0000000083c00000, 0x0000000083c00000|100%| O|  |TAMS 0x0000000083b00000, 0x0000000083b00000| Untracked 
|  60|0x0000000083c00000, 0x0000000083d00000, 0x0000000083d00000|100%| O|  |TAMS 0x0000000083d00000, 0x0000000083c00000| Untracked 
|  61|0x0000000083d00000, 0x0000000083e00000, 0x0000000083e00000|100%| O|  |TAMS 0x0000000083e00000, 0x0000000083d00000| Untracked 
|  62|0x0000000083e00000, 0x0000000083f00000, 0x0000000083f00000|100%| O|  |TAMS 0x0000000083f00000, 0x0000000083e00000| Untracked 
|  63|0x0000000083f00000, 0x0000000084000000, 0x0000000084000000|100%|HS|  |TAMS 0x0000000083f00000, 0x0000000083f00000| Complete 
|  64|0x0000000084000000, 0x0000000084100000, 0x0000000084100000|100%| O|  |TAMS 0x0000000084100000, 0x0000000084000000| Untracked 
|  65|0x0000000084100000, 0x0000000084200000, 0x0000000084200000|100%| O|  |TAMS 0x0000000084200000, 0x0000000084100000| Untracked 
|  66|0x0000000084200000, 0x0000000084300000, 0x0000000084300000|100%|HS|  |TAMS 0x0000000084200000, 0x0000000084200000| Complete 
|  67|0x0000000084300000, 0x0000000084400000, 0x0000000084400000|100%| O|  |TAMS 0x0000000084400000, 0x0000000084300000| Untracked 
|  68|0x0000000084400000, 0x0000000084500000, 0x0000000084500000|100%| O|  |TAMS 0x0000000084500000, 0x0000000084400000| Untracked 
|  69|0x0000000084500000, 0x0000000084600000, 0x0000000084600000|100%| O|  |TAMS 0x0000000084600000, 0x0000000084500000| Untracked 
|  70|0x0000000084600000, 0x0000000084700000, 0x0000000084700000|100%| O|  |TAMS 0x0000000084700000, 0x0000000084600000| Untracked 
|  71|0x0000000084700000, 0x0000000084800000, 0x0000000084800000|100%| O|  |TAMS 0x0000000084800000, 0x0000000084700000| Untracked 
|  72|0x0000000084800000, 0x0000000084900000, 0x0000000084900000|100%| O|  |TAMS 0x0000000084900000, 0x0000000084800000| Untracked 
|  73|0x0000000084900000, 0x0000000084a00000, 0x0000000084a00000|100%| O|  |TAMS 0x00000000849ed000, 0x0000000084900000| Untracked 
|  74|0x0000000084a00000, 0x0000000084b00000, 0x0000000084b00000|100%| O|  |TAMS 0x0000000084a00000, 0x0000000084a00000| Untracked 
|  75|0x0000000084b00000, 0x0000000084c00000, 0x0000000084c00000|100%| O|  |TAMS 0x0000000084b00000, 0x0000000084b00000| Untracked 
|  76|0x0000000084c00000, 0x0000000084d00000, 0x0000000084d00000|100%| O|  |TAMS 0x0000000084c00000, 0x0000000084c00000| Untracked 
|  77|0x0000000084d00000, 0x0000000084d00000, 0x0000000084e00000|  0%| F|  |TAMS 0x0000000084d00000, 0x0000000084d00000| Untracked 
|  78|0x0000000084e00000, 0x0000000084f00000, 0x0000000084f00000|100%|HS|  |TAMS 0x0000000084e00000, 0x0000000084e00000| Complete 
|  79|0x0000000084f00000, 0x0000000085000000, 0x0000000085000000|100%|HS|  |TAMS 0x0000000084f00000, 0x0000000084f00000| Complete 
|  80|0x0000000085000000, 0x0000000085100000, 0x0000000085100000|100%| O|  |TAMS 0x0000000085000000, 0x0000000085000000| Untracked 
|  81|0x0000000085100000, 0x0000000085200000, 0x0000000085200000|100%| O|  |TAMS 0x0000000085100000, 0x0000000085100000| Untracked 
|  82|0x0000000085200000, 0x0000000085300000, 0x0000000085300000|100%| O|  |TAMS 0x0000000085200000, 0x0000000085200000| Untracked 
|  83|0x0000000085300000, 0x0000000085400000, 0x0000000085400000|100%| O|  |TAMS 0x0000000085300000, 0x0000000085300000| Untracked 
|  84|0x0000000085400000, 0x0000000085500000, 0x0000000085500000|100%|HS|  |TAMS 0x0000000085400000, 0x0000000085400000| Complete 
|  85|0x0000000085500000, 0x0000000085600000, 0x0000000085600000|100%|HS|  |TAMS 0x0000000085500000, 0x0000000085500000| Complete 
|  86|0x0000000085600000, 0x0000000085700000, 0x0000000085700000|100%|HC|  |TAMS 0x0000000085600000, 0x0000000085600000| Complete 
|  87|0x0000000085700000, 0x0000000085800000, 0x0000000085800000|100%|HC|  |TAMS 0x0000000085700000, 0x0000000085700000| Complete 
|  88|0x0000000085800000, 0x0000000085900000, 0x0000000085900000|100%| O|  |TAMS 0x0000000085800000, 0x0000000085800000| Untracked 
|  89|0x0000000085900000, 0x0000000085a00000, 0x0000000085a00000|100%| O|  |TAMS 0x0000000085900000, 0x0000000085900000| Untracked 
|  90|0x0000000085a00000, 0x0000000085b00000, 0x0000000085b00000|100%| O|  |TAMS 0x0000000085a00000, 0x0000000085a00000| Untracked 
|  91|0x0000000085b00000, 0x0000000085c00000, 0x0000000085c00000|100%| O|  |TAMS 0x0000000085b00000, 0x0000000085b00000| Untracked 
|  92|0x0000000085c00000, 0x0000000085d00000, 0x0000000085d00000|100%| O|  |TAMS 0x0000000085c00000, 0x0000000085c00000| Untracked 
|  93|0x0000000085d00000, 0x0000000085e00000, 0x0000000085e00000|100%| O|  |TAMS 0x0000000085d00000, 0x0000000085d00000| Untracked 
|  94|0x0000000085e00000, 0x0000000085f00000, 0x0000000085f00000|100%| O|  |TAMS 0x0000000085e00000, 0x0000000085e00000| Untracked 
|  95|0x0000000085f00000, 0x0000000086000000, 0x0000000086000000|100%| O|  |TAMS 0x0000000085f00000, 0x0000000085f00000| Untracked 
|  96|0x0000000086000000, 0x0000000086100000, 0x0000000086100000|100%| O|  |TAMS 0x0000000086000000, 0x0000000086000000| Untracked 
|  97|0x0000000086100000, 0x0000000086200000, 0x0000000086200000|100%| O|  |TAMS 0x0000000086100000, 0x0000000086100000| Untracked 
|  98|0x0000000086200000, 0x0000000086300000, 0x0000000086300000|100%| O|  |TAMS 0x0000000086200000, 0x0000000086200000| Untracked 
|  99|0x0000000086300000, 0x0000000086400000, 0x0000000086400000|100%| O|  |TAMS 0x0000000086300000, 0x0000000086300000| Untracked 
| 100|0x0000000086400000, 0x0000000086500000, 0x0000000086500000|100%| O|  |TAMS 0x0000000086400000, 0x0000000086400000| Untracked 
| 101|0x0000000086500000, 0x00000000865ff600, 0x0000000086600000| 99%| O|  |TAMS 0x0000000086500000, 0x0000000086500000| Untracked 
| 102|0x0000000086600000, 0x0000000086600000, 0x0000000086700000|  0%| F|  |TAMS 0x0000000086600000, 0x0000000086600000| Untracked 
| 103|0x0000000086700000, 0x0000000086700000, 0x0000000086800000|  0%| F|  |TAMS 0x0000000086700000, 0x0000000086700000| Untracked 
| 104|0x0000000086800000, 0x0000000086800000, 0x0000000086900000|  0%| F|  |TAMS 0x0000000086800000, 0x0000000086800000| Untracked 
| 105|0x0000000086900000, 0x0000000086900000, 0x0000000086a00000|  0%| F|  |TAMS 0x0000000086900000, 0x0000000086900000| Untracked 
| 106|0x0000000086a00000, 0x0000000086a00000, 0x0000000086b00000|  0%| F|  |TAMS 0x0000000086a00000, 0x0000000086a00000| Untracked 
| 107|0x0000000086b00000, 0x0000000086b00000, 0x0000000086c00000|  0%| F|  |TAMS 0x0000000086b00000, 0x0000000086b00000| Untracked 
| 108|0x0000000086c00000, 0x0000000086c00000, 0x0000000086d00000|  0%| F|  |TAMS 0x0000000086c00000, 0x0000000086c00000| Untracked 
| 109|0x0000000086d00000, 0x0000000086d00000, 0x0000000086e00000|  0%| F|  |TAMS 0x0000000086d00000, 0x0000000086d00000| Untracked 
| 110|0x0000000086e00000, 0x0000000086e00000, 0x0000000086f00000|  0%| F|  |TAMS 0x0000000086e00000, 0x0000000086e00000| Untracked 
| 111|0x0000000086f00000, 0x0000000086f00000, 0x0000000087000000|  0%| F|  |TAMS 0x0000000086f00000, 0x0000000086f00000| Untracked 
| 112|0x0000000087000000, 0x0000000087000000, 0x0000000087100000|  0%| F|  |TAMS 0x0000000087000000, 0x0000000087000000| Untracked 
| 113|0x0000000087100000, 0x0000000087100000, 0x0000000087200000|  0%| F|  |TAMS 0x0000000087100000, 0x0000000087100000| Untracked 
| 114|0x0000000087200000, 0x0000000087200000, 0x0000000087300000|  0%| F|  |TAMS 0x0000000087200000, 0x0000000087200000| Untracked 
| 115|0x0000000087300000, 0x0000000087300000, 0x0000000087400000|  0%| F|  |TAMS 0x0000000087300000, 0x0000000087300000| Untracked 
| 116|0x0000000087400000, 0x0000000087400000, 0x0000000087500000|  0%| F|  |TAMS 0x0000000087400000, 0x0000000087400000| Untracked 
| 117|0x0000000087500000, 0x0000000087500000, 0x0000000087600000|  0%| F|  |TAMS 0x0000000087500000, 0x0000000087500000| Untracked 
| 118|0x0000000087600000, 0x0000000087600000, 0x0000000087700000|  0%| F|  |TAMS 0x0000000087600000, 0x0000000087600000| Untracked 
| 119|0x0000000087700000, 0x0000000087700000, 0x0000000087800000|  0%| F|  |TAMS 0x0000000087700000, 0x0000000087700000| Untracked 
| 120|0x0000000087800000, 0x0000000087800000, 0x0000000087900000|  0%| F|  |TAMS 0x0000000087800000, 0x0000000087800000| Untracked 
| 121|0x0000000087900000, 0x0000000087900000, 0x0000000087a00000|  0%| F|  |TAMS 0x0000000087900000, 0x0000000087900000| Untracked 
| 122|0x0000000087a00000, 0x0000000087a00000, 0x0000000087b00000|  0%| F|  |TAMS 0x0000000087a00000, 0x0000000087a00000| Untracked 
| 123|0x0000000087b00000, 0x0000000087b00000, 0x0000000087c00000|  0%| F|  |TAMS 0x0000000087b00000, 0x0000000087b00000| Untracked 
| 124|0x0000000087c00000, 0x0000000087c00000, 0x0000000087d00000|  0%| F|  |TAMS 0x0000000087c00000, 0x0000000087c00000| Untracked 
| 125|0x0000000087d00000, 0x0000000087d00000, 0x0000000087e00000|  0%| F|  |TAMS 0x0000000087d00000, 0x0000000087d00000| Untracked 
| 126|0x0000000087e00000, 0x0000000087e00000, 0x0000000087f00000|  0%| F|  |TAMS 0x0000000087e00000, 0x0000000087e00000| Untracked 
| 127|0x0000000087f00000, 0x0000000087f00000, 0x0000000088000000|  0%| F|  |TAMS 0x0000000087f00000, 0x0000000087f00000| Untracked 
| 128|0x0000000088000000, 0x0000000088000000, 0x0000000088100000|  0%| F|  |TAMS 0x0000000088000000, 0x0000000088000000| Untracked 
| 129|0x0000000088100000, 0x0000000088100000, 0x0000000088200000|  0%| F|  |TAMS 0x0000000088100000, 0x0000000088100000| Untracked 
| 130|0x0000000088200000, 0x0000000088200000, 0x0000000088300000|  0%| F|  |TAMS 0x0000000088200000, 0x0000000088200000| Untracked 
| 131|0x0000000088300000, 0x0000000088300000, 0x0000000088400000|  0%| F|  |TAMS 0x0000000088300000, 0x0000000088300000| Untracked 
| 132|0x0000000088400000, 0x0000000088400000, 0x0000000088500000|  0%| F|  |TAMS 0x0000000088400000, 0x0000000088400000| Untracked 
| 133|0x0000000088500000, 0x0000000088500000, 0x0000000088600000|  0%| F|  |TAMS 0x0000000088500000, 0x0000000088500000| Untracked 
| 134|0x0000000088600000, 0x0000000088600000, 0x0000000088700000|  0%| F|  |TAMS 0x0000000088600000, 0x0000000088600000| Untracked 
| 135|0x0000000088700000, 0x0000000088700000, 0x0000000088800000|  0%| F|  |TAMS 0x0000000088700000, 0x0000000088700000| Untracked 
| 136|0x0000000088800000, 0x0000000088800000, 0x0000000088900000|  0%| F|  |TAMS 0x0000000088800000, 0x0000000088800000| Untracked 
| 137|0x0000000088900000, 0x0000000088900000, 0x0000000088a00000|  0%| F|  |TAMS 0x0000000088900000, 0x0000000088900000| Untracked 
| 138|0x0000000088a00000, 0x0000000088a00000, 0x0000000088b00000|  0%| F|  |TAMS 0x0000000088a00000, 0x0000000088a00000| Untracked 
| 139|0x0000000088b00000, 0x0000000088b00000, 0x0000000088c00000|  0%| F|  |TAMS 0x0000000088b00000, 0x0000000088b00000| Untracked 
| 140|0x0000000088c00000, 0x0000000088c00000, 0x0000000088d00000|  0%| F|  |TAMS 0x0000000088c00000, 0x0000000088c00000| Untracked 
| 141|0x0000000088d00000, 0x0000000088d00000, 0x0000000088e00000|  0%| F|  |TAMS 0x0000000088d00000, 0x0000000088d00000| Untracked 
| 142|0x0000000088e00000, 0x0000000088e00000, 0x0000000088f00000|  0%| F|  |TAMS 0x0000000088e00000, 0x0000000088e00000| Untracked 
| 143|0x0000000088f00000, 0x0000000088f00000, 0x0000000089000000|  0%| F|  |TAMS 0x0000000088f00000, 0x0000000088f00000| Untracked 
| 144|0x0000000089000000, 0x0000000089000000, 0x0000000089100000|  0%| F|  |TAMS 0x0000000089000000, 0x0000000089000000| Untracked 
| 145|0x0000000089100000, 0x0000000089100000, 0x0000000089200000|  0%| F|  |TAMS 0x0000000089100000, 0x0000000089100000| Untracked 
| 146|0x0000000089200000, 0x0000000089200000, 0x0000000089300000|  0%| F|  |TAMS 0x0000000089200000, 0x0000000089200000| Untracked 
| 147|0x0000000089300000, 0x0000000089300000, 0x0000000089400000|  0%| F|  |TAMS 0x0000000089300000, 0x0000000089300000| Untracked 
| 148|0x0000000089400000, 0x0000000089400000, 0x0000000089500000|  0%| F|  |TAMS 0x0000000089400000, 0x0000000089400000| Untracked 
| 149|0x0000000089500000, 0x0000000089500000, 0x0000000089600000|  0%| F|  |TAMS 0x0000000089500000, 0x0000000089500000| Untracked 
| 150|0x0000000089600000, 0x0000000089600000, 0x0000000089700000|  0%| F|  |TAMS 0x0000000089600000, 0x0000000089600000| Untracked 
| 151|0x0000000089700000, 0x0000000089700000, 0x0000000089800000|  0%| F|  |TAMS 0x0000000089700000, 0x0000000089700000| Untracked 
| 152|0x0000000089800000, 0x0000000089800000, 0x0000000089900000|  0%| F|  |TAMS 0x0000000089800000, 0x0000000089800000| Untracked 
| 153|0x0000000089900000, 0x0000000089900000, 0x0000000089a00000|  0%| F|  |TAMS 0x0000000089900000, 0x0000000089900000| Untracked 
| 154|0x0000000089a00000, 0x0000000089a00000, 0x0000000089b00000|  0%| F|  |TAMS 0x0000000089a00000, 0x0000000089a00000| Untracked 
| 155|0x0000000089b00000, 0x0000000089b00000, 0x0000000089c00000|  0%| F|  |TAMS 0x0000000089b00000, 0x0000000089b00000| Untracked 
| 156|0x0000000089c00000, 0x0000000089c00000, 0x0000000089d00000|  0%| F|  |TAMS 0x0000000089c00000, 0x0000000089c00000| Untracked 
| 157|0x0000000089d00000, 0x0000000089d00000, 0x0000000089e00000|  0%| F|  |TAMS 0x0000000089d00000, 0x0000000089d00000| Untracked 
| 158|0x0000000089e00000, 0x0000000089e00000, 0x0000000089f00000|  0%| F|  |TAMS 0x0000000089e00000, 0x0000000089e00000| Untracked 
| 159|0x0000000089f00000, 0x0000000089f00000, 0x000000008a000000|  0%| F|  |TAMS 0x0000000089f00000, 0x0000000089f00000| Untracked 
| 160|0x000000008a000000, 0x000000008a000000, 0x000000008a100000|  0%| F|  |TAMS 0x000000008a000000, 0x000000008a000000| Untracked 
| 161|0x000000008a100000, 0x000000008a100000, 0x000000008a200000|  0%| F|  |TAMS 0x000000008a100000, 0x000000008a100000| Untracked 
| 162|0x000000008a200000, 0x000000008a200000, 0x000000008a300000|  0%| F|  |TAMS 0x000000008a200000, 0x000000008a200000| Untracked 
| 163|0x000000008a300000, 0x000000008a300000, 0x000000008a400000|  0%| F|  |TAMS 0x000000008a300000, 0x000000008a300000| Untracked 
| 164|0x000000008a400000, 0x000000008a400000, 0x000000008a500000|  0%| F|  |TAMS 0x000000008a400000, 0x000000008a400000| Untracked 
| 165|0x000000008a500000, 0x000000008a500000, 0x000000008a600000|  0%| F|  |TAMS 0x000000008a500000, 0x000000008a500000| Untracked 
| 166|0x000000008a600000, 0x000000008a600000, 0x000000008a700000|  0%| F|  |TAMS 0x000000008a600000, 0x000000008a600000| Untracked 
| 167|0x000000008a700000, 0x000000008a700000, 0x000000008a800000|  0%| F|  |TAMS 0x000000008a700000, 0x000000008a700000| Untracked 
| 168|0x000000008a800000, 0x000000008a800000, 0x000000008a900000|  0%| F|  |TAMS 0x000000008a800000, 0x000000008a800000| Untracked 
| 169|0x000000008a900000, 0x000000008a900000, 0x000000008aa00000|  0%| F|  |TAMS 0x000000008a900000, 0x000000008a900000| Untracked 
| 170|0x000000008aa00000, 0x000000008aa00000, 0x000000008ab00000|  0%| F|  |TAMS 0x000000008aa00000, 0x000000008aa00000| Untracked 
| 171|0x000000008ab00000, 0x000000008ab00000, 0x000000008ac00000|  0%| F|  |TAMS 0x000000008ab00000, 0x000000008ab00000| Untracked 
| 172|0x000000008ac00000, 0x000000008ac00000, 0x000000008ad00000|  0%| F|  |TAMS 0x000000008ac00000, 0x000000008ac00000| Untracked 
| 173|0x000000008ad00000, 0x000000008ad00000, 0x000000008ae00000|  0%| F|  |TAMS 0x000000008ad00000, 0x000000008ad00000| Untracked 
| 174|0x000000008ae00000, 0x000000008ae00000, 0x000000008af00000|  0%| F|  |TAMS 0x000000008ae00000, 0x000000008ae00000| Untracked 
| 175|0x000000008af00000, 0x000000008af00000, 0x000000008b000000|  0%| F|  |TAMS 0x000000008af00000, 0x000000008af00000| Untracked 
| 176|0x000000008b000000, 0x000000008b000000, 0x000000008b100000|  0%| F|  |TAMS 0x000000008b000000, 0x000000008b000000| Untracked 
| 177|0x000000008b100000, 0x000000008b100000, 0x000000008b200000|  0%| F|  |TAMS 0x000000008b100000, 0x000000008b100000| Untracked 
| 178|0x000000008b200000, 0x000000008b200000, 0x000000008b300000|  0%| F|  |TAMS 0x000000008b200000, 0x000000008b200000| Untracked 
| 179|0x000000008b300000, 0x000000008b300000, 0x000000008b400000|  0%| F|  |TAMS 0x000000008b300000, 0x000000008b300000| Untracked 
| 180|0x000000008b400000, 0x000000008b400000, 0x000000008b500000|  0%| F|  |TAMS 0x000000008b400000, 0x000000008b400000| Untracked 
| 181|0x000000008b500000, 0x000000008b500000, 0x000000008b600000|  0%| F|  |TAMS 0x000000008b500000, 0x000000008b500000| Untracked 
| 182|0x000000008b600000, 0x000000008b600000, 0x000000008b700000|  0%| F|  |TAMS 0x000000008b600000, 0x000000008b600000| Untracked 
| 183|0x000000008b700000, 0x000000008b700000, 0x000000008b800000|  0%| F|  |TAMS 0x000000008b700000, 0x000000008b700000| Untracked 
| 184|0x000000008b800000, 0x000000008b800000, 0x000000008b900000|  0%| F|  |TAMS 0x000000008b800000, 0x000000008b800000| Untracked 
| 185|0x000000008b900000, 0x000000008b900000, 0x000000008ba00000|  0%| F|  |TAMS 0x000000008b900000, 0x000000008b900000| Untracked 
| 186|0x000000008ba00000, 0x000000008ba00000, 0x000000008bb00000|  0%| F|  |TAMS 0x000000008ba00000, 0x000000008ba00000| Untracked 
| 187|0x000000008bb00000, 0x000000008bb00000, 0x000000008bc00000|  0%| F|  |TAMS 0x000000008bb00000, 0x000000008bb00000| Untracked 
| 188|0x000000008bc00000, 0x000000008bc00000, 0x000000008bd00000|  0%| F|  |TAMS 0x000000008bc00000, 0x000000008bc00000| Untracked 
| 189|0x000000008bd00000, 0x000000008bd47c08, 0x000000008be00000| 28%| S|CS|TAMS 0x000000008bd00000, 0x000000008bd00000| Complete 
| 190|0x000000008be00000, 0x000000008bf00000, 0x000000008bf00000|100%| S|CS|TAMS 0x000000008be00000, 0x000000008be00000| Complete 
| 191|0x000000008bf00000, 0x000000008c000000, 0x000000008c000000|100%| S|CS|TAMS 0x000000008bf00000, 0x000000008bf00000| Complete 
| 192|0x000000008c000000, 0x000000008c100000, 0x000000008c100000|100%| S|CS|TAMS 0x000000008c000000, 0x000000008c000000| Complete 
| 193|0x000000008c100000, 0x000000008c200000, 0x000000008c200000|100%| S|CS|TAMS 0x000000008c100000, 0x000000008c100000| Complete 
| 194|0x000000008c200000, 0x000000008c300000, 0x000000008c300000|100%| S|CS|TAMS 0x000000008c200000, 0x000000008c200000| Complete 
| 195|0x000000008c300000, 0x000000008c400000, 0x000000008c400000|100%| S|CS|TAMS 0x000000008c300000, 0x000000008c300000| Complete 
| 196|0x000000008c400000, 0x000000008c500000, 0x000000008c500000|100%| S|CS|TAMS 0x000000008c400000, 0x000000008c400000| Complete 
| 197|0x000000008c500000, 0x000000008c600000, 0x000000008c600000|100%| S|CS|TAMS 0x000000008c500000, 0x000000008c500000| Complete 
| 198|0x000000008c600000, 0x000000008c700000, 0x000000008c700000|100%| S|CS|TAMS 0x000000008c600000, 0x000000008c600000| Complete 
| 199|0x000000008c700000, 0x000000008c800000, 0x000000008c800000|100%| S|CS|TAMS 0x000000008c700000, 0x000000008c700000| Complete 
| 200|0x000000008c800000, 0x000000008c900000, 0x000000008c900000|100%| S|CS|TAMS 0x000000008c800000, 0x000000008c800000| Complete 
| 201|0x000000008c900000, 0x000000008ca00000, 0x000000008ca00000|100%| S|CS|TAMS 0x000000008c900000, 0x000000008c900000| Complete 
| 202|0x000000008ca00000, 0x000000008ca00000, 0x000000008cb00000|  0%| F|  |TAMS 0x000000008ca00000, 0x000000008ca00000| Untracked 
| 203|0x000000008cb00000, 0x000000008cb00000, 0x000000008cc00000|  0%| F|  |TAMS 0x000000008cb00000, 0x000000008cb00000| Untracked 
| 204|0x000000008cc00000, 0x000000008cc00000, 0x000000008cd00000|  0%| F|  |TAMS 0x000000008cc00000, 0x000000008cc00000| Untracked 
| 205|0x000000008cd00000, 0x000000008cd00000, 0x000000008ce00000|  0%| F|  |TAMS 0x000000008cd00000, 0x000000008cd00000| Untracked 
| 206|0x000000008ce00000, 0x000000008ce00000, 0x000000008cf00000|  0%| F|  |TAMS 0x000000008ce00000, 0x000000008ce00000| Untracked 
| 207|0x000000008cf00000, 0x000000008cf00000, 0x000000008d000000|  0%| F|  |TAMS 0x000000008cf00000, 0x000000008cf00000| Untracked 
| 208|0x000000008d000000, 0x000000008d000000, 0x000000008d100000|  0%| F|  |TAMS 0x000000008d000000, 0x000000008d000000| Untracked 
| 209|0x000000008d100000, 0x000000008d100000, 0x000000008d200000|  0%| F|  |TAMS 0x000000008d100000, 0x000000008d100000| Untracked 
| 210|0x000000008d200000, 0x000000008d200000, 0x000000008d300000|  0%| F|  |TAMS 0x000000008d200000, 0x000000008d200000| Untracked 
| 211|0x000000008d300000, 0x000000008d300000, 0x000000008d400000|  0%| F|  |TAMS 0x000000008d300000, 0x000000008d300000| Untracked 
| 212|0x000000008d400000, 0x000000008d400000, 0x000000008d500000|  0%| F|  |TAMS 0x000000008d400000, 0x000000008d400000| Untracked 
| 213|0x000000008d500000, 0x000000008d500000, 0x000000008d600000|  0%| F|  |TAMS 0x000000008d500000, 0x000000008d500000| Untracked 
| 214|0x000000008d600000, 0x000000008d600000, 0x000000008d700000|  0%| F|  |TAMS 0x000000008d600000, 0x000000008d600000| Untracked 
| 215|0x000000008d700000, 0x000000008d700000, 0x000000008d800000|  0%| F|  |TAMS 0x000000008d700000, 0x000000008d700000| Untracked 
| 216|0x000000008d800000, 0x000000008d800000, 0x000000008d900000|  0%| F|  |TAMS 0x000000008d800000, 0x000000008d800000| Untracked 
| 217|0x000000008d900000, 0x000000008d900000, 0x000000008da00000|  0%| F|  |TAMS 0x000000008d900000, 0x000000008d900000| Untracked 
| 218|0x000000008da00000, 0x000000008da00000, 0x000000008db00000|  0%| F|  |TAMS 0x000000008da00000, 0x000000008da00000| Untracked 
| 219|0x000000008db00000, 0x000000008db00000, 0x000000008dc00000|  0%| F|  |TAMS 0x000000008db00000, 0x000000008db00000| Untracked 
| 220|0x000000008dc00000, 0x000000008dc00000, 0x000000008dd00000|  0%| F|  |TAMS 0x000000008dc00000, 0x000000008dc00000| Untracked 
| 221|0x000000008dd00000, 0x000000008dd00000, 0x000000008de00000|  0%| F|  |TAMS 0x000000008dd00000, 0x000000008dd00000| Untracked 
| 222|0x000000008de00000, 0x000000008de00000, 0x000000008df00000|  0%| F|  |TAMS 0x000000008de00000, 0x000000008de00000| Untracked 
| 223|0x000000008df00000, 0x000000008df00000, 0x000000008e000000|  0%| F|  |TAMS 0x000000008df00000, 0x000000008df00000| Untracked 
| 224|0x000000008e000000, 0x000000008e000000, 0x000000008e100000|  0%| F|  |TAMS 0x000000008e000000, 0x000000008e000000| Untracked 
| 225|0x000000008e100000, 0x000000008e100000, 0x000000008e200000|  0%| F|  |TAMS 0x000000008e100000, 0x000000008e100000| Untracked 
| 226|0x000000008e200000, 0x000000008e200000, 0x000000008e300000|  0%| F|  |TAMS 0x000000008e200000, 0x000000008e200000| Untracked 
| 227|0x000000008e300000, 0x000000008e300000, 0x000000008e400000|  0%| F|  |TAMS 0x000000008e300000, 0x000000008e300000| Untracked 
| 228|0x000000008e400000, 0x000000008e400000, 0x000000008e500000|  0%| F|  |TAMS 0x000000008e400000, 0x000000008e400000| Untracked 
| 229|0x000000008e500000, 0x000000008e500000, 0x000000008e600000|  0%| F|  |TAMS 0x000000008e500000, 0x000000008e500000| Untracked 
| 230|0x000000008e600000, 0x000000008e600000, 0x000000008e700000|  0%| F|  |TAMS 0x000000008e600000, 0x000000008e600000| Untracked 
| 231|0x000000008e700000, 0x000000008e700000, 0x000000008e800000|  0%| F|  |TAMS 0x000000008e700000, 0x000000008e700000| Untracked 
| 232|0x000000008e800000, 0x000000008e800000, 0x000000008e900000|  0%| F|  |TAMS 0x000000008e800000, 0x000000008e800000| Untracked 
| 233|0x000000008e900000, 0x000000008e900000, 0x000000008ea00000|  0%| F|  |TAMS 0x000000008e900000, 0x000000008e900000| Untracked 
| 234|0x000000008ea00000, 0x000000008ea00000, 0x000000008eb00000|  0%| F|  |TAMS 0x000000008ea00000, 0x000000008ea00000| Untracked 
| 235|0x000000008eb00000, 0x000000008eb00000, 0x000000008ec00000|  0%| F|  |TAMS 0x000000008eb00000, 0x000000008eb00000| Untracked 
| 236|0x000000008ec00000, 0x000000008ec00000, 0x000000008ed00000|  0%| F|  |TAMS 0x000000008ec00000, 0x000000008ec00000| Untracked 
| 237|0x000000008ed00000, 0x000000008ed00000, 0x000000008ee00000|  0%| F|  |TAMS 0x000000008ed00000, 0x000000008ed00000| Untracked 
| 238|0x000000008ee00000, 0x000000008ee00000, 0x000000008ef00000|  0%| F|  |TAMS 0x000000008ee00000, 0x000000008ee00000| Untracked 
| 239|0x000000008ef00000, 0x000000008ef00000, 0x000000008f000000|  0%| F|  |TAMS 0x000000008ef00000, 0x000000008ef00000| Untracked 
| 240|0x000000008f000000, 0x000000008f000000, 0x000000008f100000|  0%| F|  |TAMS 0x000000008f000000, 0x000000008f000000| Untracked 
| 241|0x000000008f100000, 0x000000008f100000, 0x000000008f200000|  0%| F|  |TAMS 0x000000008f100000, 0x000000008f100000| Untracked 
| 242|0x000000008f200000, 0x000000008f200000, 0x000000008f300000|  0%| F|  |TAMS 0x000000008f200000, 0x000000008f200000| Untracked 
| 243|0x000000008f300000, 0x000000008f300000, 0x000000008f400000|  0%| F|  |TAMS 0x000000008f300000, 0x000000008f300000| Untracked 
| 244|0x000000008f400000, 0x000000008f400000, 0x000000008f500000|  0%| F|  |TAMS 0x000000008f400000, 0x000000008f400000| Untracked 
| 245|0x000000008f500000, 0x000000008f500000, 0x000000008f600000|  0%| F|  |TAMS 0x000000008f500000, 0x000000008f500000| Untracked 
| 246|0x000000008f600000, 0x000000008f600000, 0x000000008f700000|  0%| F|  |TAMS 0x000000008f600000, 0x000000008f600000| Untracked 
| 247|0x000000008f700000, 0x000000008f700000, 0x000000008f800000|  0%| F|  |TAMS 0x000000008f700000, 0x000000008f700000| Untracked 
| 248|0x000000008f800000, 0x000000008f800000, 0x000000008f900000|  0%| F|  |TAMS 0x000000008f800000, 0x000000008f800000| Untracked 
| 249|0x000000008f900000, 0x000000008f900000, 0x000000008fa00000|  0%| F|  |TAMS 0x000000008f900000, 0x000000008f900000| Untracked 
| 250|0x000000008fa00000, 0x000000008fa00000, 0x000000008fb00000|  0%| F|  |TAMS 0x000000008fa00000, 0x000000008fa00000| Untracked 
| 251|0x000000008fb00000, 0x000000008fb00000, 0x000000008fc00000|  0%| F|  |TAMS 0x000000008fb00000, 0x000000008fb00000| Untracked 
| 252|0x000000008fc00000, 0x000000008fc00000, 0x000000008fd00000|  0%| F|  |TAMS 0x000000008fc00000, 0x000000008fc00000| Untracked 
| 253|0x000000008fd00000, 0x000000008fd00000, 0x000000008fe00000|  0%| F|  |TAMS 0x000000008fd00000, 0x000000008fd00000| Untracked 
| 254|0x000000008fe00000, 0x000000008fe00000, 0x000000008ff00000|  0%| F|  |TAMS 0x000000008fe00000, 0x000000008fe00000| Untracked 
| 255|0x000000008ff00000, 0x000000008ff00000, 0x0000000090000000|  0%| F|  |TAMS 0x000000008ff00000, 0x000000008ff00000| Untracked 
| 256|0x0000000090000000, 0x0000000090000000, 0x0000000090100000|  0%| F|  |TAMS 0x0000000090000000, 0x0000000090000000| Untracked 
| 257|0x0000000090100000, 0x0000000090100000, 0x0000000090200000|  0%| F|  |TAMS 0x0000000090100000, 0x0000000090100000| Untracked 
| 258|0x0000000090200000, 0x0000000090264368, 0x0000000090300000| 39%| E|  |TAMS 0x0000000090200000, 0x0000000090200000| Complete 
| 259|0x0000000090300000, 0x0000000090400000, 0x0000000090400000|100%| E|CS|TAMS 0x0000000090300000, 0x0000000090300000| Complete 
| 260|0x0000000090400000, 0x0000000090500000, 0x0000000090500000|100%| E|CS|TAMS 0x0000000090400000, 0x0000000090400000| Complete 
| 261|0x0000000090500000, 0x0000000090600000, 0x0000000090600000|100%| E|CS|TAMS 0x0000000090500000, 0x0000000090500000| Complete 
| 262|0x0000000090600000, 0x0000000090700000, 0x0000000090700000|100%| E|CS|TAMS 0x0000000090600000, 0x0000000090600000| Complete 
| 263|0x0000000090700000, 0x0000000090800000, 0x0000000090800000|100%| E|CS|TAMS 0x0000000090700000, 0x0000000090700000| Complete 
| 264|0x0000000090800000, 0x0000000090900000, 0x0000000090900000|100%| E|CS|TAMS 0x0000000090800000, 0x0000000090800000| Complete 
| 265|0x0000000090900000, 0x0000000090a00000, 0x0000000090a00000|100%| E|CS|TAMS 0x0000000090900000, 0x0000000090900000| Complete 
| 266|0x0000000090a00000, 0x0000000090b00000, 0x0000000090b00000|100%| E|CS|TAMS 0x0000000090a00000, 0x0000000090a00000| Complete 
| 267|0x0000000090b00000, 0x0000000090c00000, 0x0000000090c00000|100%| E|CS|TAMS 0x0000000090b00000, 0x0000000090b00000| Complete 
| 268|0x0000000090c00000, 0x0000000090d00000, 0x0000000090d00000|100%| E|CS|TAMS 0x0000000090c00000, 0x0000000090c00000| Complete 
| 269|0x0000000090d00000, 0x0000000090e00000, 0x0000000090e00000|100%| E|CS|TAMS 0x0000000090d00000, 0x0000000090d00000| Complete 
| 270|0x0000000090e00000, 0x0000000090f00000, 0x0000000090f00000|100%| E|CS|TAMS 0x0000000090e00000, 0x0000000090e00000| Complete 
| 271|0x0000000090f00000, 0x0000000091000000, 0x0000000091000000|100%| E|CS|TAMS 0x0000000090f00000, 0x0000000090f00000| Complete 
| 272|0x0000000091000000, 0x0000000091100000, 0x0000000091100000|100%| E|CS|TAMS 0x0000000091000000, 0x0000000091000000| Complete 
| 273|0x0000000091100000, 0x0000000091200000, 0x0000000091200000|100%| E|CS|TAMS 0x0000000091100000, 0x0000000091100000| Complete 
| 274|0x0000000091200000, 0x0000000091300000, 0x0000000091300000|100%| E|CS|TAMS 0x0000000091200000, 0x0000000091200000| Complete 
| 275|0x0000000091300000, 0x0000000091400000, 0x0000000091400000|100%| E|CS|TAMS 0x0000000091300000, 0x0000000091300000| Complete 
| 276|0x0000000091400000, 0x0000000091500000, 0x0000000091500000|100%| E|CS|TAMS 0x0000000091400000, 0x0000000091400000| Complete 
| 277|0x0000000091500000, 0x0000000091600000, 0x0000000091600000|100%| E|CS|TAMS 0x0000000091500000, 0x0000000091500000| Complete 
| 278|0x0000000091600000, 0x0000000091700000, 0x0000000091700000|100%| E|CS|TAMS 0x0000000091600000, 0x0000000091600000| Complete 
| 279|0x0000000091700000, 0x0000000091800000, 0x0000000091800000|100%| E|CS|TAMS 0x0000000091700000, 0x0000000091700000| Complete 
| 280|0x0000000091800000, 0x0000000091900000, 0x0000000091900000|100%| E|CS|TAMS 0x0000000091800000, 0x0000000091800000| Complete 
| 281|0x0000000091900000, 0x0000000091a00000, 0x0000000091a00000|100%| E|CS|TAMS 0x0000000091900000, 0x0000000091900000| Complete 
| 282|0x0000000091a00000, 0x0000000091b00000, 0x0000000091b00000|100%| E|CS|TAMS 0x0000000091a00000, 0x0000000091a00000| Complete 
| 283|0x0000000091b00000, 0x0000000091c00000, 0x0000000091c00000|100%| E|CS|TAMS 0x0000000091b00000, 0x0000000091b00000| Complete 
| 284|0x0000000091c00000, 0x0000000091d00000, 0x0000000091d00000|100%| E|CS|TAMS 0x0000000091c00000, 0x0000000091c00000| Complete 
| 285|0x0000000091d00000, 0x0000000091e00000, 0x0000000091e00000|100%| E|CS|TAMS 0x0000000091d00000, 0x0000000091d00000| Complete 
| 286|0x0000000091e00000, 0x0000000091f00000, 0x0000000091f00000|100%| E|CS|TAMS 0x0000000091e00000, 0x0000000091e00000| Complete 
| 287|0x0000000091f00000, 0x0000000092000000, 0x0000000092000000|100%| E|CS|TAMS 0x0000000091f00000, 0x0000000091f00000| Complete 
| 288|0x0000000092000000, 0x0000000092100000, 0x0000000092100000|100%| E|CS|TAMS 0x0000000092000000, 0x0000000092000000| Complete 
| 289|0x0000000092100000, 0x0000000092200000, 0x0000000092200000|100%| E|CS|TAMS 0x0000000092100000, 0x0000000092100000| Complete 
| 290|0x0000000092200000, 0x0000000092300000, 0x0000000092300000|100%| E|CS|TAMS 0x0000000092200000, 0x0000000092200000| Complete 
| 291|0x0000000092300000, 0x0000000092400000, 0x0000000092400000|100%| E|CS|TAMS 0x0000000092300000, 0x0000000092300000| Complete 
| 292|0x0000000092400000, 0x0000000092500000, 0x0000000092500000|100%| E|CS|TAMS 0x0000000092400000, 0x0000000092400000| Complete 
| 293|0x0000000092500000, 0x0000000092600000, 0x0000000092600000|100%| E|CS|TAMS 0x0000000092500000, 0x0000000092500000| Complete 
| 294|0x0000000092600000, 0x0000000092700000, 0x0000000092700000|100%| E|CS|TAMS 0x0000000092600000, 0x0000000092600000| Complete 
| 295|0x0000000092700000, 0x0000000092800000, 0x0000000092800000|100%| E|CS|TAMS 0x0000000092700000, 0x0000000092700000| Complete 
| 296|0x0000000092800000, 0x0000000092900000, 0x0000000092900000|100%| E|CS|TAMS 0x0000000092800000, 0x0000000092800000| Complete 
| 297|0x0000000092900000, 0x0000000092a00000, 0x0000000092a00000|100%| E|CS|TAMS 0x0000000092900000, 0x0000000092900000| Complete 
| 298|0x0000000092a00000, 0x0000000092b00000, 0x0000000092b00000|100%| E|CS|TAMS 0x0000000092a00000, 0x0000000092a00000| Complete 
| 299|0x0000000092b00000, 0x0000000092c00000, 0x0000000092c00000|100%| E|CS|TAMS 0x0000000092b00000, 0x0000000092b00000| Complete 
| 300|0x0000000092c00000, 0x0000000092d00000, 0x0000000092d00000|100%| E|CS|TAMS 0x0000000092c00000, 0x0000000092c00000| Complete 
| 301|0x0000000092d00000, 0x0000000092e00000, 0x0000000092e00000|100%| E|CS|TAMS 0x0000000092d00000, 0x0000000092d00000| Complete 
| 302|0x0000000092e00000, 0x0000000092f00000, 0x0000000092f00000|100%| E|CS|TAMS 0x0000000092e00000, 0x0000000092e00000| Complete 
| 303|0x0000000092f00000, 0x0000000093000000, 0x0000000093000000|100%| E|CS|TAMS 0x0000000092f00000, 0x0000000092f00000| Complete 
| 304|0x0000000093000000, 0x0000000093100000, 0x0000000093100000|100%| E|CS|TAMS 0x0000000093000000, 0x0000000093000000| Complete 
| 305|0x0000000093100000, 0x0000000093200000, 0x0000000093200000|100%| E|CS|TAMS 0x0000000093100000, 0x0000000093100000| Complete 
| 306|0x0000000093200000, 0x0000000093300000, 0x0000000093300000|100%| E|CS|TAMS 0x0000000093200000, 0x0000000093200000| Complete 
| 307|0x0000000093300000, 0x0000000093400000, 0x0000000093400000|100%| E|CS|TAMS 0x0000000093300000, 0x0000000093300000| Complete 
| 308|0x0000000093400000, 0x0000000093500000, 0x0000000093500000|100%| E|CS|TAMS 0x0000000093400000, 0x0000000093400000| Complete 
| 309|0x0000000093500000, 0x0000000093600000, 0x0000000093600000|100%| E|CS|TAMS 0x0000000093500000, 0x0000000093500000| Complete 
| 310|0x0000000093600000, 0x0000000093700000, 0x0000000093700000|100%| E|CS|TAMS 0x0000000093600000, 0x0000000093600000| Complete 
| 311|0x0000000093700000, 0x0000000093800000, 0x0000000093800000|100%| E|CS|TAMS 0x0000000093700000, 0x0000000093700000| Complete 
| 312|0x0000000093800000, 0x0000000093900000, 0x0000000093900000|100%| E|CS|TAMS 0x0000000093800000, 0x0000000093800000| Complete 
| 313|0x0000000093900000, 0x0000000093a00000, 0x0000000093a00000|100%| E|CS|TAMS 0x0000000093900000, 0x0000000093900000| Complete 
| 314|0x0000000093a00000, 0x0000000093b00000, 0x0000000093b00000|100%| E|CS|TAMS 0x0000000093a00000, 0x0000000093a00000| Complete 
| 315|0x0000000093b00000, 0x0000000093c00000, 0x0000000093c00000|100%| E|CS|TAMS 0x0000000093b00000, 0x0000000093b00000| Complete 
| 316|0x0000000093c00000, 0x0000000093d00000, 0x0000000093d00000|100%| E|CS|TAMS 0x0000000093c00000, 0x0000000093c00000| Complete 
| 317|0x0000000093d00000, 0x0000000093e00000, 0x0000000093e00000|100%| E|CS|TAMS 0x0000000093d00000, 0x0000000093d00000| Complete 
| 318|0x0000000093e00000, 0x0000000093f00000, 0x0000000093f00000|100%| E|CS|TAMS 0x0000000093e00000, 0x0000000093e00000| Complete 
| 319|0x0000000093f00000, 0x0000000094000000, 0x0000000094000000|100%| E|CS|TAMS 0x0000000093f00000, 0x0000000093f00000| Complete 
| 320|0x0000000094000000, 0x0000000094100000, 0x0000000094100000|100%| E|CS|TAMS 0x0000000094000000, 0x0000000094000000| Complete 
| 321|0x0000000094100000, 0x0000000094200000, 0x0000000094200000|100%| E|CS|TAMS 0x0000000094100000, 0x0000000094100000| Complete 
| 322|0x0000000094200000, 0x0000000094300000, 0x0000000094300000|100%| E|CS|TAMS 0x0000000094200000, 0x0000000094200000| Complete 
| 323|0x0000000094300000, 0x0000000094400000, 0x0000000094400000|100%| E|CS|TAMS 0x0000000094300000, 0x0000000094300000| Complete 
| 324|0x0000000094400000, 0x0000000094500000, 0x0000000094500000|100%| E|CS|TAMS 0x0000000094400000, 0x0000000094400000| Complete 
| 325|0x0000000094500000, 0x0000000094600000, 0x0000000094600000|100%| E|CS|TAMS 0x0000000094500000, 0x0000000094500000| Complete 
| 326|0x0000000094600000, 0x0000000094700000, 0x0000000094700000|100%| E|CS|TAMS 0x0000000094600000, 0x0000000094600000| Complete 
| 327|0x0000000094700000, 0x0000000094800000, 0x0000000094800000|100%| E|CS|TAMS 0x0000000094700000, 0x0000000094700000| Complete 
| 328|0x0000000094800000, 0x0000000094900000, 0x0000000094900000|100%| E|CS|TAMS 0x0000000094800000, 0x0000000094800000| Complete 
| 329|0x0000000094900000, 0x0000000094a00000, 0x0000000094a00000|100%| E|CS|TAMS 0x0000000094900000, 0x0000000094900000| Complete 
| 330|0x0000000094a00000, 0x0000000094b00000, 0x0000000094b00000|100%| E|CS|TAMS 0x0000000094a00000, 0x0000000094a00000| Complete 
| 331|0x0000000094b00000, 0x0000000094c00000, 0x0000000094c00000|100%| E|CS|TAMS 0x0000000094b00000, 0x0000000094b00000| Complete 
| 332|0x0000000094c00000, 0x0000000094d00000, 0x0000000094d00000|100%| E|CS|TAMS 0x0000000094c00000, 0x0000000094c00000| Complete 
| 333|0x0000000094d00000, 0x0000000094e00000, 0x0000000094e00000|100%| E|CS|TAMS 0x0000000094d00000, 0x0000000094d00000| Complete 
| 334|0x0000000094e00000, 0x0000000094f00000, 0x0000000094f00000|100%| E|CS|TAMS 0x0000000094e00000, 0x0000000094e00000| Complete 
| 335|0x0000000094f00000, 0x0000000095000000, 0x0000000095000000|100%| E|CS|TAMS 0x0000000094f00000, 0x0000000094f00000| Complete 
| 336|0x0000000095000000, 0x0000000095100000, 0x0000000095100000|100%| E|CS|TAMS 0x0000000095000000, 0x0000000095000000| Complete 
| 337|0x0000000095100000, 0x0000000095200000, 0x0000000095200000|100%| E|CS|TAMS 0x0000000095100000, 0x0000000095100000| Complete 
| 338|0x0000000095200000, 0x0000000095300000, 0x0000000095300000|100%| E|CS|TAMS 0x0000000095200000, 0x0000000095200000| Complete 
| 339|0x0000000095300000, 0x0000000095400000, 0x0000000095400000|100%| E|CS|TAMS 0x0000000095300000, 0x0000000095300000| Complete 
| 340|0x0000000095400000, 0x0000000095500000, 0x0000000095500000|100%| E|CS|TAMS 0x0000000095400000, 0x0000000095400000| Complete 
| 341|0x0000000095500000, 0x0000000095600000, 0x0000000095600000|100%| E|CS|TAMS 0x0000000095500000, 0x0000000095500000| Complete 
| 342|0x0000000095600000, 0x0000000095700000, 0x0000000095700000|100%| E|CS|TAMS 0x0000000095600000, 0x0000000095600000| Complete 
| 343|0x0000000095700000, 0x0000000095800000, 0x0000000095800000|100%| E|CS|TAMS 0x0000000095700000, 0x0000000095700000| Complete 
| 344|0x0000000095800000, 0x0000000095900000, 0x0000000095900000|100%| E|CS|TAMS 0x0000000095800000, 0x0000000095800000| Complete 
| 345|0x0000000095900000, 0x0000000095a00000, 0x0000000095a00000|100%| E|CS|TAMS 0x0000000095900000, 0x0000000095900000| Complete 
| 346|0x0000000095a00000, 0x0000000095b00000, 0x0000000095b00000|100%| E|CS|TAMS 0x0000000095a00000, 0x0000000095a00000| Complete 
| 347|0x0000000095b00000, 0x0000000095c00000, 0x0000000095c00000|100%| E|CS|TAMS 0x0000000095b00000, 0x0000000095b00000| Complete 
| 348|0x0000000095c00000, 0x0000000095d00000, 0x0000000095d00000|100%| E|CS|TAMS 0x0000000095c00000, 0x0000000095c00000| Complete 
| 349|0x0000000095d00000, 0x0000000095e00000, 0x0000000095e00000|100%| E|CS|TAMS 0x0000000095d00000, 0x0000000095d00000| Complete 
| 350|0x0000000095e00000, 0x0000000095f00000, 0x0000000095f00000|100%| E|CS|TAMS 0x0000000095e00000, 0x0000000095e00000| Complete 
| 351|0x0000000095f00000, 0x0000000096000000, 0x0000000096000000|100%| E|CS|TAMS 0x0000000095f00000, 0x0000000095f00000| Complete 
| 352|0x0000000096000000, 0x0000000096100000, 0x0000000096100000|100%| E|CS|TAMS 0x0000000096000000, 0x0000000096000000| Complete 
| 353|0x0000000096100000, 0x0000000096200000, 0x0000000096200000|100%| E|CS|TAMS 0x0000000096100000, 0x0000000096100000| Complete 
| 354|0x0000000096200000, 0x0000000096300000, 0x0000000096300000|100%| E|CS|TAMS 0x0000000096200000, 0x0000000096200000| Complete 
| 355|0x0000000096300000, 0x0000000096400000, 0x0000000096400000|100%| E|CS|TAMS 0x0000000096300000, 0x0000000096300000| Complete 
| 356|0x0000000096400000, 0x0000000096500000, 0x0000000096500000|100%| E|CS|TAMS 0x0000000096400000, 0x0000000096400000| Complete 
| 357|0x0000000096500000, 0x0000000096600000, 0x0000000096600000|100%| E|CS|TAMS 0x0000000096500000, 0x0000000096500000| Complete 
| 358|0x0000000096600000, 0x0000000096700000, 0x0000000096700000|100%| E|CS|TAMS 0x0000000096600000, 0x0000000096600000| Complete 
| 359|0x0000000096700000, 0x0000000096800000, 0x0000000096800000|100%| E|CS|TAMS 0x0000000096700000, 0x0000000096700000| Complete 
| 360|0x0000000096800000, 0x0000000096900000, 0x0000000096900000|100%| E|CS|TAMS 0x0000000096800000, 0x0000000096800000| Complete 
| 361|0x0000000096900000, 0x0000000096a00000, 0x0000000096a00000|100%| E|CS|TAMS 0x0000000096900000, 0x0000000096900000| Complete 
| 362|0x0000000096a00000, 0x0000000096b00000, 0x0000000096b00000|100%| E|CS|TAMS 0x0000000096a00000, 0x0000000096a00000| Complete 
| 363|0x0000000096b00000, 0x0000000096c00000, 0x0000000096c00000|100%| E|CS|TAMS 0x0000000096b00000, 0x0000000096b00000| Complete 
| 364|0x0000000096c00000, 0x0000000096d00000, 0x0000000096d00000|100%| E|CS|TAMS 0x0000000096c00000, 0x0000000096c00000| Complete 
| 365|0x0000000096d00000, 0x0000000096e00000, 0x0000000096e00000|100%| E|CS|TAMS 0x0000000096d00000, 0x0000000096d00000| Complete 
| 366|0x0000000096e00000, 0x0000000096f00000, 0x0000000096f00000|100%| E|CS|TAMS 0x0000000096e00000, 0x0000000096e00000| Complete 
| 367|0x0000000096f00000, 0x0000000097000000, 0x0000000097000000|100%| E|CS|TAMS 0x0000000096f00000, 0x0000000096f00000| Complete 
| 368|0x0000000097000000, 0x0000000097100000, 0x0000000097100000|100%| E|CS|TAMS 0x0000000097000000, 0x0000000097000000| Complete 
| 369|0x0000000097100000, 0x0000000097200000, 0x0000000097200000|100%| E|CS|TAMS 0x0000000097100000, 0x0000000097100000| Complete 
| 370|0x0000000097200000, 0x0000000097300000, 0x0000000097300000|100%| E|CS|TAMS 0x0000000097200000, 0x0000000097200000| Complete 
| 371|0x0000000097300000, 0x0000000097400000, 0x0000000097400000|100%| E|CS|TAMS 0x0000000097300000, 0x0000000097300000| Complete 
| 372|0x0000000097400000, 0x0000000097500000, 0x0000000097500000|100%| E|CS|TAMS 0x0000000097400000, 0x0000000097400000| Complete 
| 373|0x0000000097500000, 0x0000000097600000, 0x0000000097600000|100%| E|CS|TAMS 0x0000000097500000, 0x0000000097500000| Complete 
| 374|0x0000000097600000, 0x0000000097700000, 0x0000000097700000|100%| E|CS|TAMS 0x0000000097600000, 0x0000000097600000| Complete 
| 375|0x0000000097700000, 0x0000000097800000, 0x0000000097800000|100%| E|CS|TAMS 0x0000000097700000, 0x0000000097700000| Complete 
| 376|0x0000000097800000, 0x0000000097900000, 0x0000000097900000|100%| E|CS|TAMS 0x0000000097800000, 0x0000000097800000| Complete 
| 377|0x0000000097900000, 0x0000000097a00000, 0x0000000097a00000|100%| E|CS|TAMS 0x0000000097900000, 0x0000000097900000| Complete 
| 378|0x0000000097a00000, 0x0000000097b00000, 0x0000000097b00000|100%| E|CS|TAMS 0x0000000097a00000, 0x0000000097a00000| Complete 
| 379|0x0000000097b00000, 0x0000000097c00000, 0x0000000097c00000|100%| E|CS|TAMS 0x0000000097b00000, 0x0000000097b00000| Complete 
| 380|0x0000000097c00000, 0x0000000097d00000, 0x0000000097d00000|100%| E|CS|TAMS 0x0000000097c00000, 0x0000000097c00000| Complete 
| 381|0x0000000097d00000, 0x0000000097e00000, 0x0000000097e00000|100%| E|CS|TAMS 0x0000000097d00000, 0x0000000097d00000| Complete 
| 382|0x0000000097e00000, 0x0000000097f00000, 0x0000000097f00000|100%| E|CS|TAMS 0x0000000097e00000, 0x0000000097e00000| Complete 
| 383|0x0000000097f00000, 0x0000000098000000, 0x0000000098000000|100%| E|CS|TAMS 0x0000000097f00000, 0x0000000097f00000| Complete 
| 384|0x0000000098000000, 0x0000000098100000, 0x0000000098100000|100%| E|CS|TAMS 0x0000000098000000, 0x0000000098000000| Complete 
| 385|0x0000000098100000, 0x0000000098200000, 0x0000000098200000|100%| E|CS|TAMS 0x0000000098100000, 0x0000000098100000| Complete 
| 386|0x0000000098200000, 0x0000000098300000, 0x0000000098300000|100%| E|CS|TAMS 0x0000000098200000, 0x0000000098200000| Complete 
| 387|0x0000000098300000, 0x0000000098400000, 0x0000000098400000|100%| E|CS|TAMS 0x0000000098300000, 0x0000000098300000| Complete 
| 388|0x0000000098400000, 0x0000000098500000, 0x0000000098500000|100%| E|CS|TAMS 0x0000000098400000, 0x0000000098400000| Complete 
| 389|0x0000000098500000, 0x0000000098600000, 0x0000000098600000|100%| E|CS|TAMS 0x0000000098500000, 0x0000000098500000| Complete 
| 390|0x0000000098600000, 0x0000000098700000, 0x0000000098700000|100%| E|CS|TAMS 0x0000000098600000, 0x0000000098600000| Complete 
| 391|0x0000000098700000, 0x0000000098800000, 0x0000000098800000|100%| E|CS|TAMS 0x0000000098700000, 0x0000000098700000| Complete 
| 392|0x0000000098800000, 0x0000000098900000, 0x0000000098900000|100%| E|CS|TAMS 0x0000000098800000, 0x0000000098800000| Complete 
| 393|0x0000000098900000, 0x0000000098a00000, 0x0000000098a00000|100%| E|CS|TAMS 0x0000000098900000, 0x0000000098900000| Complete 
| 394|0x0000000098a00000, 0x0000000098b00000, 0x0000000098b00000|100%| E|CS|TAMS 0x0000000098a00000, 0x0000000098a00000| Complete 
| 395|0x0000000098b00000, 0x0000000098c00000, 0x0000000098c00000|100%| E|CS|TAMS 0x0000000098b00000, 0x0000000098b00000| Complete 
| 396|0x0000000098c00000, 0x0000000098d00000, 0x0000000098d00000|100%| E|CS|TAMS 0x0000000098c00000, 0x0000000098c00000| Complete 
|2041|0x00000000ff900000, 0x00000000ffa00000, 0x00000000ffa00000|100%| O|  |TAMS 0x00000000ffa00000, 0x00000000ff900000| Untracked 
|2042|0x00000000ffa00000, 0x00000000ffb00000, 0x00000000ffb00000|100%| O|  |TAMS 0x00000000ffb00000, 0x00000000ffa00000| Untracked 
|2043|0x00000000ffb00000, 0x00000000ffc00000, 0x00000000ffc00000|100%| O|  |TAMS 0x00000000ffc00000, 0x00000000ffb00000| Untracked 
|2044|0x00000000ffc00000, 0x00000000ffd00000, 0x00000000ffd00000|100%| O|  |TAMS 0x00000000ffd00000, 0x00000000ffc00000| Untracked 
|2045|0x00000000ffd00000, 0x00000000ffe00000, 0x00000000ffe00000|100%| O|  |TAMS 0x00000000ffe00000, 0x00000000ffd00000| Untracked 
|2046|0x00000000ffe00000, 0x00000000fff00000, 0x00000000fff00000|100%| O|  |TAMS 0x00000000fff00000, 0x00000000ffe00000| Untracked 
|2047|0x00000000fff00000, 0x0000000100000000, 0x0000000100000000|100%| O|  |TAMS 0x0000000100000000, 0x00000000fff00000| Untracked 

Card table byte_map: [0x0000024bdc8b0000,0x0000024bdccb0000] _byte_map_base: 0x0000024bdc4b0000

Marking Bits (Prev, Next): (CMBitMap*) 0x0000024bc566ab10, (CMBitMap*) 0x0000024bc566ab50
 Prev Bits: [0x0000024bdd0b0000, 0x0000024bdf0b0000)
 Next Bits: [0x0000024bdf0b0000, 0x0000024be10b0000)

Polling page: 0x0000024bc36b0000

Metaspace:

Usage:
  Non-class:     87.10 MB used.
      Class:     14.11 MB used.
       Both:    101.20 MB used.

Virtual space:
  Non-class space:      128.00 MB reserved,      87.62 MB ( 68%) committed,  2 nodes.
      Class space:      416.00 MB reserved,      14.62 MB (  4%) committed,  1 nodes.
             Both:      544.00 MB reserved,     102.25 MB ( 19%) committed. 

Chunk freelists:
   Non-Class:  7.88 MB
       Class:  1.34 MB
        Both:  9.21 MB

MaxMetaspaceSize: 512.00 MB
CompressedClassSpaceSize: 416.00 MB
Initial GC threshold: 21.00 MB
Current GC threshold: 122.44 MB
CDS: on
MetaspaceReclaimPolicy: balanced
 - commit_granule_bytes: 65536.
 - commit_granule_words: 8192.
 - virtual_space_node_default_size: 8388608.
 - enlarge_chunks_in_place: 1.
 - new_chunks_are_fully_committed: 0.
 - uncommit_free_chunks: 1.
 - use_allocation_guard: 0.
 - handle_deallocations: 1.


Internal statistics:

num_allocs_failed_limit: 6.
num_arena_births: 1490.
num_arena_deaths: 0.
num_vsnodes_births: 3.
num_vsnodes_deaths: 0.
num_space_committed: 1636.
num_space_uncommitted: 0.
num_chunks_returned_to_freelist: 6.
num_chunks_taken_from_freelist: 6167.
num_chunk_merges: 6.
num_chunk_splits: 3947.
num_chunks_enlarged: 2521.
num_inconsistent_stats: 0.

CodeHeap 'non-profiled nmethods': size=120000Kb used=6488Kb max_used=6488Kb free=113511Kb
 bounds [0x0000024bd4c50000, 0x0000024bd52b0000, 0x0000024bdc180000]
CodeHeap 'profiled nmethods': size=120000Kb used=23485Kb max_used=23485Kb free=96514Kb
 bounds [0x0000024bcd180000, 0x0000024bce870000, 0x0000024bd46b0000]
CodeHeap 'non-nmethods': size=5760Kb used=2457Kb max_used=2499Kb free=3302Kb
 bounds [0x0000024bd46b0000, 0x0000024bd4930000, 0x0000024bd4c50000]
 total_blobs=13024 nmethods=12035 adapters=901
 compilation: enabled
              stopped_count=0, restarted_count=0
 full_count=0

Compilation events (20 events):
Event: 43.900 Thread 0x0000024be3b836e0 nmethod 14128 0x0000024bce859c90 code [0x0000024bce859f20, 0x0000024bce85ab58]
Event: 43.900 Thread 0x0000024be3b836e0 14129       2       org.gradle.api.internal.artifacts.ivyservice.resolveengine.graph.builder.ResolveState::getRevision (10 bytes)
Event: 43.900 Thread 0x0000024be3b836e0 nmethod 14129 0x0000024bce85b190 code [0x0000024bce85b340, 0x0000024bce85b468]
Event: 43.927 Thread 0x0000024be3b836e0 14130       2       org.gradle.api.internal.artifacts.ivyservice.modulecache.ModuleMetadataSerializer$Reader::readVariantDependencies (129 bytes)
Event: 43.928 Thread 0x0000024be3b836e0 nmethod 14130 0x0000024bce85b510 code [0x0000024bce85b740, 0x0000024bce85bd38]
Event: 43.928 Thread 0x0000024be3b836e0 14132       2       org.gradle.api.internal.artifacts.ivyservice.modulecache.ModuleMetadataSerializer$Reader::readVariantFiles (48 bytes)
Event: 43.929 Thread 0x0000024be3b836e0 nmethod 14132 0x0000024bce85c210 code [0x0000024bce85c3e0, 0x0000024bce85c658]
Event: 43.929 Thread 0x0000024be3b836e0 14131       2       org.gradle.api.internal.artifacts.ivyservice.modulecache.ModuleMetadataSerializer$Reader::readVariantConstraints (87 bytes)
Event: 43.930 Thread 0x0000024be3b836e0 nmethod 14131 0x0000024bce85c810 code [0x0000024bce85ca00, 0x0000024bce85ce78]
Event: 43.930 Thread 0x0000024be3b836e0 14133       2       org.gradle.api.internal.artifacts.ivyservice.modulecache.ModuleMetadataSerializer$Reader::readVariantCapabilities (97 bytes)
Event: 43.930 Thread 0x0000024be3b836e0 nmethod 14133 0x0000024bce85d210 code [0x0000024bce85d420, 0x0000024bce85d838]
Event: 43.930 Thread 0x0000024be3b836e0 14134       2       org.gradle.api.internal.artifacts.dsl.dependencies.PlatformSupport::hasForcedDependencies (20 bytes)
Event: 43.931 Thread 0x0000024be3b836e0 nmethod 14134 0x0000024bce85db10 code [0x0000024bce85dce0, 0x0000024bce85dea8]
Event: 43.931 Thread 0x0000024be3b836e0 14135       2       org.gradle.api.internal.artifacts.repositories.metadata.DefaultMavenAttributesFactory::concat (12 bytes)
Event: 43.931 Thread 0x0000024be3b836e0 nmethod 14135 0x0000024bce85df90 code [0x0000024bce85e140, 0x0000024bce85e268]
Event: 43.935 Thread 0x0000024be3b836e0 14136       2       org.gradle.api.internal.artifacts.ivyservice.resolveengine.graph.builder.NodeState::cacheDependencyStates (72 bytes)
Event: 43.936 Thread 0x0000024be3b836e0 nmethod 14136 0x0000024bce85e310 code [0x0000024bce85e560, 0x0000024bce85eb88]
Event: 43.936 Thread 0x0000024be3b836e0 14137       3       org.gradle.internal.component.model.DefaultExternalModuleComponentGraphResolveState::getCandidatesForGraphVariantSelection (9 bytes)
Event: 43.937 Thread 0x0000024be3b836e0 nmethod 14137 0x0000024bce85ef90 code [0x0000024bce85f160, 0x0000024bce85f648]
Event: 43.940 Thread 0x0000024be3b836e0 14138       2       org.gradle.internal.component.external.model.DefaultConfigurationMetadata::withConstraints (110 bytes)

GC Heap History (20 events):
Event: 22.504 GC heap before
{Heap before GC invocations=28 (full 0):
 garbage-first heap   total 122880K, used 73922K [0x0000000080000000, 0x0000000100000000)
  region size 1024K, 6 young (6144K), 2 survivors (2048K)
 Metaspace       used 71178K, committed 72000K, reserved 491520K
  class space    used 10113K, committed 10496K, reserved 425984K
}
Event: 22.512 GC heap after
{Heap after GC invocations=29 (full 0):
 garbage-first heap   total 150528K, used 69621K [0x0000000080000000, 0x0000000100000000)
  region size 1024K, 1 young (1024K), 1 survivors (1024K)
 Metaspace       used 71178K, committed 72000K, reserved 491520K
  class space    used 10113K, committed 10496K, reserved 425984K
}
Event: 23.975 GC heap before
{Heap before GC invocations=29 (full 0):
 garbage-first heap   total 150528K, used 111605K [0x0000000080000000, 0x0000000100000000)
  region size 1024K, 43 young (44032K), 1 survivors (1024K)
 Metaspace       used 72617K, committed 73408K, reserved 491520K
  class space    used 10335K, committed 10688K, reserved 425984K
}
Event: 23.985 GC heap after
{Heap after GC invocations=30 (full 0):
 garbage-first heap   total 150528K, used 75592K [0x0000000080000000, 0x0000000100000000)
  region size 1024K, 7 young (7168K), 7 survivors (7168K)
 Metaspace       used 72617K, committed 73408K, reserved 491520K
  class space    used 10335K, committed 10688K, reserved 425984K
}
Event: 25.742 GC heap before
{Heap before GC invocations=31 (full 0):
 garbage-first heap   total 150528K, used 119624K [0x0000000080000000, 0x0000000100000000)
  region size 1024K, 50 young (51200K), 7 survivors (7168K)
 Metaspace       used 74094K, committed 74944K, reserved 491520K
  class space    used 10484K, committed 10880K, reserved 425984K
}
Event: 25.756 GC heap after
{Heap after GC invocations=32 (full 0):
 garbage-first heap   total 150528K, used 81670K [0x0000000080000000, 0x0000000100000000)
  region size 1024K, 7 young (7168K), 7 survivors (7168K)
 Metaspace       used 74094K, committed 74944K, reserved 491520K
  class space    used 10484K, committed 10880K, reserved 425984K
}
Event: 25.767 GC heap before
{Heap before GC invocations=32 (full 0):
 garbage-first heap   total 150528K, used 82694K [0x0000000080000000, 0x0000000100000000)
  region size 1024K, 8 young (8192K), 7 survivors (7168K)
 Metaspace       used 74100K, committed 74944K, reserved 491520K
  class space    used 10484K, committed 10880K, reserved 425984K
}
Event: 25.776 GC heap after
{Heap after GC invocations=33 (full 0):
 garbage-first heap   total 150528K, used 80789K [0x0000000080000000, 0x0000000100000000)
  region size 1024K, 1 young (1024K), 1 survivors (1024K)
 Metaspace       used 74100K, committed 74944K, reserved 491520K
  class space    used 10484K, committed 10880K, reserved 425984K
}
Event: 26.513 GC heap before
{Heap before GC invocations=33 (full 0):
 garbage-first heap   total 150528K, used 119701K [0x0000000080000000, 0x0000000100000000)
  region size 1024K, 40 young (40960K), 1 survivors (1024K)
 Metaspace       used 74321K, committed 75200K, reserved 491520K
  class space    used 10485K, committed 10880K, reserved 425984K
}
Event: 26.520 GC heap after
{Heap after GC invocations=34 (full 0):
 garbage-first heap   total 150528K, used 83720K [0x0000000080000000, 0x0000000100000000)
  region size 1024K, 4 young (4096K), 4 survivors (4096K)
 Metaspace       used 74321K, committed 75200K, reserved 491520K
  class space    used 10485K, committed 10880K, reserved 425984K
}
Event: 26.835 GC heap before
{Heap before GC invocations=35 (full 0):
 garbage-first heap   total 165888K, used 119560K [0x0000000080000000, 0x0000000100000000)
  region size 1024K, 40 young (40960K), 4 survivors (4096K)
 Metaspace       used 74362K, committed 75200K, reserved 491520K
  class space    used 10486K, committed 10880K, reserved 425984K
}
Event: 26.842 GC heap after
{Heap after GC invocations=36 (full 0):
 garbage-first heap   total 165888K, used 84813K [0x0000000080000000, 0x0000000100000000)
  region size 1024K, 4 young (4096K), 4 survivors (4096K)
 Metaspace       used 74362K, committed 75200K, reserved 491520K
  class space    used 10486K, committed 10880K, reserved 425984K
}
Event: 26.860 GC heap before
{Heap before GC invocations=36 (full 0):
 garbage-first heap   total 165888K, used 87885K [0x0000000080000000, 0x0000000100000000)
  region size 1024K, 8 young (8192K), 4 survivors (4096K)
 Metaspace       used 74362K, committed 75200K, reserved 491520K
  class space    used 10486K, committed 10880K, reserved 425984K
}
Event: 26.868 GC heap after
{Heap after GC invocations=37 (full 0):
 garbage-first heap   total 165888K, used 82434K [0x0000000080000000, 0x0000000100000000)
  region size 1024K, 1 young (1024K), 1 survivors (1024K)
 Metaspace       used 74362K, committed 75200K, reserved 491520K
  class space    used 10486K, committed 10880K, reserved 425984K
}
Event: 27.127 GC heap before
{Heap before GC invocations=37 (full 0):
 garbage-first heap   total 165888K, used 132610K [0x0000000080000000, 0x0000000100000000)
  region size 1024K, 50 young (51200K), 1 survivors (1024K)
 Metaspace       used 74370K, committed 75200K, reserved 491520K
  class space    used 10486K, committed 10880K, reserved 425984K
}
Event: 27.134 GC heap after
{Heap after GC invocations=38 (full 0):
 garbage-first heap   total 413696K, used 84965K [0x0000000080000000, 0x0000000100000000)
  region size 1024K, 4 young (4096K), 4 survivors (4096K)
 Metaspace       used 74370K, committed 75200K, reserved 491520K
  class space    used 10486K, committed 10880K, reserved 425984K
}
Event: 35.208 GC heap before
{Heap before GC invocations=38 (full 0):
 garbage-first heap   total 413696K, used 340965K [0x0000000080000000, 0x0000000100000000)
  region size 1024K, 240 young (245760K), 4 survivors (4096K)
 Metaspace       used 87996K, committed 88960K, reserved 557056K
  class space    used 12181K, committed 12672K, reserved 425984K
}
Event: 35.230 GC heap after
{Heap after GC invocations=39 (full 0):
 garbage-first heap   total 413696K, used 111397K [0x0000000080000000, 0x0000000100000000)
  region size 1024K, 20 young (20480K), 20 survivors (20480K)
 Metaspace       used 87996K, committed 88960K, reserved 557056K
  class space    used 12181K, committed 12672K, reserved 425984K
}
Event: 39.698 GC heap before
{Heap before GC invocations=39 (full 0):
 garbage-first heap   total 413696K, used 311077K [0x0000000080000000, 0x0000000100000000)
  region size 1024K, 215 young (220160K), 20 survivors (20480K)
 Metaspace       used 97318K, committed 98304K, reserved 557056K
  class space    used 13635K, committed 14144K, reserved 425984K
}
Event: 39.729 GC heap after
{Heap after GC invocations=40 (full 0):
 garbage-first heap   total 413696K, used 123133K [0x0000000080000000, 0x0000000100000000)
  region size 1024K, 13 young (13312K), 13 survivors (13312K)
 Metaspace       used 97318K, committed 98304K, reserved 557056K
  class space    used 13635K, committed 14144K, reserved 425984K
}

Dll operation events (15 events):
Event: 0.017 Loaded shared library C:\Program Files\Microsoft\jdk-17.0.18.8-hotspot\bin\java.dll
Event: 0.040 Loaded shared library C:\Program Files\Microsoft\jdk-17.0.18.8-hotspot\bin\jsvml.dll
Event: 0.073 Loaded shared library C:\Program Files\Microsoft\jdk-17.0.18.8-hotspot\bin\zip.dll
Event: 0.076 Loaded shared library C:\Program Files\Microsoft\jdk-17.0.18.8-hotspot\bin\instrument.dll
Event: 0.079 Loaded shared library C:\Program Files\Microsoft\jdk-17.0.18.8-hotspot\bin\net.dll
Event: 0.080 Loaded shared library C:\Program Files\Microsoft\jdk-17.0.18.8-hotspot\bin\nio.dll
Event: 0.082 Loaded shared library C:\Program Files\Microsoft\jdk-17.0.18.8-hotspot\bin\zip.dll
Event: 0.289 Loaded shared library C:\Program Files\Microsoft\jdk-17.0.18.8-hotspot\bin\jimage.dll
Event: 0.479 Loaded shared library C:\Program Files\Microsoft\jdk-17.0.18.8-hotspot\bin\verify.dll
Event: 0.547 Loaded shared library C:\Users\Sudharani-ITS130\.gradle\native\1def1411415f61bf3af743bc5b6707747c0891f09f0c88961ee8f79bc544acac\windows-amd64\native-platform.dll
Event: 0.566 Loaded shared library C:\Users\Sudharani-ITS130\.gradle\native\0.2.7\x86_64-windows-gnu\gradle-fileevents.dll
Event: 2.046 Loaded shared library C:\Program Files\Microsoft\jdk-17.0.18.8-hotspot\bin\management.dll
Event: 2.048 Loaded shared library C:\Program Files\Microsoft\jdk-17.0.18.8-hotspot\bin\management_ext.dll
Event: 2.223 Loaded shared library C:\Program Files\Microsoft\jdk-17.0.18.8-hotspot\bin\extnet.dll
Event: 2.408 Loaded shared library C:\Program Files\Microsoft\jdk-17.0.18.8-hotspot\bin\sunmscapi.dll

Deoptimization events (20 events):
Event: 43.416 Thread 0x0000024b86fdaaa0 DEOPT PACKING pc=0x0000024bce7ebe10 sp=0x00000050776fed20
Event: 43.416 Thread 0x0000024b86fdaaa0 DEOPT UNPACKING pc=0x0000024bd470ace3 sp=0x00000050776fe228 mode 0
Event: 43.522 Thread 0x0000024b84fc6190 DEOPT PACKING pc=0x0000024bce7ebe10 sp=0x00000050701f7d60
Event: 43.522 Thread 0x0000024b84fc6190 DEOPT UNPACKING pc=0x0000024bd470ace3 sp=0x00000050701f7268 mode 0
Event: 43.597 Thread 0x0000024b84fc6190 DEOPT PACKING pc=0x0000024bce7ebe10 sp=0x00000050701f7d60
Event: 43.597 Thread 0x0000024b84fc6190 DEOPT UNPACKING pc=0x0000024bd470ace3 sp=0x00000050701f7268 mode 0
Event: 43.607 Thread 0x0000024b84fc6190 DEOPT PACKING pc=0x0000024bce4b7729 sp=0x00000050701f8250
Event: 43.607 Thread 0x0000024b84fc6190 DEOPT UNPACKING pc=0x0000024bd470ace3 sp=0x00000050701f7760 mode 0
Event: 43.626 Thread 0x0000024b84fc6190 DEOPT PACKING pc=0x0000024bce4b7729 sp=0x00000050701f7b90
Event: 43.626 Thread 0x0000024b84fc6190 DEOPT UNPACKING pc=0x0000024bd470ace3 sp=0x00000050701f70a0 mode 0
Event: 43.688 Thread 0x0000024b84fc6190 DEOPT PACKING pc=0x0000024bce62b54b sp=0x00000050701f7a50
Event: 43.688 Thread 0x0000024b84fc6190 DEOPT UNPACKING pc=0x0000024bd470ace3 sp=0x00000050701f6f70 mode 0
Event: 43.698 Thread 0x0000024b84fc6190 DEOPT PACKING pc=0x0000024bce7ebe10 sp=0x00000050701f7d90
Event: 43.698 Thread 0x0000024b84fc6190 DEOPT UNPACKING pc=0x0000024bd470ace3 sp=0x00000050701f7298 mode 0
Event: 43.803 Thread 0x0000024b84fc6190 DEOPT PACKING pc=0x0000024bce7ebe10 sp=0x00000050701f7d80
Event: 43.803 Thread 0x0000024b84fc6190 DEOPT UNPACKING pc=0x0000024bd470ace3 sp=0x00000050701f7288 mode 0
Event: 43.913 Thread 0x0000024b84fc6190 DEOPT PACKING pc=0x0000024bce62b54b sp=0x00000050701f7a50
Event: 43.913 Thread 0x0000024b84fc6190 DEOPT UNPACKING pc=0x0000024bd470ace3 sp=0x00000050701f6f70 mode 0
Event: 43.917 Thread 0x0000024b84fc6190 DEOPT PACKING pc=0x0000024bce7ebe10 sp=0x00000050701f7d80
Event: 43.917 Thread 0x0000024b84fc6190 DEOPT UNPACKING pc=0x0000024bd470ace3 sp=0x00000050701f7288 mode 0

Classes loaded (20 events):
Event: 40.174 Loading class java/net/Proxy$Type
Event: 40.174 Loading class java/net/Proxy$Type done
Event: 40.269 Loading class sun/invoke/util/ValueConversions$1
Event: 40.269 Loading class sun/invoke/util/ValueConversions$1 done
Event: 40.270 Loading class java/lang/invoke/BoundMethodHandle$Species_LI
Event: 40.270 Loading class java/lang/invoke/BoundMethodHandle$Species_LI done
Event: 40.303 Loading class java/io/FileReader
Event: 40.303 Loading class java/io/FileReader done
Event: 40.369 Loading class jdk/internal/reflect/UnsafeQualifiedIntegerFieldAccessorImpl
Event: 40.370 Loading class jdk/internal/reflect/UnsafeQualifiedIntegerFieldAccessorImpl done
Event: 42.571 Loading class java/util/AbstractList$RandomAccessSubList
Event: 42.572 Loading class java/util/AbstractList$SubList
Event: 42.572 Loading class java/util/AbstractList$SubList done
Event: 42.572 Loading class java/util/AbstractList$RandomAccessSubList done
Event: 42.572 Loading class java/util/AbstractList$SubList$1
Event: 42.573 Loading class java/util/AbstractList$SubList$1 done
Event: 42.687 Loading class java/io/FilterReader
Event: 42.688 Loading class java/io/FilterReader done
Event: 43.083 Loading class java/io/NotSerializableException
Event: 43.083 Loading class java/io/NotSerializableException done

Classes unloaded (0 events):
No events

Classes redefined (0 events):
No events

Internal exceptions (20 events):
Event: 42.799 Thread 0x0000024b84fc6190 Exception <a 'java/lang/ClassNotFoundException'{0x00000000925c2858}: com/android/build/gradle/internal/api/ApplicationVariantImplCustomizer> (0x00000000925c2858) 
thrown [s\src\hotspot\share\classfile\systemDictionary.cpp, line 256]
Event: 42.800 Thread 0x0000024b84fc6190 Exception <a 'java/lang/ClassNotFoundException'{0x00000000925fafc0}: com/android/build/gradle/internal/api/ApplicationVariantImpl_DecoratedCustomizer> (0x00000000925fafc0) 
thrown [s\src\hotspot\share\classfile\systemDictionary.cpp, line 256]
Event: 42.817 Thread 0x0000024b84fc6190 Exception <a 'java/lang/ClassNotFoundException'{0x000000009230f0a0}: org/gradle/api/DefaultTask_DecoratedBeanInfo> (0x000000009230f0a0) 
thrown [s\src\hotspot\share\classfile\systemDictionary.cpp, line 256]
Event: 42.827 Thread 0x0000024b84fc6190 Exception <a 'java/lang/ClassNotFoundException'{0x000000009232e248}: org/gradle/api/DefaultTask_DecoratedCustomizer> (0x000000009232e248) 
thrown [s\src\hotspot\share\classfile\systemDictionary.cpp, line 256]
Event: 43.116 Thread 0x0000024b84fc6190 Exception <a 'java/lang/ClassNotFoundException'{0x00000000918e9438}: com/android/build/gradle/internal/lint/LintModelWriterTask_DecoratedBeanInfo> (0x00000000918e9438) 
thrown [s\src\hotspot\share\classfile\systemDictionary.cpp, line 256]
Event: 43.118 Thread 0x0000024b84fc6190 Exception <a 'java/lang/ClassNotFoundException'{0x00000000918ff0d0}: com/android/build/gradle/internal/lint/LintModelWriterTaskBeanInfo> (0x00000000918ff0d0) 
thrown [s\src\hotspot\share\classfile\systemDictionary.cpp, line 256]
Event: 43.121 Thread 0x0000024b84fc6190 Exception <a 'java/lang/ClassNotFoundException'{0x00000000917152d8}: com/android/build/gradle/internal/tasks/NonIncrementalTaskBeanInfo> (0x00000000917152d8) 
thrown [s\src\hotspot\share\classfile\systemDictionary.cpp, line 256]
Event: 43.122 Thread 0x0000024b84fc6190 Exception <a 'java/lang/ClassNotFoundException'{0x000000009172b218}: com/android/build/gradle/internal/tasks/AndroidVariantTaskBeanInfo> (0x000000009172b218) 
thrown [s\src\hotspot\share\classfile\systemDictionary.cpp, line 256]
Event: 43.124 Thread 0x0000024b84fc6190 Exception <a 'java/lang/ClassNotFoundException'{0x0000000091741208}: com/android/build/gradle/internal/tasks/BaseTaskBeanInfo> (0x0000000091741208) 
thrown [s\src\hotspot\share\classfile\systemDictionary.cpp, line 256]
Event: 43.125 Thread 0x0000024b84fc6190 Exception <a 'java/lang/ClassNotFoundException'{0x0000000091757210}: com/android/build/gradle/internal/tasks/BaseTaskCustomizer> (0x0000000091757210) 
thrown [s\src\hotspot\share\classfile\systemDictionary.cpp, line 256]
Event: 43.128 Thread 0x0000024b84fc6190 Exception <a 'java/lang/ClassNotFoundException'{0x000000009177cad0}: com/android/build/gradle/internal/tasks/AndroidVariantTaskCustomizer> (0x000000009177cad0) 
thrown [s\src\hotspot\share\classfile\systemDictionary.cpp, line 256]
Event: 43.130 Thread 0x0000024b84fc6190 Exception <a 'java/lang/ClassNotFoundException'{0x00000000917a1d00}: com/android/build/gradle/internal/tasks/NonIncrementalTaskCustomizer> (0x00000000917a1d00) 
thrown [s\src\hotspot\share\classfile\systemDictionary.cpp, line 256]
Event: 43.132 Thread 0x0000024b84fc6190 Exception <a 'java/lang/ClassNotFoundException'{0x00000000917c49a8}: com/android/build/gradle/internal/lint/LintModelWriterTaskCustomizer> (0x00000000917c49a8) 
thrown [s\src\hotspot\share\classfile\systemDictionary.cpp, line 256]
Event: 43.133 Thread 0x0000024b84fc6190 Exception <a 'java/lang/ClassNotFoundException'{0x00000000917effc8}: com/android/build/gradle/internal/lint/LintModelWriterTask_DecoratedCustomizer> (0x00000000917effc8) 
thrown [s\src\hotspot\share\classfile\systemDictionary.cpp, line 256]
Event: 43.248 Thread 0x0000024b84fc6190 Exception <a 'java/lang/ClassNotFoundException'{0x00000000912dae98}: com/android/build/gradle/internal/lint/AndroidLintAnalysisTask_DecoratedBeanInfo> (0x00000000912dae98) 
thrown [s\src\hotspot\share\classfile\systemDictionary.cpp, line 256]
Event: 43.249 Thread 0x0000024b84fc6190 Exception <a 'java/lang/ClassNotFoundException'{0x00000000912f0b88}: com/android/build/gradle/internal/lint/AndroidLintAnalysisTaskBeanInfo> (0x00000000912f0b88) 
thrown [s\src\hotspot\share\classfile\systemDictionary.cpp, line 256]
Event: 43.251 Thread 0x0000024b84fc6190 Exception <a 'java/lang/ClassNotFoundException'{0x0000000091105bc8}: com/android/build/gradle/internal/lint/AndroidLintAnalysisTaskCustomizer> (0x0000000091105bc8) 
thrown [s\src\hotspot\share\classfile\systemDictionary.cpp, line 256]
Event: 43.254 Thread 0x0000024b84fc6190 Exception <a 'java/lang/ClassNotFoundException'{0x0000000091144620}: com/android/build/gradle/internal/lint/AndroidLintAnalysisTask_DecoratedCustomizer> (0x0000000091144620) 
thrown [s\src\hotspot\share\classfile\systemDictionary.cpp, line 256]
Event: 43.428 Thread 0x0000024b84fc6190 Exception <a 'java/lang/ClassNotFoundException'{0x0000000090cf0690}: build_5e75f6xe22tt4jk1zbrshi0wqBeanInfo> (0x0000000090cf0690) 
thrown [s\src\hotspot\share\classfile\systemDictionary.cpp, line 256]
Event: 43.429 Thread 0x0000024b84fc6190 Exception <a 'java/lang/ClassNotFoundException'{0x0000000090cf7bd8}: build_5e75f6xe22tt4jk1zbrshi0wqCustomizer> (0x0000000090cf7bd8) 
thrown [s\src\hotspot\share\classfile\systemDictionary.cpp, line 256]

VM Operations (20 events):
Event: 37.329 Executing VM operation: HandshakeAllThreads done
Event: 37.723 Executing VM operation: HandshakeAllThreads
Event: 37.723 Executing VM operation: HandshakeAllThreads done
Event: 38.727 Executing VM operation: Cleanup
Event: 38.727 Executing VM operation: Cleanup done
Event: 39.698 Executing VM operation: G1CollectForAllocation
Event: 39.729 Executing VM operation: G1CollectForAllocation done
Event: 40.299 Executing VM operation: HandshakeAllThreads
Event: 40.299 Executing VM operation: HandshakeAllThreads done
Event: 40.305 Executing VM operation: HandshakeAllThreads
Event: 40.305 Executing VM operation: HandshakeAllThreads done
Event: 41.307 Executing VM operation: Cleanup
Event: 41.307 Executing VM operation: Cleanup done
Event: 42.315 Executing VM operation: Cleanup
Event: 42.316 Executing VM operation: Cleanup done
Event: 43.084 Executing VM operation: HandshakeAllThreads
Event: 43.085 Executing VM operation: HandshakeAllThreads done
Event: 43.282 Executing VM operation: ICBufferFull
Event: 43.282 Executing VM operation: ICBufferFull done
Event: 44.288 Executing VM operation: Cleanup

Memory protections (0 events):
No events

Nmethod flushes (20 events):
Event: 27.724 Thread 0x0000024be3b92590 flushing  nmethod 0x0000024bce0c4d90
Event: 27.724 Thread 0x0000024be3b92590 flushing  nmethod 0x0000024bce0c6310
Event: 27.724 Thread 0x0000024be3b92590 flushing  nmethod 0x0000024bce0c6990
Event: 27.724 Thread 0x0000024be3b92590 flushing  nmethod 0x0000024bce0c7010
Event: 27.724 Thread 0x0000024be3b92590 flushing  nmethod 0x0000024bce0c9010
Event: 27.724 Thread 0x0000024be3b92590 flushing  nmethod 0x0000024bce0ce690
Event: 27.724 Thread 0x0000024be3b92590 flushing  nmethod 0x0000024bce0cf810
Event: 27.724 Thread 0x0000024be3b92590 flushing  nmethod 0x0000024bce0d0290
Event: 27.724 Thread 0x0000024be3b92590 flushing  nmethod 0x0000024bce109a90
Event: 27.724 Thread 0x0000024be3b92590 flushing  nmethod 0x0000024bce16a890
Event: 27.724 Thread 0x0000024be3b92590 flushing  nmethod 0x0000024bce1aed10
Event: 27.724 Thread 0x0000024be3b92590 flushing  nmethod 0x0000024bce1c1f90
Event: 27.725 Thread 0x0000024be3b92590 flushing  nmethod 0x0000024bce271b10
Event: 27.725 Thread 0x0000024be3b92590 flushing  nmethod 0x0000024bce3b0b90
Event: 27.725 Thread 0x0000024be3b92590 flushing  nmethod 0x0000024bce3c4a10
Event: 27.726 Thread 0x0000024be3b92590 flushing  nmethod 0x0000024bce3e3010
Event: 36.078 Thread 0x0000024be3b92590 flushing  nmethod 0x0000024bcd23ee90
Event: 36.079 Thread 0x0000024be3b92590 flushing  nmethod 0x0000024bcd30fe10
Event: 36.089 Thread 0x0000024be3b92590 flushing  nmethod 0x0000024bcda33210
Event: 36.091 Thread 0x0000024be3b92590 flushing  nmethod 0x0000024bcdc56890

Events (20 events):
Event: 23.569 Thread 0x0000024b84fc6190 Thread added: 0x0000024b87eb5f60
Event: 23.614 Thread 0x0000024b84fc6190 Thread added: 0x0000024b87eb6470
Event: 23.615 Thread 0x0000024b84fc6190 Thread added: 0x0000024b86fdce10
Event: 23.615 Thread 0x0000024b84fc6190 Thread added: 0x0000024b86fdd320
Event: 23.615 Thread 0x0000024b84fc6190 Thread added: 0x0000024b86fdb9d0
Event: 23.616 Thread 0x0000024b84fc6190 Thread added: 0x0000024b86fdb4c0
Event: 23.616 Thread 0x0000024b84fc6190 Thread added: 0x0000024b86fdd830
Event: 23.617 Thread 0x0000024b84fc6190 Thread added: 0x0000024b86fda080
Event: 23.789 Thread 0x0000024b84fc6190 Thread added: 0x0000024b86fda590
Event: 24.488 Thread 0x0000024b84fc6190 Thread added: 0x0000024b86fdaaa0
Event: 25.690 Thread 0x0000024b84649a80 Thread added: 0x0000024b86fdbee0
Event: 25.691 Thread 0x0000024b84649a80 Thread added: 0x0000024b86fdc3f0
Event: 25.692 Thread 0x0000024b84649a80 Thread added: 0x0000024b86fdc900
Event: 27.650 Thread 0x0000024b84fc6190 Thread added: 0x0000024b884c6f30
Event: 28.275 Thread 0x0000024b84fc6190 Thread added: 0x0000024b884c92a0
Event: 28.303 Thread 0x0000024b84fc6190 Thread added: 0x0000024b884c7950
Event: 34.315 Thread 0x0000024b84fc6190 Thread added: 0x0000024b884c7440
Event: 35.799 Thread 0x0000024b84fc6190 Thread added: 0x0000024b884ccf60
Event: 35.816 Thread 0x0000024b84fc6190 Thread added: 0x0000024b884cd470
Event: 36.698 Thread 0x0000024b84fc6190 Thread added: 0x0000024b884cca50


Dynamic libraries:
0x00007ff6489d0000 - 0x00007ff6489de000 	C:\Program Files\Microsoft\jdk-17.0.18.8-hotspot\bin\java.exe
0x00007fffa9fa0000 - 0x00007fffaa206000 	C:\WINDOWS\SYSTEM32\ntdll.dll
0x00007fffa8a30000 - 0x00007fffa8af9000 	C:\WINDOWS\System32\KERNEL32.DLL
0x00007fffa71b0000 - 0x00007fffa75af000 	C:\WINDOWS\System32\KERNELBASE.dll
0x00007fffa7ab0000 - 0x00007fffa7bfc000 	C:\WINDOWS\System32\ucrtbase.dll
0x00007fff815c0000 - 0x00007fff815de000 	C:\Program Files\Microsoft\jdk-17.0.18.8-hotspot\bin\VCRUNTIME140.dll
0x00007fff815e0000 - 0x00007fff815f8000 	C:\Program Files\Microsoft\jdk-17.0.18.8-hotspot\bin\jli.dll
0x00007fffa7cd0000 - 0x00007fffa7e96000 	C:\WINDOWS\System32\USER32.dll
0x00007fffa79d0000 - 0x00007fffa79f7000 	C:\WINDOWS\System32\win32u.dll
0x00007fff89720000 - 0x00007fff899b1000 	C:\WINDOWS\WinSxS\amd64_microsoft.windows.common-controls_6595b64144ccf1df_6.0.26100.8972_none_3e0da176e32f9d4b\COMCTL32.dll
0x00007fffa8c30000 - 0x00007fffa8c5b000 	C:\WINDOWS\System32\GDI32.dll
0x00007fffa8ec0000 - 0x00007fffa8f69000 	C:\WINDOWS\System32\msvcrt.dll
0x00007fffa77e0000 - 0x00007fffa7909000 	C:\WINDOWS\System32\gdi32full.dll
0x00007fffa7a00000 - 0x00007fffa7aa3000 	C:\WINDOWS\System32\msvcp_win.dll
0x00007fffa8210000 - 0x00007fffa8242000 	C:\WINDOWS\System32\IMM32.DLL
0x00007fff9e4f0000 - 0x00007fff9e4fc000 	C:\Program Files\Microsoft\jdk-17.0.18.8-hotspot\bin\vcruntime140_1.dll
0x00007fff08d50000 - 0x00007fff08dd9000 	C:\Program Files\Microsoft\jdk-17.0.18.8-hotspot\bin\msvcp140.dll
0x00007fff07ef0000 - 0x00007fff08b6a000 	C:\Program Files\Microsoft\jdk-17.0.18.8-hotspot\bin\server\jvm.dll
0x00007fffa9460000 - 0x00007fffa951c000 	C:\WINDOWS\System32\ADVAPI32.dll
0x00007fffa8c60000 - 0x00007fffa8d0a000 	C:\WINDOWS\System32\sechost.dll
0x00007fffa8350000 - 0x00007fffa8468000 	C:\WINDOWS\System32\RPCRT4.dll
0x00007fffa9d50000 - 0x00007fffa9dd2000 	C:\WINDOWS\System32\WS2_32.dll
0x00007fffa7010000 - 0x00007fffa706e000 	C:\WINDOWS\SYSTEM32\POWRPROF.dll
0x00007fff9b930000 - 0x00007fff9b966000 	C:\WINDOWS\SYSTEM32\WINMM.dll
0x00007fff9b770000 - 0x00007fff9b77b000 	C:\WINDOWS\SYSTEM32\VERSION.dll
0x00007fffa6ff0000 - 0x00007fffa7005000 	C:\WINDOWS\SYSTEM32\UMPDC.dll
0x00007fffa5ea0000 - 0x00007fffa5ebb000 	C:\WINDOWS\SYSTEM32\kernel.appcore.dll
0x00007fff815b0000 - 0x00007fff815ba000 	C:\Program Files\Microsoft\jdk-17.0.18.8-hotspot\bin\jimage.dll
0x00007fffa47a0000 - 0x00007fffa49e2000 	C:\WINDOWS\SYSTEM32\DBGHELP.DLL
0x00007fffa8550000 - 0x00007fffa88d5000 	C:\WINDOWS\System32\combase.dll
0x00007fffa8470000 - 0x00007fffa8549000 	C:\WINDOWS\System32\OLEAUT32.dll
0x00007fff7f080000 - 0x00007fff7f0bb000 	C:\WINDOWS\SYSTEM32\dbgcore.DLL
0x00007fffa7910000 - 0x00007fffa79bc000 	C:\WINDOWS\System32\bcryptPrimitives.dll
0x00007fff43c50000 - 0x00007fff43c5f000 	C:\Program Files\Microsoft\jdk-17.0.18.8-hotspot\bin\instrument.dll
0x00007fff08d20000 - 0x00007fff08d46000 	C:\Program Files\Microsoft\jdk-17.0.18.8-hotspot\bin\java.dll
0x00007fff08c40000 - 0x00007fff08d16000 	C:\Program Files\Microsoft\jdk-17.0.18.8-hotspot\bin\jsvml.dll
0x00007fffa95c0000 - 0x00007fffa9d48000 	C:\WINDOWS\System32\SHELL32.dll
0x00007fffa4c80000 - 0x00007fffa551b000 	C:\WINDOWS\SYSTEM32\windows.storage.dll
0x00007fffa8b00000 - 0x00007fffa8bf9000 	C:\WINDOWS\System32\SHCORE.dll
0x00007fffa89b0000 - 0x00007fffa8a16000 	C:\WINDOWS\System32\shlwapi.dll
0x00007fffa70d0000 - 0x00007fffa70f9000 	C:\WINDOWS\SYSTEM32\profapi.dll
0x00007fff08be0000 - 0x00007fff08bf8000 	C:\Program Files\Microsoft\jdk-17.0.18.8-hotspot\bin\zip.dll
0x00007fff08c20000 - 0x00007fff08c3b000 	C:\Program Files\Microsoft\jdk-17.0.18.8-hotspot\bin\net.dll
0x00007fff9ea30000 - 0x00007fff9eb58000 	C:\WINDOWS\SYSTEM32\WINHTTP.dll
0x00007fffa6450000 - 0x00007fffa64bc000 	C:\WINDOWS\system32\mswsock.dll
0x00007fff08c00000 - 0x00007fff08c16000 	C:\Program Files\Microsoft\jdk-17.0.18.8-hotspot\bin\nio.dll
0x00007fff75100000 - 0x00007fff75110000 	C:\Program Files\Microsoft\jdk-17.0.18.8-hotspot\bin\verify.dll
0x00007fff07ec0000 - 0x00007fff07ee7000 	C:\Users\Sudharani-ITS130\.gradle\native\1def1411415f61bf3af743bc5b6707747c0891f09f0c88961ee8f79bc544acac\windows-amd64\native-platform.dll
0x00007fff84a50000 - 0x00007fff84ac8000 	C:\Users\Sudharani-ITS130\.gradle\native\0.2.7\x86_64-windows-gnu\gradle-fileevents.dll
0x00007fff5d950000 - 0x00007fff5d95a000 	C:\Program Files\Microsoft\jdk-17.0.18.8-hotspot\bin\management.dll
0x00007fff5d540000 - 0x00007fff5d54c000 	C:\Program Files\Microsoft\jdk-17.0.18.8-hotspot\bin\management_ext.dll
0x00007fffa9e70000 - 0x00007fffa9e78000 	C:\WINDOWS\System32\PSAPI.DLL
0x00007fffa58c0000 - 0x00007fffa58f3000 	C:\WINDOWS\SYSTEM32\IPHLPAPI.DLL
0x00007fffa8d10000 - 0x00007fffa8d1a000 	C:\WINDOWS\System32\NSI.dll
0x00007fff9ebb0000 - 0x00007fff9ebcd000 	C:\WINDOWS\SYSTEM32\dhcpcsvc6.DLL
0x00007fff9eb60000 - 0x00007fff9eb85000 	C:\WINDOWS\SYSTEM32\dhcpcsvc.DLL
0x00007fffa5960000 - 0x00007fffa5ab8000 	C:\WINDOWS\SYSTEM32\DNSAPI.dll
0x00007fffa6230000 - 0x00007fffa623d000 	C:\WINDOWS\SYSTEM32\DSPARSE.dll
0x00007fff5c920000 - 0x00007fff5c929000 	C:\Program Files\Microsoft\jdk-17.0.18.8-hotspot\bin\extnet.dll
0x00007fffa6740000 - 0x00007fffa675b000 	C:\WINDOWS\SYSTEM32\CRYPTSP.dll
0x00007fffa5e00000 - 0x00007fffa5e39000 	C:\WINDOWS\system32\rsaenh.dll
0x00007fffa6500000 - 0x00007fffa6532000 	C:\WINDOWS\SYSTEM32\USERENV.dll
0x00007fffa70a0000 - 0x00007fffa70ca000 	C:\WINDOWS\SYSTEM32\bcrypt.dll
0x00007fffa6760000 - 0x00007fffa676c000 	C:\WINDOWS\SYSTEM32\CRYPTBASE.dll
0x00007fff1f400000 - 0x00007fff1f40e000 	C:\Program Files\Microsoft\jdk-17.0.18.8-hotspot\bin\sunmscapi.dll
0x00007fffa75c0000 - 0x00007fffa773e000 	C:\WINDOWS\System32\CRYPT32.dll
0x00007fffa6980000 - 0x00007fffa69b0000 	C:\WINDOWS\SYSTEM32\ncrypt.dll
0x00007fffa6930000 - 0x00007fffa696f000 	C:\WINDOWS\SYSTEM32\NTASN1.dll
0x00007fff858c0000 - 0x00007fff858c8000 	C:\WINDOWS\system32\wshunix.dll

dbghelp: loaded successfully - version: 4.0.5 - missing functions: none
symbol engine: initialized successfully - sym options: 0x614 - pdb path: .;C:\Program Files\Microsoft\jdk-17.0.18.8-hotspot\bin;C:\WINDOWS\SYSTEM32;C:\WINDOWS\WinSxS\amd64_microsoft.windows.common-controls_6595b64144ccf1df_6.0.26100.8972_none_3e0da176e32f9d4b;C:\Program Files\Microsoft\jdk-17.0.18.8-hotspot\bin\server;C:\Users\Sudharani-ITS130\.gradle\native\1def1411415f61bf3af743bc5b6707747c0891f09f0c88961ee8f79bc544acac\windows-amd64;C:\Users\Sudharani-ITS130\.gradle\native\0.2.7\x86_64-windows-gnu

VM Arguments:
jvm_args: --add-opens=java.base/java.lang=ALL-UNNAMED --add-opens=java.base/java.lang.invoke=ALL-UNNAMED --add-opens=java.base/java.util=ALL-UNNAMED --add-opens=java.prefs/java.util.prefs=ALL-UNNAMED --add-exports=jdk.compiler/com.sun.tools.javac.api=ALL-UNNAMED --add-exports=jdk.compiler/com.sun.tools.javac.util=ALL-UNNAMED --add-opens=java.base/java.util=ALL-UNNAMED --add-opens=java.prefs/java.util.prefs=ALL-UNNAMED --add-opens=java.base/java.nio.charset=ALL-UNNAMED --add-opens=java.base/java.net=ALL-UNNAMED --add-opens=java.base/java.util.concurrent.atomic=ALL-UNNAMED --add-opens=java.xml/javax.xml.namespace=ALL-UNNAMED -XX:MaxMetaspaceSize=512m -Xmx2048m -Dfile.encoding=windows-1252 -Duser.country=US -Duser.language=en -Duser.variant -javaagent:C:\Users\Sudharani-ITS130\.gradle\wrapper\dists\gradle-8.13-bin\5xuhj0ry160q40clulazy9h7d\gradle-8.13\lib\agents\gradle-instrumentation-agent-8.13.jar 
java_command: org.gradle.launcher.daemon.bootstrap.GradleDaemon 8.13
java_class_path (initial): C:\Users\Sudharani-ITS130\.gradle\wrapper\dists\gradle-8.13-bin\5xuhj0ry160q40clulazy9h7d\gradle-8.13\lib\gradle-daemon-main-8.13.jar
Launcher Type: SUN_STANDARD

[Global flags]
     intx CICompilerCount                          = 4                                         {product} {ergonomic}
   size_t CompressedClassSpaceSize                 = 436207616                                 {product} {ergonomic}
     uint ConcGCThreads                            = 2                                         {product} {ergonomic}
     uint G1ConcRefinementThreads                  = 8                                         {product} {ergonomic}
   size_t G1HeapRegionSize                         = 1048576                                   {product} {ergonomic}
    uintx GCDrainStackTargetSize                   = 64                                        {product} {ergonomic}
   size_t InitialHeapSize                          = 260046848                                 {product} {ergonomic}
   size_t MarkStackSize                            = 4194304                                   {product} {ergonomic}
   size_t MaxHeapSize                              = 2147483648                                {product} {command line}
   size_t MaxMetaspaceSize                         = 536870912                                 {product} {command line}
   size_t MaxNewSize                               = 1287651328                                {product} {ergonomic}
   size_t MinHeapDeltaBytes                        = 1048576                                   {product} {ergonomic}
   size_t MinHeapSize                              = 8388608                                   {product} {ergonomic}
    uintx NonNMethodCodeHeapSize                   = 5839372                                {pd product} {ergonomic}
    uintx NonProfiledCodeHeapSize                  = 122909434                              {pd product} {ergonomic}
    uintx ProfiledCodeHeapSize                     = 122909434                              {pd product} {ergonomic}
    uintx ReservedCodeCacheSize                    = 251658240                              {pd product} {ergonomic}
     bool SegmentedCodeCache                       = true                                      {product} {ergonomic}
   size_t SoftMaxHeapSize                          = 2147483648                             {manageable} {ergonomic}
     bool UseCompressedClassPointers               = true                           {product lp64_product} {ergonomic}
     bool UseCompressedOops                        = true                           {product lp64_product} {ergonomic}
     bool UseG1GC                                  = true                                      {product} {ergonomic}
     bool UseLargePagesIndividualAllocation        = false                                  {pd product} {ergonomic}

Logging:
Log output configuration:
 #0: stdout all=warning uptime,level,tags
 #1: stderr all=off uptime,level,tags

Environment Variables:
JAVA_HOME=C:\Program Files\Microsoft\jdk-17.0.18.8-hotspot\
PATH=%PATH%;C:\Users\Sudharani-ITS130\AppData\Local\Android\Sdk\platform-tools;C:\Users\Sudharani-ITS130\AppData\Local\Android\Sdk\emulator;C:\Users\Sudharani-ITS130\AppData\Local\Android\Sdk\platform-tools;C:\Users\Sudharani-ITS130\AppData\Local\Android\Sdk\emulator;;C:\WINDOWS\system32;C:\WINDOWS;C:\WINDOWS\System32\Wbem;C:\WINDOWS\System32\WindowsPowerShell\v1.0\;C:\WINDOWS\System32\OpenSSH\;C:\Program Files\Microsoft\jdk-17.0.18.8-hotspot\bin;C:\Python314\Scripts\;C:\Python314\;C:\Windows\system32;C:\Windows;C:\Windows\System32\Wbem;C:\Windows\System32\WindowsPowerShell\v1.0\;C:\Windows\System32\OpenSSH\;C:\Program Files\nodejs\;C:\ProgramData\chocolatey\bin;C:\Program Files\Git\cmd;C:\Users\Sudharani-ITS130\AppData\Local\Microsoft\WindowsApps;C:\Users\Sudharani-ITS130\AppData\Roaming\npm;C:\Users\Sudharani-ITS130\AppData\Local\Programs\Microsoft VS Code\bin;C:\Users\Sudharani-ITS130\AppData\Local\Microsoft\WindowsApps
USERNAME=Sudharani-ITS130
LANG=en_US.UTF-8
OS=Windows_NT
PROCESSOR_IDENTIFIER=Intel64 Family 6 Model 140 Stepping 1, GenuineIntel
TMP=C:\Users\SUDHAR~1\AppData\Local\Temp
TEMP=C:\Users\SUDHAR~1\AppData\Local\Temp



Periodic native trim disabled


---------------  S Y S T E M  ---------------

OS:
 Windows 11 , 64 bit Build 26100 (10.0.26100.9168)
OS uptime: 0 days 0:28 hours

CPU: total 8 (initial active 8) (4 cores per cpu, 2 threads per core) family 6 model 140 stepping 1 microcode 0xbe, cx8, cmov, fxsr, ht, mmx, 3dnowpref, sse, sse2, sse3, ssse3, sse4.1, sse4.2, popcnt, lzcnt, tsc, tscinvbit, avx, avx2, aes, erms, clmul, bmi1, bmi2, adx, avx512f, avx512dq, avx512cd, avx512bw, avx512vl, sha, fma, vzeroupper, avx512_vpopcntdq, avx512_vpclmulqdq, avx512_vaes, avx512_vnni, clflush, clflushopt, clwb, avx512_vbmi2, avx512_vbmi
Processor Information for processor 0
  Max Mhz: 1382, Current Mhz: 1184, Mhz Limit: 1382
Processor Information for processor 1
  Max Mhz: 1382, Current Mhz: 1184, Mhz Limit: 1382
Processor Information for processor 2
  Max Mhz: 1382, Current Mhz: 1382, Mhz Limit: 1382
Processor Information for processor 3
  Max Mhz: 1382, Current Mhz: 1382, Mhz Limit: 1382
Processor Information for processor 4
  Max Mhz: 1382, Current Mhz: 1184, Mhz Limit: 1382
Processor Information for processor 5
  Max Mhz: 1382, Current Mhz: 1184, Mhz Limit: 1382
Processor Information for processor 6
  Max Mhz: 1382, Current Mhz: 1184, Mhz Limit: 1382
Processor Information for processor 7
  Max Mhz: 1382, Current Mhz: 1184, Mhz Limit: 1382

Memory: 4k page, system-wide physical 15781M (56M free)
TotalPageFile size 40646M (AvailPageFile size 1M)
current process WorkingSet (physical memory assigned to process): 691M, peak: 692M
current process commit charge ("private bytes"): 738M, peak: 741M

vm_info: OpenJDK 64-Bit Server VM (17.0.18+8-LTS) for windows-amd64 JRE (17.0.18+8-LTS), built on Jan 15 2026 18:50:45 by "MicrosoftCorporation" with MS VC++ 17.14 (VS2022)

END.
