#
# There is insufficient memory for the Java Runtime Environment to continue.
# Native memory allocation (malloc) failed to allocate 1741616 bytes. Error detail: Chunk::new
# Possible reasons:
#   The system is out of physical RAM or swap space
#   This process is running with CompressedOops enabled, and the Java Heap may be blocking the growth of the native heap
# Possible solutions:
#   Reduce memory load on the system
#   Increase physical memory or swap space
#   Check if swap backing store is full
#   Decrease Java heap size (-Xmx/-Xms)
#   Decrease number of Java threads
#   Decrease Java thread stack sizes (-Xss)
#   Set larger code cache with -XX:ReservedCodeCacheSize=
#   JVM is running with Unscaled Compressed Oops mode in which the Java heap is
#     placed in the first 4GB address space. The Java Heap base address is the
#     maximum limit for the native heap growth. Please use -XX:HeapBaseMinAddress
#     to set the Java Heap base and to place the Java Heap above 4GB virtual address.
# This output file may be truncated or incomplete.
#
#  Out of Memory Error (arena.cpp:191), pid=2832, tid=540
#
# JRE version: OpenJDK Runtime Environment Microsoft-13106358 (17.0.18+8) (build 17.0.18+8-LTS)
# Java VM: OpenJDK 64-Bit Server VM Microsoft-13106358 (17.0.18+8-LTS, mixed mode, sharing, tiered, compressed oops, compressed class ptrs, g1 gc, windows-amd64)
# No core dump will be written. Minidumps are not enabled by default on client versions of Windows
#

---------------  S U M M A R Y ------------

Command Line: --add-opens=java.base/java.lang=ALL-UNNAMED --add-opens=java.base/java.lang.invoke=ALL-UNNAMED --add-opens=java.base/java.util=ALL-UNNAMED --add-opens=java.prefs/java.util.prefs=ALL-UNNAMED --add-exports=jdk.compiler/com.sun.tools.javac.api=ALL-UNNAMED --add-exports=jdk.compiler/com.sun.tools.javac.util=ALL-UNNAMED --add-opens=java.base/java.util=ALL-UNNAMED --add-opens=java.prefs/java.util.prefs=ALL-UNNAMED --add-opens=java.base/java.nio.charset=ALL-UNNAMED --add-opens=java.base/java.net=ALL-UNNAMED --add-opens=java.base/java.util.concurrent.atomic=ALL-UNNAMED --add-opens=java.xml/javax.xml.namespace=ALL-UNNAMED -XX:MaxMetaspaceSize=512m -Xmx2048m -Dfile.encoding=windows-1252 -Duser.country=US -Duser.language=en -Duser.variant -javaagent:C:\Users\Sudharani-ITS130\.gradle\wrapper\dists\gradle-8.13-bin\5xuhj0ry160q40clulazy9h7d\gradle-8.13\lib\agents\gradle-instrumentation-agent-8.13.jar org.gradle.launcher.daemon.bootstrap.GradleDaemon 8.13

Host: 11th Gen Intel(R) Core(TM) i5-1135G7 @ 2.40GHz, 8 cores, 15G,  Windows 11 , 64 bit Build 26100 (10.0.26100.9168)
Time: Thu Aug 20 16:09:17 2026 India Standard Time elapsed time: 160.758792 seconds (0d 0h 2m 40s)

---------------  T H R E A D  ---------------

Current thread (0x0000016011994c20):  JavaThread "C2 CompilerThread0" daemon [_thread_in_native, id=540, stack(0x0000002640d00000,0x0000002640e00000)]


Current CompileTask:
C2:160758 24816       4       org.gradle.internal.vfs.impl.DefaultFileSystemAccess::lambda$snapshotAndReuse$11 (206 bytes)

Stack: [0x0000002640d00000,0x0000002640e00000]
Native frames: (J=compiled Java code, j=interpreted, Vv=VM code, C=native code)
V  [jvm.dll+0x68c879]  (no source info available)
V  [jvm.dll+0x845979]  (no source info available)
V  [jvm.dll+0x8476e8]  (no source info available)
V  [jvm.dll+0x847d73]  (no source info available)
V  [jvm.dll+0x24cf6f]  (no source info available)
V  [jvm.dll+0xaecb6]  (no source info available)
V  [jvm.dll+0xaf35c]  (no source info available)
V  [jvm.dll+0x3716ff]  (no source info available)
V  [jvm.dll+0x33b985]  (no source info available)
V  [jvm.dll+0x33adea]  (no source info available)
V  [jvm.dll+0x21df29]  (no source info available)
V  [jvm.dll+0x21d36d]  (no source info available)
V  [jvm.dll+0x1a8ce6]  (no source info available)
V  [jvm.dll+0x22db1b]  (no source info available)
V  [jvm.dll+0x22bca6]  (no source info available)
V  [jvm.dll+0x7fbabb]  (no source info available)
V  [jvm.dll+0x7f5ebc]  (no source info available)
V  [jvm.dll+0x68de17]  (no source info available)
C  [ucrtbase.dll+0x2cd30]  (no source info available)
C  [KERNEL32.DLL+0x2ccb7]  (no source info available)
C  [ntdll.dll+0xaad6c]  (no source info available)


---------------  P R O C E S S  ---------------

Threads class SMR info:
_java_thread_list=0x0000016040eea3d0, length=158, elements={
0x0000016073435de0, 0x0000016011977910, 0x0000016011978f50, 0x0000016011990ed0,
0x00000160119917a0, 0x0000016011992be0, 0x0000016011994020, 0x0000016011994c20,
0x00000160119a8130, 0x00000160119bb7b0, 0x000001601195bc60, 0x0000016011bb64d0,
0x0000016032390c30, 0x00000160325378e0, 0x00000160320cbeb0, 0x0000016032822b20,
0x00000160323e2980, 0x0000016031d6ee90, 0x0000016031d6e470, 0x0000016031d6df60,
0x0000016031d6da50, 0x0000016031d6f8b0, 0x0000016031d6c610, 0x0000016031d6f3a0,
0x0000016031d6e980, 0x0000016031d6cb20, 0x0000016031d6d030, 0x0000016031d6d540,
0x0000016034532020, 0x0000016034532530, 0x0000016034532f50, 0x0000016034531600,
0x0000016034531b10, 0x0000016034533970, 0x00000160345310f0, 0x0000016034534390,
0x00000160345361f0, 0x0000016034534db0, 0x0000016034536c10, 0x00000160345357d0,
0x0000016034533e80, 0x0000016034536700, 0x0000016034537630, 0x00000160345348a0,
0x0000016034537b40, 0x0000016034535ce0, 0x0000016034538050, 0x0000016034538560,
0x0000016034538a70, 0x00000160310ca3b0, 0x00000160310c9480, 0x00000160310ca8c0,
0x00000160310cb2e0, 0x00000160310cadd0, 0x00000160310cb7f0, 0x00000160310cbd00,
0x00000160310cc210, 0x00000160310c8a60, 0x00000160310cc720, 0x00000160310c8f70,
0x00000160310cd140, 0x00000160310ccc30, 0x00000160310c9990, 0x00000160310cd650,
0x00000160310cdb60, 0x00000160310cf4b0, 0x00000160310ce580, 0x00000160310cf9c0,
0x00000160310cfed0, 0x00000160310d03e0, 0x000001603753e220, 0x0000016037540fb0,
0x000001603753e730, 0x0000016037540590, 0x00000160375414c0, 0x0000016037540080,
0x000001603753dd10, 0x00000160375419d0, 0x0000016037541ee0, 0x00000160375423f0,
0x0000016037540aa0, 0x000001603753ec40, 0x0000016037542900, 0x000001603753f660,
0x000001603753fb70, 0x000001603753f150, 0x0000016037545180, 0x0000016037542e10,
0x0000016037545690, 0x0000016037543320, 0x0000016037543830, 0x0000016037543d40,
0x0000016037544250, 0x0000016037544760, 0x0000016037544c70, 0x0000016037ce1360,
0x0000016037ce27a0, 0x0000016037ce31c0, 0x0000016037ce1870, 0x0000016037ce4b10,
0x0000016037ce36d0, 0x0000016037ce1d80, 0x0000016037ce40f0, 0x0000016037ce5020,
0x0000016037ce6460, 0x0000016037ce2cb0, 0x0000016037ce7390, 0x0000016037ce5530,
0x0000016037ce5a40, 0x0000016037ce5f50, 0x0000016037ce6970, 0x0000016037ce6e80,
0x0000016037ce2290, 0x0000016037ce82c0, 0x0000016037ce87d0, 0x0000016037ce7db0,
0x0000016037ce8ce0, 0x000001603650e5a0, 0x0000016036510910, 0x000001603650e090,
0x000001603650eab0, 0x000001603650efc0, 0x000001603650f4d0, 0x000001603650db80,
0x000001603650d160, 0x0000016036510e20, 0x000001603650f9e0, 0x000001603650fef0,
0x0000016036510400, 0x000001603650d670, 0x0000016036512770, 0x0000016036513bb0,
0x0000016036511330, 0x0000016036512260, 0x0000016036512c80, 0x00000160365140c0,
0x0000016036511d50, 0x00000160365145d0, 0x0000016036513190, 0x00000160365136a0,
0x0000016036514ae0, 0x0000016037ce3be0, 0x00000160332df9e0, 0x00000160332e1d50,
0x00000160332defc0, 0x00000160332e1330, 0x00000160332e1840, 0x000001603ec71b20,
0x000001603ec6fcc0, 0x000001603ec706e0, 0x000001603ec72a50, 0x0000016042bad410,
0x0000016042babac0, 0x0000016042bab5b0, 0x0000016042bac9f0, 0x0000016042baab90,
0x0000016042babfd0, 0x000001603e3b6a60
}

Java Threads: ( => current thread )
  0x0000016073435de0 JavaThread "main" [_thread_blocked, id=17868, stack(0x0000002640000000,0x0000002640100000)]
  0x0000016011977910 JavaThread "Reference Handler" daemon [_thread_blocked, id=508, stack(0x0000002640700000,0x0000002640800000)]
  0x0000016011978f50 JavaThread "Finalizer" daemon [_thread_blocked, id=17488, stack(0x0000002640800000,0x0000002640900000)]
  0x0000016011990ed0 JavaThread "Signal Dispatcher" daemon [_thread_blocked, id=8872, stack(0x0000002640900000,0x0000002640a00000)]
  0x00000160119917a0 JavaThread "Attach Listener" daemon [_thread_blocked, id=10628, stack(0x0000002640a00000,0x0000002640b00000)]
  0x0000016011992be0 JavaThread "Service Thread" daemon [_thread_blocked, id=8640, stack(0x0000002640b00000,0x0000002640c00000)]
  0x0000016011994020 JavaThread "Monitor Deflation Thread" daemon [_thread_blocked, id=16812, stack(0x0000002640c00000,0x0000002640d00000)]
=>0x0000016011994c20 JavaThread "C2 CompilerThread0" daemon [_thread_in_native, id=540, stack(0x0000002640d00000,0x0000002640e00000)]
  0x00000160119a8130 JavaThread "C1 CompilerThread0" daemon [_thread_in_vm, id=17324, stack(0x0000002640e00000,0x0000002640f00000)]
  0x00000160119bb7b0 JavaThread "Sweeper thread" daemon [_thread_blocked, id=364, stack(0x0000002640f00000,0x0000002641000000)]
  0x000001601195bc60 JavaThread "Common-Cleaner" daemon [_thread_blocked, id=17664, stack(0x0000002641000000,0x0000002641100000)]
  0x0000016011bb64d0 JavaThread "Notification Thread" daemon [_thread_blocked, id=17268, stack(0x0000002641100000,0x0000002641200000)]
  0x0000016032390c30 JavaThread "Daemon health stats" [_thread_blocked, id=6740, stack(0x0000002641900000,0x0000002641a00000)]
  0x00000160325378e0 JavaThread "Incoming local TCP Connector on port 50271" [_thread_in_native, id=2232, stack(0x0000002641a00000,0x0000002641b00000)]
  0x00000160320cbeb0 JavaThread "Daemon periodic checks" [_thread_blocked, id=14308, stack(0x0000002641b00000,0x0000002641c00000)]
  0x0000016032822b20 JavaThread "Daemon" [_thread_blocked, id=14468, stack(0x0000002641c00000,0x0000002641d00000)]
  0x00000160323e2980 JavaThread "Handler for socket connection from /127.0.0.1:50271 to /127.0.0.1:50272" [_thread_in_native, id=18332, stack(0x0000002641d00000,0x0000002641e00000)]
  0x0000016031d6ee90 JavaThread "Cancel handler" [_thread_blocked, id=12104, stack(0x0000002641e00000,0x0000002641f00000)]
  0x0000016031d6e470 JavaThread "Daemon worker" [_thread_blocked, id=9032, stack(0x0000002641300000,0x0000002641400000)]
  0x0000016031d6df60 JavaThread "Asynchronous log dispatcher for DefaultDaemonConnection: socket connection from /127.0.0.1:50271 to /127.0.0.1:50272" [_thread_blocked, id=17188, stack(0x0000002641f00000,0x0000002642000000)]
  0x0000016031d6da50 JavaThread "Stdin handler" [_thread_blocked, id=7188, stack(0x0000002642000000,0x0000002642100000)]
  0x0000016031d6f8b0 JavaThread "Daemon client event forwarder" [_thread_blocked, id=6928, stack(0x0000002642100000,0x0000002642200000)]
  0x0000016031d6c610 JavaThread "Cache worker for journal cache (C:\Users\Sudharani-ITS130\.gradle\caches\journal-1)" [_thread_blocked, id=13456, stack(0x0000002642200000,0x0000002642300000)]
  0x0000016031d6f3a0 JavaThread "File lock request listener" [_thread_in_native, id=14384, stack(0x0000002642300000,0x0000002642400000)]
  0x0000016031d6e980 JavaThread "Cache worker for file hash cache (C:\Users\Sudharani-ITS130\.gradle\caches\8.13\fileHashes)" [_thread_in_native, id=14664, stack(0x0000002642400000,0x0000002642500000)]
  0x0000016031d6cb20 JavaThread "Cache worker for file hash cache (D:\DelPart\delivery_partner_frontend\android\.gradle\8.13\fileHashes)" [_thread_blocked, id=5116, stack(0x0000002642500000,0x0000002642600000)]
  0x0000016031d6d030 JavaThread "Cache worker for Build Output Cleanup Cache (D:\DelPart\delivery_partner_frontend\android\.gradle\buildOutputCleanup)" [_thread_blocked, id=5872, stack(0x0000002642600000,0x0000002642700000)]
  0x0000016031d6d540 JavaThread "File watcher server" daemon [_thread_in_native, id=15720, stack(0x0000002642c00000,0x0000002642d00000)]
  0x0000016034532020 JavaThread "File watcher consumer" daemon [_thread_blocked, id=16424, stack(0x0000002642d00000,0x0000002642e00000)]
  0x0000016034532530 JavaThread "jar transforms" [_thread_blocked, id=17748, stack(0x0000002642e00000,0x0000002642f00000)]
  0x0000016034532f50 JavaThread "Cache worker for checksums cache (D:\DelPart\delivery_partner_frontend\android\.gradle\8.13\checksums)" [_thread_blocked, id=17652, stack(0x0000002642f00000,0x0000002643000000)]
  0x0000016034531600 JavaThread "Cache worker for file content cache (C:\Users\Sudharani-ITS130\.gradle\caches\8.13\fileContent)" [_thread_blocked, id=17688, stack(0x0000002643000000,0x0000002643100000)]
  0x0000016034531b10 JavaThread "Cache worker for cache directory md-supplier (C:\Users\Sudharani-ITS130\.gradle\caches\8.13\md-supplier)" [_thread_blocked, id=14224, stack(0x0000002643100000,0x0000002643200000)]
  0x0000016034533970 JavaThread "Cache worker for cache directory md-rule (C:\Users\Sudharani-ITS130\.gradle\caches\8.13\md-rule)" [_thread_blocked, id=12308, stack(0x0000002643200000,0x0000002643300000)]
  0x00000160345310f0 JavaThread "Cache worker for Build Output Cleanup Cache (D:\DelPart\delivery_partner_frontend\node_modules\@react-native\gradle-plugin\.gradle\buildOutputCleanup)" [_thread_blocked, id=17768, stack(0x0000002643300000,0x0000002643400000)]
  0x0000016034534390 JavaThread "Unconstrained build operations" [_thread_blocked, id=13536, stack(0x0000002643400000,0x0000002643500000)]
  0x00000160345361f0 JavaThread "Unconstrained build operations Thread 2" [_thread_blocked, id=13604, stack(0x0000002643500000,0x0000002643600000)]
  0x0000016034534db0 JavaThread "Unconstrained build operations Thread 3" [_thread_blocked, id=18016, stack(0x0000002643600000,0x0000002643700000)]
  0x0000016034536c10 JavaThread "Unconstrained build operations Thread 4" [_thread_blocked, id=7096, stack(0x0000002642b00000,0x0000002642c00000)]
  0x00000160345357d0 JavaThread "Unconstrained build operations Thread 5" [_thread_blocked, id=8512, stack(0x0000002643700000,0x0000002643800000)]
  0x0000016034533e80 JavaThread "Unconstrained build operations Thread 6" [_thread_blocked, id=7384, stack(0x0000002643800000,0x0000002643900000)]
  0x0000016034536700 JavaThread "Unconstrained build operations Thread 7" [_thread_blocked, id=18172, stack(0x0000002643900000,0x0000002643a00000)]
  0x0000016034537630 JavaThread "Unconstrained build operations Thread 8" [_thread_blocked, id=11032, stack(0x0000002643a00000,0x0000002643b00000)]
  0x00000160345348a0 JavaThread "Unconstrained build operations Thread 9" [_thread_blocked, id=10160, stack(0x0000002643b00000,0x0000002643c00000)]
  0x0000016034537b40 JavaThread "Unconstrained build operations Thread 10" [_thread_blocked, id=17460, stack(0x0000002643c00000,0x0000002643d00000)]
  0x0000016034535ce0 JavaThread "Unconstrained build operations Thread 11" [_thread_blocked, id=18060, stack(0x0000002643d00000,0x0000002643e00000)]
  0x0000016034538050 JavaThread "Unconstrained build operations Thread 12" [_thread_blocked, id=10436, stack(0x0000002643e00000,0x0000002643f00000)]
  0x0000016034538560 JavaThread "Unconstrained build operations Thread 13" [_thread_blocked, id=17252, stack(0x0000002643f00000,0x0000002644000000)]
  0x0000016034538a70 JavaThread "Unconstrained build operations Thread 14" [_thread_blocked, id=16532, stack(0x0000002644000000,0x0000002644100000)]
  0x00000160310ca3b0 JavaThread "Unconstrained build operations Thread 15" [_thread_blocked, id=18404, stack(0x0000002644100000,0x0000002644200000)]
  0x00000160310c9480 JavaThread "Unconstrained build operations Thread 16" [_thread_blocked, id=17680, stack(0x0000002644200000,0x0000002644300000)]
  0x00000160310ca8c0 JavaThread "Unconstrained build operations Thread 17" [_thread_blocked, id=12004, stack(0x0000002644300000,0x0000002644400000)]
  0x00000160310cb2e0 JavaThread "Unconstrained build operations Thread 18" [_thread_blocked, id=9096, stack(0x0000002644400000,0x0000002644500000)]
  0x00000160310cadd0 JavaThread "Unconstrained build operations Thread 19" [_thread_blocked, id=2336, stack(0x0000002644500000,0x0000002644600000)]
  0x00000160310cb7f0 JavaThread "Unconstrained build operations Thread 20" [_thread_blocked, id=7208, stack(0x0000002644600000,0x0000002644700000)]
  0x00000160310cbd00 JavaThread "Unconstrained build operations Thread 21" [_thread_blocked, id=12508, stack(0x0000002644700000,0x0000002644800000)]
  0x00000160310cc210 JavaThread "Unconstrained build operations Thread 22" [_thread_blocked, id=6344, stack(0x0000002644800000,0x0000002644900000)]
  0x00000160310c8a60 JavaThread "Unconstrained build operations Thread 23" [_thread_blocked, id=10916, stack(0x0000002644900000,0x0000002644a00000)]
  0x00000160310cc720 JavaThread "Unconstrained build operations Thread 24" [_thread_blocked, id=4308, stack(0x0000002644a00000,0x0000002644b00000)]
  0x00000160310c8f70 JavaThread "Unconstrained build operations Thread 25" [_thread_blocked, id=18440, stack(0x0000002644b00000,0x0000002644c00000)]
  0x00000160310cd140 JavaThread "Unconstrained build operations Thread 26" [_thread_blocked, id=18444, stack(0x0000002644c00000,0x0000002644d00000)]
  0x00000160310ccc30 JavaThread "Unconstrained build operations Thread 27" [_thread_blocked, id=18448, stack(0x0000002644d00000,0x0000002644e00000)]
  0x00000160310c9990 JavaThread "build event listener" [_thread_blocked, id=18740, stack(0x0000002644e00000,0x0000002644f00000)]
  0x00000160310cd650 JavaThread "Memory manager" [_thread_blocked, id=18764, stack(0x0000002644f00000,0x0000002645000000)]
  0x00000160310cdb60 JavaThread "ForkJoinPool.commonPool-worker-1" daemon [_thread_blocked, id=19308, stack(0x0000002645200000,0x0000002645300000)]
  0x00000160310cf4b0 JavaThread "ForkJoinPool.commonPool-worker-3" daemon [_thread_blocked, id=19316, stack(0x0000002645400000,0x0000002645500000)]
  0x00000160310ce580 JavaThread "ForkJoinPool.commonPool-worker-5" daemon [_thread_blocked, id=19324, stack(0x0000002645600000,0x0000002645700000)]
  0x00000160310cf9c0 JavaThread "ForkJoinPool.commonPool-worker-6" daemon [_thread_blocked, id=19328, stack(0x0000002645700000,0x0000002645800000)]
  0x00000160310cfed0 JavaThread "ForkJoinPool.commonPool-worker-7" daemon [_thread_blocked, id=19332, stack(0x0000002645800000,0x0000002645900000)]
  0x00000160310d03e0 JavaThread "included builds" [_thread_blocked, id=19340, stack(0x0000002645900000,0x0000002645a00000)]
  0x000001603753e220 JavaThread "Execution worker" [_thread_blocked, id=19344, stack(0x0000002645a00000,0x0000002645b00000)]
  0x0000016037540fb0 JavaThread "Execution worker Thread 2" [_thread_blocked, id=19348, stack(0x0000002645b00000,0x0000002645c00000)]
  0x000001603753e730 JavaThread "Execution worker Thread 3" [_thread_blocked, id=19352, stack(0x0000002645c00000,0x0000002645d00000)]
  0x0000016037540590 JavaThread "Execution worker Thread 4" [_thread_blocked, id=19356, stack(0x0000002645d00000,0x0000002645e00000)]
  0x00000160375414c0 JavaThread "Execution worker Thread 5" [_thread_blocked, id=19360, stack(0x0000002645e00000,0x0000002645f00000)]
  0x0000016037540080 JavaThread "Execution worker Thread 6" [_thread_blocked, id=19364, stack(0x0000002645f00000,0x0000002646000000)]
  0x000001603753dd10 JavaThread "Execution worker Thread 7" [_thread_blocked, id=19368, stack(0x0000002646000000,0x0000002646100000)]
  0x00000160375419d0 JavaThread "Cache worker for execution history cache (D:\DelPart\delivery_partner_frontend\node_modules\@react-native\gradle-plugin\.gradle\8.13\executionHistory)" [_thread_blocked, id=19380, stack(0x0000002646100000,0x0000002646200000)]
  0x0000016037541ee0 JavaThread "Unconstrained build operations Thread 28" [_thread_blocked, id=19420, stack(0x0000002646200000,0x0000002646300000)]
  0x00000160375423f0 JavaThread "Unconstrained build operations Thread 29" [_thread_blocked, id=19424, stack(0x0000002646300000,0x0000002646400000)]
  0x0000016037540aa0 JavaThread "Unconstrained build operations Thread 30" [_thread_blocked, id=19428, stack(0x0000002646400000,0x0000002646500000)]
  0x000001603753ec40 JavaThread "Unconstrained build operations Thread 31" [_thread_blocked, id=19432, stack(0x0000002646500000,0x0000002646600000)]
  0x0000016037542900 JavaThread "Unconstrained build operations Thread 32" [_thread_blocked, id=19436, stack(0x0000002646600000,0x0000002646700000)]
  0x000001603753f660 JavaThread "Unconstrained build operations Thread 33" [_thread_blocked, id=19440, stack(0x0000002646700000,0x0000002646800000)]
  0x000001603753fb70 JavaThread "Unconstrained build operations Thread 34" [_thread_blocked, id=19444, stack(0x0000002646800000,0x0000002646900000)]
  0x000001603753f150 JavaThread "Unconstrained build operations Thread 35" [_thread_blocked, id=19452, stack(0x0000002646900000,0x0000002646a00000)]
  0x0000016037545180 JavaThread "Unconstrained build operations Thread 36" [_thread_blocked, id=11636, stack(0x0000002646a00000,0x0000002646b00000)]
  0x0000016037542e10 JavaThread "Unconstrained build operations Thread 37" [_thread_blocked, id=13560, stack(0x0000002646b00000,0x0000002646c00000)]
  0x0000016037545690 JavaThread "Unconstrained build operations Thread 38" [_thread_blocked, id=11824, stack(0x0000002646c00000,0x0000002646d00000)]
  0x0000016037543320 JavaThread "Unconstrained build operations Thread 39" [_thread_blocked, id=18612, stack(0x0000002646d00000,0x0000002646e00000)]
  0x0000016037543830 JavaThread "Unconstrained build operations Thread 40" [_thread_blocked, id=18616, stack(0x0000002646e00000,0x0000002646f00000)]
  0x0000016037543d40 JavaThread "Unconstrained build operations Thread 41" [_thread_blocked, id=18608, stack(0x0000002646f00000,0x0000002647000000)]
  0x0000016037544250 JavaThread "Unconstrained build operations Thread 42" [_thread_blocked, id=8168, stack(0x0000002647000000,0x0000002647100000)]
  0x0000016037544760 JavaThread "Unconstrained build operations Thread 43" [_thread_blocked, id=6676, stack(0x0000002647100000,0x0000002647200000)]
  0x0000016037544c70 JavaThread "Unconstrained build operations Thread 44" [_thread_blocked, id=18628, stack(0x0000002647200000,0x0000002647300000)]
  0x0000016037ce1360 JavaThread "Unconstrained build operations Thread 45" [_thread_blocked, id=18624, stack(0x0000002647300000,0x0000002647400000)]
  0x0000016037ce27a0 JavaThread "Unconstrained build operations Thread 46" [_thread_blocked, id=18620, stack(0x0000002647400000,0x0000002647500000)]
  0x0000016037ce31c0 JavaThread "Unconstrained build operations Thread 47" [_thread_blocked, id=5624, stack(0x0000002647500000,0x0000002647600000)]
  0x0000016037ce1870 JavaThread "Unconstrained build operations Thread 48" [_thread_blocked, id=12400, stack(0x0000002647600000,0x0000002647700000)]
  0x0000016037ce4b10 JavaThread "WorkerExecutor Queue" [_thread_blocked, id=16452, stack(0x0000002647700000,0x0000002647800000)]
  0x0000016037ce36d0 JavaThread "RMI Scheduler(0)" daemon [_thread_blocked, id=18792, stack(0x0000002647800000,0x0000002647900000)]
  0x0000016037ce1d80 JavaThread "RMI GC Daemon" daemon [_thread_blocked, id=19148, stack(0x0000002647a00000,0x0000002647b00000)]
  0x0000016037ce40f0 JavaThread "RMI TCP Accept-0" daemon [_thread_in_native, id=19160, stack(0x0000002647b00000,0x0000002647c00000)]
  0x0000016037ce5020 JavaThread "RMI Reaper" [_thread_blocked, id=19156, stack(0x0000002647c00000,0x0000002647d00000)]
  0x0000016037ce6460 JavaThread "Unconstrained build operations Thread 49" [_thread_blocked, id=19924, stack(0x0000002645100000,0x0000002645200000)]
  0x0000016037ce2cb0 JavaThread "Unconstrained build operations Thread 50" [_thread_blocked, id=19928, stack(0x0000002647e00000,0x0000002647f00000)]
  0x0000016037ce7390 JavaThread "Unconstrained build operations Thread 51" [_thread_blocked, id=19932, stack(0x0000002647f00000,0x0000002648000000)]
  0x0000016037ce5530 JavaThread "Unconstrained build operations Thread 52" [_thread_blocked, id=19936, stack(0x0000002648000000,0x0000002648100000)]
  0x0000016037ce5a40 JavaThread "Unconstrained build operations Thread 53" [_thread_blocked, id=19940, stack(0x0000002648100000,0x0000002648200000)]
  0x0000016037ce5f50 JavaThread "Unconstrained build operations Thread 54" [_thread_blocked, id=19944, stack(0x0000002648200000,0x0000002648300000)]
  0x0000016037ce6970 JavaThread "Unconstrained build operations Thread 55" [_thread_blocked, id=19948, stack(0x0000002648300000,0x0000002648400000)]
  0x0000016037ce6e80 JavaThread "Unconstrained build operations Thread 56" [_thread_blocked, id=19952, stack(0x0000002648400000,0x0000002648500000)]
  0x0000016037ce2290 JavaThread "WorkerExecutor Queue Thread 2" [_thread_blocked, id=19956, stack(0x0000002647900000,0x0000002647a00000)]
  0x0000016037ce82c0 JavaThread "Unconstrained build operations Thread 57" [_thread_blocked, id=20216, stack(0x0000002645000000,0x0000002645100000)]
  0x0000016037ce87d0 JavaThread "Unconstrained build operations Thread 58" [_thread_blocked, id=20220, stack(0x0000002648700000,0x0000002648800000)]
  0x0000016037ce7db0 JavaThread "Unconstrained build operations Thread 59" [_thread_blocked, id=20224, stack(0x0000002648800000,0x0000002648900000)]
  0x0000016037ce8ce0 JavaThread "Unconstrained build operations Thread 60" [_thread_in_Java, id=20228, stack(0x0000002648900000,0x0000002648a00000)]
  0x000001603650e5a0 JavaThread "Unconstrained build operations Thread 61" [_thread_blocked, id=20232, stack(0x0000002648a00000,0x0000002648b00000)]
  0x0000016036510910 JavaThread "Unconstrained build operations Thread 62" [_thread_in_native, id=20236, stack(0x0000002648b00000,0x0000002648c00000)]
  0x000001603650e090 JavaThread "Unconstrained build operations Thread 63" [_thread_blocked, id=20240, stack(0x0000002648c00000,0x0000002648d00000)]
  0x000001603650eab0 JavaThread "Unconstrained build operations Thread 64" [_thread_blocked, id=20244, stack(0x0000002648d00000,0x0000002648e00000)]
  0x000001603650efc0 JavaThread "Unconstrained build operations Thread 65" [_thread_blocked, id=20248, stack(0x0000002648e00000,0x0000002648f00000)]
  0x000001603650f4d0 JavaThread "Unconstrained build operations Thread 66" [_thread_in_Java, id=20252, stack(0x0000002648f00000,0x0000002649000000)]
  0x000001603650db80 JavaThread "Unconstrained build operations Thread 67" [_thread_in_native, id=20256, stack(0x0000002649000000,0x0000002649100000)]
  0x000001603650d160 JavaThread "Unconstrained build operations Thread 68" [_thread_blocked, id=20260, stack(0x0000002649100000,0x0000002649200000)]
  0x0000016036510e20 JavaThread "Unconstrained build operations Thread 69" [_thread_blocked, id=20264, stack(0x0000002649200000,0x0000002649300000)]
  0x000001603650f9e0 JavaThread "Unconstrained build operations Thread 70" [_thread_blocked, id=20268, stack(0x0000002649300000,0x0000002649400000)]
  0x000001603650fef0 JavaThread "Unconstrained build operations Thread 71" [_thread_blocked, id=20272, stack(0x0000002649400000,0x0000002649500000)]
  0x0000016036510400 JavaThread "Unconstrained build operations Thread 72" [_thread_blocked, id=20276, stack(0x0000002649500000,0x0000002649600000)]
  0x000001603650d670 JavaThread "Unconstrained build operations Thread 73" [_thread_blocked, id=20280, stack(0x0000002649600000,0x0000002649700000)]
  0x0000016036512770 JavaThread "Unconstrained build operations Thread 74" [_thread_blocked, id=20284, stack(0x0000002649700000,0x0000002649800000)]
  0x0000016036513bb0 JavaThread "Unconstrained build operations Thread 75" [_thread_blocked, id=20288, stack(0x0000002649800000,0x0000002649900000)]
  0x0000016036511330 JavaThread "Unconstrained build operations Thread 76" [_thread_blocked, id=20292, stack(0x0000002649900000,0x0000002649a00000)]
  0x0000016036512260 JavaThread "Unconstrained build operations Thread 77" [_thread_blocked, id=20296, stack(0x0000002649a00000,0x0000002649b00000)]
  0x0000016036512c80 JavaThread "jar transforms Thread 2" [_thread_blocked, id=20300, stack(0x0000002649b00000,0x0000002649c00000)]
  0x00000160365140c0 JavaThread "jar transforms Thread 3" [_thread_blocked, id=9124, stack(0x0000002648500000,0x0000002648600000)]
  0x0000016036511d50 JavaThread "Unconstrained build operations Thread 78" [_thread_blocked, id=19720, stack(0x0000002649c00000,0x0000002649d00000)]
  0x00000160365145d0 JavaThread "Unconstrained build operations Thread 79" [_thread_blocked, id=19716, stack(0x0000002649d00000,0x0000002649e00000)]
  0x0000016036513190 JavaThread "Unconstrained build operations Thread 80" [_thread_blocked, id=19260, stack(0x0000002649e00000,0x0000002649f00000)]
  0x00000160365136a0 JavaThread "WorkerExecutor Queue Thread 3" [_thread_blocked, id=1268, stack(0x000000263fe00000,0x000000263ff00000)]
  0x0000016036514ae0 JavaThread "jar transforms Thread 4" [_thread_blocked, id=14992, stack(0x000000264a300000,0x000000264a400000)]
  0x0000016037ce3be0 JavaThread "jar transforms Thread 5" [_thread_blocked, id=19496, stack(0x000000264a400000,0x000000264a500000)]
  0x00000160332df9e0 JavaThread "jar transforms Thread 6" [_thread_blocked, id=16184, stack(0x000000264a500000,0x000000264a600000)]
  0x00000160332e1d50 JavaThread "build event listener" [_thread_blocked, id=14020, stack(0x0000002649f00000,0x000000264a000000)]
  0x00000160332defc0 JavaThread "jar transforms Thread 7" [_thread_blocked, id=8584, stack(0x000000264a600000,0x000000264a700000)]
  0x00000160332e1330 JavaThread "jar transforms Thread 8" [_thread_blocked, id=19460, stack(0x000000264a700000,0x000000264a800000)]
  0x00000160332e1840 JavaThread "Problems report writer" [_thread_blocked, id=20496, stack(0x000000264a800000,0x000000264a900000)]
  0x000001603ec71b20 JavaThread "Exec process" [_thread_blocked, id=22732, stack(0x000000263fd00000,0x000000263fe00000)]
  0x000001603ec6fcc0 JavaThread "Exec process Thread 2" [_thread_blocked, id=22744, stack(0x000000263ff00000,0x0000002640000000)]
  0x000001603ec706e0 JavaThread "Exec process Thread 3" [_thread_blocked, id=22748, stack(0x000000264aa00000,0x000000264ab00000)]
  0x000001603ec72a50 JavaThread "ForkJoinPool.commonPool-worker-8" daemon [_thread_blocked, id=23348, stack(0x0000002645300000,0x0000002645400000)]
  0x0000016042bad410 JavaThread "Cache worker for execution history cache (D:\DelPart\delivery_partner_frontend\android\.gradle\8.13\executionHistory)" [_thread_blocked, id=23780, stack(0x000000264a900000,0x000000264aa00000)]
  0x0000016042babac0 JavaThread "WorkerExecutor Queue Thread 4" [_thread_blocked, id=26452, stack(0x0000002647d00000,0x0000002647e00000)]
  0x0000016042bab5b0 JavaThread "WorkerExecutor Queue Thread 5" [_thread_blocked, id=26572, stack(0x0000002648600000,0x0000002648700000)]
  0x0000016042bac9f0 JavaThread "WorkerExecutor Queue Thread 6" [_thread_blocked, id=26576, stack(0x000000264a000000,0x000000264a100000)]
  0x0000016042baab90 JavaThread "WorkerExecutor Queue Thread 7" [_thread_blocked, id=26568, stack(0x000000264ab00000,0x000000264ac00000)]
  0x0000016042babfd0 JavaThread "WorkerExecutor Queue Thread 8" [_thread_blocked, id=9076, stack(0x000000264ac00000,0x000000264ad00000)]
  0x000001603e3b6a60 JavaThread "C2 CompilerThread1" daemon [_thread_in_native, id=22820, stack(0x000000264a200000,0x000000264a300000)]

Other Threads:
  0x000001601196e9a0 VMThread "VM Thread" [stack: 0x0000002640600000,0x0000002640700000] [id=17744]
  0x0000016073436910 WatcherThread [stack: 0x0000002641200000,0x0000002641300000] [id=1272]
  0x0000016073491a40 GCTaskThread "GC Thread#0" [stack: 0x0000002640100000,0x0000002640200000] [id=8732]
  0x0000016011cb8db0 GCTaskThread "GC Thread#1" [stack: 0x0000002641400000,0x0000002641500000] [id=18080]
  0x000001603101a060 GCTaskThread "GC Thread#2" [stack: 0x0000002641500000,0x0000002641600000] [id=12580]
  0x0000016011cfd510 GCTaskThread "GC Thread#3" [stack: 0x0000002641600000,0x0000002641700000] [id=5712]
  0x0000016011cfd7e0 GCTaskThread "GC Thread#4" [stack: 0x0000002641700000,0x0000002641800000] [id=2096]
  0x0000016011cae6a0 GCTaskThread "GC Thread#5" [stack: 0x0000002642700000,0x0000002642800000] [id=9388]
  0x0000016011caec40 GCTaskThread "GC Thread#6" [stack: 0x0000002642800000,0x0000002642900000] [id=10580]
  0x000001603364e610 GCTaskThread "GC Thread#7" [stack: 0x0000002642900000,0x0000002642a00000] [id=4952]
  0x00000160734a28b0 ConcurrentGCThread "G1 Main Marker" [stack: 0x0000002640200000,0x0000002640300000] [id=17872]
  0x00000160734a5b90 ConcurrentGCThread "G1 Conc#0" [stack: 0x0000002640300000,0x0000002640400000] [id=10608]
  0x000001603364ebb0 ConcurrentGCThread "G1 Conc#1" [stack: 0x0000002642a00000,0x0000002642b00000] [id=2352]
  0x00000160734dde70 ConcurrentGCThread "G1 Refine#0" [stack: 0x0000002640400000,0x0000002640500000] [id=1428]
  0x0000016011cb8350 ConcurrentGCThread "G1 Refine#1" [stack: 0x0000002641800000,0x0000002641900000] [id=7744]
  0x00000160734de660 ConcurrentGCThread "G1 Service" [stack: 0x0000002640500000,0x0000002640600000] [id=16668]

Threads with active compile tasks:
C2 CompilerThread0  160790 24816       4       org.gradle.internal.vfs.impl.DefaultFileSystemAccess::lambda$snapshotAndReuse$11 (206 bytes)
C2 CompilerThread1  160790 24919   !   4       org.gradle.api.internal.artifacts.ivyservice.resolveengine.artifact.VariantResolvingArtifactSet::select (178 bytes)

VM state: not at safepoint (normal execution)

VM Mutex/Monitor currently owned by a thread: None

Heap address: 0x0000000080000000, size: 2048 MB, Compressed Oops mode: 32-bit

CDS archive(s) mapped at: [0x0000016012000000-0x0000016012bb0000-0x0000016012bb0000), size 12255232, SharedBaseAddress: 0x0000016012000000, ArchiveRelocationMode: 1.
Compressed class space mapped at: 0x0000016013000000-0x000001602d000000, reserved size: 436207616
Narrow klass base: 0x0000016012000000, Narrow klass shift: 0, Narrow klass range: 0x100000000

GC Precious Log:
 CPUs: 8 total, 8 available
 Memory: 15781M
 Large Page Support: Disabled
 NUMA Support: Disabled
 Compressed Oops: Enabled (32-bit)
 Heap Region Size: 1M
 Heap Min Capacity: 8M
 Heap Initial Capacity: 248M
 Heap Max Capacity: 2G
 Pre-touch: Disabled
 Parallel Workers: 8
 Concurrent Workers: 2
 Concurrent Refinement Workers: 8
 Periodic GC: Disabled

Heap:
 garbage-first heap   total 614400K, used 515570K [0x0000000080000000, 0x0000000100000000)
  region size 1024K, 41 young (41984K), 5 survivors (5120K)
 Metaspace       used 137473K, committed 140224K, reserved 557056K
  class space    used 18693K, committed 19904K, reserved 425984K

Heap Regions: E=young(eden), S=young(survivor), O=old, HS=humongous(starts), HC=humongous(continues), CS=collection set, F=free, OA=open archive, CA=closed archive, TAMS=top-at-mark-start (previous, next)
|   0|0x0000000080000000, 0x0000000080100000, 0x0000000080100000|100%|HS|  |TAMS 0x0000000080100000, 0x0000000080000000| Complete 
|   1|0x0000000080100000, 0x0000000080200000, 0x0000000080200000|100%|HC|  |TAMS 0x0000000080200000, 0x0000000080100000| Complete 
|   2|0x0000000080200000, 0x0000000080300000, 0x0000000080300000|100%|HC|  |TAMS 0x0000000080300000, 0x0000000080200000| Complete 
|   3|0x0000000080300000, 0x0000000080400000, 0x0000000080400000|100%| O|  |TAMS 0x0000000080400000, 0x0000000080300000| Untracked 
|   4|0x0000000080400000, 0x0000000080500000, 0x0000000080500000|100%| O|  |TAMS 0x0000000080500000, 0x0000000080400000| Untracked 
|   5|0x0000000080500000, 0x0000000080600000, 0x0000000080600000|100%| O|  |TAMS 0x0000000080600000, 0x0000000080500000| Untracked 
|   6|0x0000000080600000, 0x0000000080700000, 0x0000000080700000|100%|HS|  |TAMS 0x0000000080700000, 0x0000000080600000| Complete 
|   7|0x0000000080700000, 0x0000000080800000, 0x0000000080800000|100%| O|  |TAMS 0x0000000080800000, 0x0000000080700000| Untracked 
|   8|0x0000000080800000, 0x0000000080900000, 0x0000000080900000|100%| O|  |TAMS 0x0000000080900000, 0x0000000080800000| Untracked 
|   9|0x0000000080900000, 0x0000000080a00000, 0x0000000080a00000|100%| O|  |TAMS 0x0000000080a00000, 0x0000000080900000| Untracked 
|  10|0x0000000080a00000, 0x0000000080b00000, 0x0000000080b00000|100%| O|  |TAMS 0x0000000080b00000, 0x0000000080a00000| Untracked 
|  11|0x0000000080b00000, 0x0000000080c00000, 0x0000000080c00000|100%| O|  |TAMS 0x0000000080c00000, 0x0000000080b00000| Untracked 
|  12|0x0000000080c00000, 0x0000000080d00000, 0x0000000080d00000|100%| O|  |TAMS 0x0000000080d00000, 0x0000000080c00000| Untracked 
|  13|0x0000000080d00000, 0x0000000080e00000, 0x0000000080e00000|100%| O|  |TAMS 0x0000000080e00000, 0x0000000080d00000| Untracked 
|  14|0x0000000080e00000, 0x0000000080f00000, 0x0000000080f00000|100%| O|  |TAMS 0x0000000080f00000, 0x0000000080e00000| Untracked 
|  15|0x0000000080f00000, 0x0000000081000000, 0x0000000081000000|100%| O|  |TAMS 0x0000000081000000, 0x0000000080f00000| Untracked 
|  16|0x0000000081000000, 0x0000000081100000, 0x0000000081100000|100%| O|  |TAMS 0x0000000081100000, 0x0000000081000000| Untracked 
|  17|0x0000000081100000, 0x0000000081200000, 0x0000000081200000|100%| O|  |TAMS 0x0000000081200000, 0x0000000081100000| Untracked 
|  18|0x0000000081200000, 0x0000000081300000, 0x0000000081300000|100%| O|  |TAMS 0x0000000081300000, 0x0000000081200000| Untracked 
|  19|0x0000000081300000, 0x0000000081400000, 0x0000000081400000|100%| O|  |TAMS 0x0000000081400000, 0x0000000081300000| Untracked 
|  20|0x0000000081400000, 0x0000000081500000, 0x0000000081500000|100%| O|  |TAMS 0x0000000081500000, 0x0000000081400000| Untracked 
|  21|0x0000000081500000, 0x0000000081600000, 0x0000000081600000|100%| O|  |TAMS 0x0000000081600000, 0x0000000081500000| Untracked 
|  22|0x0000000081600000, 0x0000000081700000, 0x0000000081700000|100%| O|  |TAMS 0x0000000081700000, 0x0000000081600000| Untracked 
|  23|0x0000000081700000, 0x0000000081800000, 0x0000000081800000|100%| O|  |TAMS 0x0000000081800000, 0x0000000081700000| Untracked 
|  24|0x0000000081800000, 0x0000000081900000, 0x0000000081900000|100%| O|  |TAMS 0x0000000081900000, 0x0000000081800000| Untracked 
|  25|0x0000000081900000, 0x0000000081a00000, 0x0000000081a00000|100%| O|  |TAMS 0x0000000081a00000, 0x0000000081900000| Untracked 
|  26|0x0000000081a00000, 0x0000000081b00000, 0x0000000081b00000|100%| O|  |TAMS 0x0000000081b00000, 0x0000000081a00000| Untracked 
|  27|0x0000000081b00000, 0x0000000081c00000, 0x0000000081c00000|100%| O|  |TAMS 0x0000000081c00000, 0x0000000081b00000| Untracked 
|  28|0x0000000081c00000, 0x0000000081d00000, 0x0000000081d00000|100%| O|  |TAMS 0x0000000081d00000, 0x0000000081c00000| Untracked 
|  29|0x0000000081d00000, 0x0000000081e00000, 0x0000000081e00000|100%| O|  |TAMS 0x0000000081e00000, 0x0000000081d00000| Untracked 
|  30|0x0000000081e00000, 0x0000000081f00000, 0x0000000081f00000|100%| O|  |TAMS 0x0000000081f00000, 0x0000000081e00000| Untracked 
|  31|0x0000000081f00000, 0x0000000082000000, 0x0000000082000000|100%| O|  |TAMS 0x0000000082000000, 0x0000000081f00000| Untracked 
|  32|0x0000000082000000, 0x0000000082100000, 0x0000000082100000|100%| O|  |TAMS 0x0000000082100000, 0x0000000082000000| Untracked 
|  33|0x0000000082100000, 0x0000000082200000, 0x0000000082200000|100%| O|  |TAMS 0x0000000082200000, 0x0000000082100000| Untracked 
|  34|0x0000000082200000, 0x0000000082300000, 0x0000000082300000|100%| O|  |TAMS 0x0000000082300000, 0x0000000082200000| Untracked 
|  35|0x0000000082300000, 0x0000000082400000, 0x0000000082400000|100%| O|  |TAMS 0x0000000082400000, 0x0000000082300000| Untracked 
|  36|0x0000000082400000, 0x0000000082500000, 0x0000000082500000|100%| O|  |TAMS 0x0000000082500000, 0x0000000082400000| Untracked 
|  37|0x0000000082500000, 0x0000000082600000, 0x0000000082600000|100%|HS|  |TAMS 0x0000000082600000, 0x0000000082500000| Complete 
|  38|0x0000000082600000, 0x0000000082700000, 0x0000000082700000|100%|HC|  |TAMS 0x0000000082700000, 0x0000000082600000| Complete 
|  39|0x0000000082700000, 0x0000000082800000, 0x0000000082800000|100%|HC|  |TAMS 0x0000000082800000, 0x0000000082700000| Complete 
|  40|0x0000000082800000, 0x0000000082900000, 0x0000000082900000|100%|HS|  |TAMS 0x0000000082900000, 0x0000000082800000| Complete 
|  41|0x0000000082900000, 0x0000000082a00000, 0x0000000082a00000|100%|HC|  |TAMS 0x0000000082a00000, 0x0000000082900000| Complete 
|  42|0x0000000082a00000, 0x0000000082b00000, 0x0000000082b00000|100%|HC|  |TAMS 0x0000000082b00000, 0x0000000082a00000| Complete 
|  43|0x0000000082b00000, 0x0000000082c00000, 0x0000000082c00000|100%| O|  |TAMS 0x0000000082c00000, 0x0000000082b00000| Untracked 
|  44|0x0000000082c00000, 0x0000000082d00000, 0x0000000082d00000|100%| O|  |TAMS 0x0000000082d00000, 0x0000000082c00000| Untracked 
|  45|0x0000000082d00000, 0x0000000082e00000, 0x0000000082e00000|100%| O|  |TAMS 0x0000000082e00000, 0x0000000082d00000| Untracked 
|  46|0x0000000082e00000, 0x0000000082f00000, 0x0000000082f00000|100%| O|  |TAMS 0x0000000082f00000, 0x0000000082e00000| Untracked 
|  47|0x0000000082f00000, 0x0000000083000000, 0x0000000083000000|100%| O|  |TAMS 0x0000000083000000, 0x0000000082f00000| Untracked 
|  48|0x0000000083000000, 0x0000000083100000, 0x0000000083100000|100%| O|  |TAMS 0x0000000083100000, 0x0000000083000000| Untracked 
|  49|0x0000000083100000, 0x0000000083200000, 0x0000000083200000|100%| O|  |TAMS 0x0000000083200000, 0x0000000083100000| Untracked 
|  50|0x0000000083200000, 0x0000000083300000, 0x0000000083300000|100%| O|  |TAMS 0x0000000083300000, 0x0000000083200000| Untracked 
|  51|0x0000000083300000, 0x0000000083400000, 0x0000000083400000|100%|HS|  |TAMS 0x0000000083300000, 0x0000000083300000| Complete 
|  52|0x0000000083400000, 0x0000000083500000, 0x0000000083500000|100%| O|  |TAMS 0x0000000083500000, 0x0000000083400000| Untracked 
|  53|0x0000000083500000, 0x0000000083600000, 0x0000000083600000|100%| O|  |TAMS 0x0000000083600000, 0x0000000083500000| Untracked 
|  54|0x0000000083600000, 0x0000000083700000, 0x0000000083700000|100%| O|  |TAMS 0x0000000083700000, 0x0000000083600000| Untracked 
|  55|0x0000000083700000, 0x0000000083800000, 0x0000000083800000|100%| O|  |TAMS 0x0000000083800000, 0x0000000083700000| Untracked 
|  56|0x0000000083800000, 0x0000000083900000, 0x0000000083900000|100%| O|  |TAMS 0x0000000083900000, 0x0000000083800000| Untracked 
|  57|0x0000000083900000, 0x0000000083a00000, 0x0000000083a00000|100%| O|  |TAMS 0x0000000083a00000, 0x0000000083900000| Untracked 
|  58|0x0000000083a00000, 0x0000000083b00000, 0x0000000083b00000|100%| O|  |TAMS 0x0000000083b00000, 0x0000000083a00000| Untracked 
|  59|0x0000000083b00000, 0x0000000083c00000, 0x0000000083c00000|100%| O|  |TAMS 0x0000000083c00000, 0x0000000083b00000| Untracked 
|  60|0x0000000083c00000, 0x0000000083d00000, 0x0000000083d00000|100%| O|  |TAMS 0x0000000083d00000, 0x0000000083c00000| Untracked 
|  61|0x0000000083d00000, 0x0000000083e00000, 0x0000000083e00000|100%| O|  |TAMS 0x0000000083e00000, 0x0000000083d00000| Untracked 
|  62|0x0000000083e00000, 0x0000000083f00000, 0x0000000083f00000|100%| O|  |TAMS 0x0000000083f00000, 0x0000000083e00000| Untracked 
|  63|0x0000000083f00000, 0x0000000084000000, 0x0000000084000000|100%| O|  |TAMS 0x0000000084000000, 0x0000000083f00000| Untracked 
|  64|0x0000000084000000, 0x0000000084100000, 0x0000000084100000|100%|HS|  |TAMS 0x0000000084000000, 0x0000000084000000| Complete 
|  65|0x0000000084100000, 0x0000000084200000, 0x0000000084200000|100%| O|  |TAMS 0x0000000084100000, 0x0000000084100000| Untracked 
|  66|0x0000000084200000, 0x0000000084300000, 0x0000000084300000|100%| O|  |TAMS 0x0000000084300000, 0x0000000084200000| Untracked 
|  67|0x0000000084300000, 0x0000000084400000, 0x0000000084400000|100%| O|  |TAMS 0x0000000084400000, 0x0000000084300000| Untracked 
|  68|0x0000000084400000, 0x0000000084500000, 0x0000000084500000|100%| O|  |TAMS 0x0000000084500000, 0x0000000084400000| Untracked 
|  69|0x0000000084500000, 0x0000000084600000, 0x0000000084600000|100%|HS|  |TAMS 0x0000000084600000, 0x0000000084500000| Complete 
|  70|0x0000000084600000, 0x0000000084700000, 0x0000000084700000|100%|HC|  |TAMS 0x0000000084700000, 0x0000000084600000| Complete 
|  71|0x0000000084700000, 0x0000000084800000, 0x0000000084800000|100%|HC|  |TAMS 0x0000000084800000, 0x0000000084700000| Complete 
|  72|0x0000000084800000, 0x0000000084900000, 0x0000000084900000|100%| O|  |TAMS 0x0000000084900000, 0x0000000084800000| Untracked 
|  73|0x0000000084900000, 0x0000000084a00000, 0x0000000084a00000|100%| O|  |TAMS 0x0000000084a00000, 0x0000000084900000| Untracked 
|  74|0x0000000084a00000, 0x0000000084b00000, 0x0000000084b00000|100%| O|  |TAMS 0x0000000084b00000, 0x0000000084a00000| Untracked 
|  75|0x0000000084b00000, 0x0000000084c00000, 0x0000000084c00000|100%| O|  |TAMS 0x0000000084c00000, 0x0000000084b00000| Untracked 
|  76|0x0000000084c00000, 0x0000000084d00000, 0x0000000084d00000|100%| O|  |TAMS 0x0000000084d00000, 0x0000000084c00000| Untracked 
|  77|0x0000000084d00000, 0x0000000084e00000, 0x0000000084e00000|100%| O|  |TAMS 0x0000000084e00000, 0x0000000084d00000| Untracked 
|  78|0x0000000084e00000, 0x0000000084f00000, 0x0000000084f00000|100%| O|  |TAMS 0x0000000084f00000, 0x0000000084e00000| Untracked 
|  79|0x0000000084f00000, 0x0000000085000000, 0x0000000085000000|100%| O|  |TAMS 0x0000000085000000, 0x0000000084f00000| Untracked 
|  80|0x0000000085000000, 0x0000000085100000, 0x0000000085100000|100%| O|  |TAMS 0x0000000085100000, 0x0000000085000000| Untracked 
|  81|0x0000000085100000, 0x0000000085200000, 0x0000000085200000|100%| O|  |TAMS 0x0000000085200000, 0x0000000085100000| Untracked 
|  82|0x0000000085200000, 0x0000000085300000, 0x0000000085300000|100%| O|  |TAMS 0x0000000085300000, 0x0000000085200000| Untracked 
|  83|0x0000000085300000, 0x0000000085400000, 0x0000000085400000|100%| O|  |TAMS 0x0000000085400000, 0x0000000085300000| Untracked 
|  84|0x0000000085400000, 0x0000000085500000, 0x0000000085500000|100%| O|  |TAMS 0x0000000085500000, 0x0000000085400000| Untracked 
|  85|0x0000000085500000, 0x0000000085600000, 0x0000000085600000|100%| O|  |TAMS 0x0000000085600000, 0x0000000085500000| Untracked 
|  86|0x0000000085600000, 0x0000000085700000, 0x0000000085700000|100%| O|  |TAMS 0x0000000085700000, 0x0000000085600000| Untracked 
|  87|0x0000000085700000, 0x0000000085800000, 0x0000000085800000|100%| O|  |TAMS 0x0000000085800000, 0x0000000085700000| Untracked 
|  88|0x0000000085800000, 0x0000000085900000, 0x0000000085900000|100%| O|  |TAMS 0x0000000085900000, 0x0000000085800000| Untracked 
|  89|0x0000000085900000, 0x0000000085a00000, 0x0000000085a00000|100%|HS|  |TAMS 0x0000000085a00000, 0x0000000085900000| Complete 
|  90|0x0000000085a00000, 0x0000000085b00000, 0x0000000085b00000|100%|HS|  |TAMS 0x0000000085b00000, 0x0000000085a00000| Complete 
|  91|0x0000000085b00000, 0x0000000085c00000, 0x0000000085c00000|100%|HS|  |TAMS 0x0000000085c00000, 0x0000000085b00000| Complete 
|  92|0x0000000085c00000, 0x0000000085d00000, 0x0000000085d00000|100%|HS|  |TAMS 0x0000000085d00000, 0x0000000085c00000| Complete 
|  93|0x0000000085d00000, 0x0000000085e00000, 0x0000000085e00000|100%|HS|  |TAMS 0x0000000085e00000, 0x0000000085d00000| Complete 
|  94|0x0000000085e00000, 0x0000000085f00000, 0x0000000085f00000|100%|HS|  |TAMS 0x0000000085f00000, 0x0000000085e00000| Complete 
|  95|0x0000000085f00000, 0x0000000086000000, 0x0000000086000000|100%| O|  |TAMS 0x0000000085f00000, 0x0000000085f00000| Untracked 
|  96|0x0000000086000000, 0x0000000086100000, 0x0000000086100000|100%| O|  |TAMS 0x0000000086000000, 0x0000000086000000| Untracked 
|  97|0x0000000086100000, 0x0000000086200000, 0x0000000086200000|100%| O|  |TAMS 0x0000000086200000, 0x0000000086100000| Untracked 
|  98|0x0000000086200000, 0x0000000086300000, 0x0000000086300000|100%|HS|  |TAMS 0x0000000086300000, 0x0000000086200000| Complete 
|  99|0x0000000086300000, 0x0000000086400000, 0x0000000086400000|100%|HC|  |TAMS 0x0000000086400000, 0x0000000086300000| Complete 
| 100|0x0000000086400000, 0x0000000086500000, 0x0000000086500000|100%|HC|  |TAMS 0x0000000086500000, 0x0000000086400000| Complete 
| 101|0x0000000086500000, 0x0000000086600000, 0x0000000086600000|100%| O|  |TAMS 0x0000000086600000, 0x0000000086500000| Untracked 
| 102|0x0000000086600000, 0x0000000086700000, 0x0000000086700000|100%|HS|  |TAMS 0x0000000086700000, 0x0000000086600000| Complete 
| 103|0x0000000086700000, 0x0000000086800000, 0x0000000086800000|100%| O|  |TAMS 0x0000000086800000, 0x0000000086700000| Untracked 
| 104|0x0000000086800000, 0x0000000086900000, 0x0000000086900000|100%| O|  |TAMS 0x0000000086900000, 0x0000000086800000| Untracked 
| 105|0x0000000086900000, 0x0000000086a00000, 0x0000000086a00000|100%| O|  |TAMS 0x0000000086a00000, 0x0000000086900000| Untracked 
| 106|0x0000000086a00000, 0x0000000086b00000, 0x0000000086b00000|100%| O|  |TAMS 0x0000000086b00000, 0x0000000086a00000| Untracked 
| 107|0x0000000086b00000, 0x0000000086c00000, 0x0000000086c00000|100%| O|  |TAMS 0x0000000086c00000, 0x0000000086b00000| Untracked 
| 108|0x0000000086c00000, 0x0000000086d00000, 0x0000000086d00000|100%| O|  |TAMS 0x0000000086d00000, 0x0000000086c00000| Untracked 
| 109|0x0000000086d00000, 0x0000000086e00000, 0x0000000086e00000|100%| O|  |TAMS 0x0000000086e00000, 0x0000000086d00000| Untracked 
| 110|0x0000000086e00000, 0x0000000086f00000, 0x0000000086f00000|100%| O|  |TAMS 0x0000000086f00000, 0x0000000086e00000| Untracked 
| 111|0x0000000086f00000, 0x0000000087000000, 0x0000000087000000|100%| O|  |TAMS 0x0000000087000000, 0x0000000086f00000| Untracked 
| 112|0x0000000087000000, 0x0000000087100000, 0x0000000087100000|100%| O|  |TAMS 0x0000000087100000, 0x0000000087000000| Untracked 
| 113|0x0000000087100000, 0x0000000087200000, 0x0000000087200000|100%| O|  |TAMS 0x0000000087200000, 0x0000000087100000| Untracked 
| 114|0x0000000087200000, 0x0000000087300000, 0x0000000087300000|100%| O|  |TAMS 0x0000000087300000, 0x0000000087200000| Untracked 
| 115|0x0000000087300000, 0x0000000087400000, 0x0000000087400000|100%| O|  |TAMS 0x0000000087400000, 0x0000000087300000| Untracked 
| 116|0x0000000087400000, 0x0000000087500000, 0x0000000087500000|100%| O|  |TAMS 0x0000000087500000, 0x0000000087400000| Untracked 
| 117|0x0000000087500000, 0x0000000087600000, 0x0000000087600000|100%| O|  |TAMS 0x0000000087600000, 0x0000000087500000| Untracked 
| 118|0x0000000087600000, 0x0000000087700000, 0x0000000087700000|100%| O|  |TAMS 0x0000000087700000, 0x0000000087600000| Untracked 
| 119|0x0000000087700000, 0x0000000087800000, 0x0000000087800000|100%| O|  |TAMS 0x0000000087800000, 0x0000000087700000| Untracked 
| 120|0x0000000087800000, 0x0000000087900000, 0x0000000087900000|100%| O|  |TAMS 0x0000000087900000, 0x0000000087800000| Untracked 
| 121|0x0000000087900000, 0x0000000087a00000, 0x0000000087a00000|100%| O|  |TAMS 0x0000000087a00000, 0x0000000087900000| Untracked 
| 122|0x0000000087a00000, 0x0000000087b00000, 0x0000000087b00000|100%| O|  |TAMS 0x0000000087b00000, 0x0000000087a00000| Untracked 
| 123|0x0000000087b00000, 0x0000000087c00000, 0x0000000087c00000|100%| O|  |TAMS 0x0000000087c00000, 0x0000000087b00000| Untracked 
| 124|0x0000000087c00000, 0x0000000087d00000, 0x0000000087d00000|100%| O|  |TAMS 0x0000000087d00000, 0x0000000087c00000| Untracked 
| 125|0x0000000087d00000, 0x0000000087e00000, 0x0000000087e00000|100%| O|  |TAMS 0x0000000087e00000, 0x0000000087d00000| Untracked 
| 126|0x0000000087e00000, 0x0000000087f00000, 0x0000000087f00000|100%| O|  |TAMS 0x0000000087f00000, 0x0000000087e00000| Untracked 
| 127|0x0000000087f00000, 0x0000000088000000, 0x0000000088000000|100%| O|  |TAMS 0x0000000088000000, 0x0000000087f00000| Untracked 
| 128|0x0000000088000000, 0x0000000088100000, 0x0000000088100000|100%| O|  |TAMS 0x0000000088100000, 0x0000000088000000| Untracked 
| 129|0x0000000088100000, 0x0000000088200000, 0x0000000088200000|100%| O|  |TAMS 0x0000000088200000, 0x0000000088100000| Untracked 
| 130|0x0000000088200000, 0x0000000088300000, 0x0000000088300000|100%| O|  |TAMS 0x0000000088300000, 0x0000000088200000| Untracked 
| 131|0x0000000088300000, 0x0000000088400000, 0x0000000088400000|100%| O|  |TAMS 0x0000000088400000, 0x0000000088300000| Untracked 
| 132|0x0000000088400000, 0x0000000088500000, 0x0000000088500000|100%| O|  |TAMS 0x0000000088500000, 0x0000000088400000| Untracked 
| 133|0x0000000088500000, 0x0000000088600000, 0x0000000088600000|100%| O|  |TAMS 0x0000000088600000, 0x0000000088500000| Untracked 
| 134|0x0000000088600000, 0x0000000088700000, 0x0000000088700000|100%| O|  |TAMS 0x0000000088700000, 0x0000000088600000| Untracked 
| 135|0x0000000088700000, 0x0000000088800000, 0x0000000088800000|100%| O|  |TAMS 0x0000000088800000, 0x0000000088700000| Untracked 
| 136|0x0000000088800000, 0x0000000088900000, 0x0000000088900000|100%| O|  |TAMS 0x0000000088900000, 0x0000000088800000| Untracked 
| 137|0x0000000088900000, 0x0000000088a00000, 0x0000000088a00000|100%| O|  |TAMS 0x0000000088a00000, 0x0000000088900000| Untracked 
| 138|0x0000000088a00000, 0x0000000088b00000, 0x0000000088b00000|100%| O|  |TAMS 0x0000000088b00000, 0x0000000088a00000| Untracked 
| 139|0x0000000088b00000, 0x0000000088c00000, 0x0000000088c00000|100%| O|  |TAMS 0x0000000088c00000, 0x0000000088b00000| Untracked 
| 140|0x0000000088c00000, 0x0000000088d00000, 0x0000000088d00000|100%| O|  |TAMS 0x0000000088d00000, 0x0000000088c00000| Untracked 
| 141|0x0000000088d00000, 0x0000000088e00000, 0x0000000088e00000|100%|HS|  |TAMS 0x0000000088e00000, 0x0000000088d00000| Complete 
| 142|0x0000000088e00000, 0x0000000088f00000, 0x0000000088f00000|100%|HS|  |TAMS 0x0000000088f00000, 0x0000000088e00000| Complete 
| 143|0x0000000088f00000, 0x0000000089000000, 0x0000000089000000|100%|HS|  |TAMS 0x0000000089000000, 0x0000000088f00000| Complete 
| 144|0x0000000089000000, 0x0000000089100000, 0x0000000089100000|100%|HC|  |TAMS 0x0000000089100000, 0x0000000089000000| Complete 
| 145|0x0000000089100000, 0x0000000089200000, 0x0000000089200000|100%| O|  |TAMS 0x0000000089200000, 0x0000000089100000| Untracked 
| 146|0x0000000089200000, 0x0000000089300000, 0x0000000089300000|100%| O|  |TAMS 0x0000000089200000, 0x0000000089200000| Untracked 
| 147|0x0000000089300000, 0x0000000089400000, 0x0000000089400000|100%| O|  |TAMS 0x0000000089400000, 0x0000000089300000| Untracked 
| 148|0x0000000089400000, 0x0000000089500000, 0x0000000089500000|100%| O|  |TAMS 0x0000000089400000, 0x0000000089400000| Untracked 
| 149|0x0000000089500000, 0x0000000089600000, 0x0000000089600000|100%| O|  |TAMS 0x0000000089500000, 0x0000000089500000| Untracked 
| 150|0x0000000089600000, 0x0000000089700000, 0x0000000089700000|100%| O|  |TAMS 0x0000000089700000, 0x0000000089600000| Untracked 
| 151|0x0000000089700000, 0x0000000089800000, 0x0000000089800000|100%| O|  |TAMS 0x0000000089800000, 0x0000000089700000| Untracked 
| 152|0x0000000089800000, 0x0000000089900000, 0x0000000089900000|100%| O|  |TAMS 0x0000000089900000, 0x0000000089800000| Untracked 
| 153|0x0000000089900000, 0x0000000089a00000, 0x0000000089a00000|100%| O|  |TAMS 0x0000000089a00000, 0x0000000089900000| Untracked 
| 154|0x0000000089a00000, 0x0000000089b00000, 0x0000000089b00000|100%| O|  |TAMS 0x0000000089b00000, 0x0000000089a00000| Untracked 
| 155|0x0000000089b00000, 0x0000000089c00000, 0x0000000089c00000|100%| O|  |TAMS 0x0000000089c00000, 0x0000000089b00000| Untracked 
| 156|0x0000000089c00000, 0x0000000089d00000, 0x0000000089d00000|100%| O|  |TAMS 0x0000000089d00000, 0x0000000089c00000| Untracked 
| 157|0x0000000089d00000, 0x0000000089e00000, 0x0000000089e00000|100%| O|  |TAMS 0x0000000089e00000, 0x0000000089d00000| Untracked 
| 158|0x0000000089e00000, 0x0000000089f00000, 0x0000000089f00000|100%| O|  |TAMS 0x0000000089f00000, 0x0000000089e00000| Untracked 
| 159|0x0000000089f00000, 0x000000008a000000, 0x000000008a000000|100%| O|  |TAMS 0x000000008a000000, 0x0000000089f00000| Untracked 
| 160|0x000000008a000000, 0x000000008a100000, 0x000000008a100000|100%| O|  |TAMS 0x000000008a100000, 0x000000008a000000| Untracked 
| 161|0x000000008a100000, 0x000000008a200000, 0x000000008a200000|100%| O|  |TAMS 0x000000008a200000, 0x000000008a100000| Untracked 
| 162|0x000000008a200000, 0x000000008a300000, 0x000000008a300000|100%| O|  |TAMS 0x000000008a300000, 0x000000008a200000| Untracked 
| 163|0x000000008a300000, 0x000000008a400000, 0x000000008a400000|100%|HS|  |TAMS 0x000000008a400000, 0x000000008a300000| Complete 
| 164|0x000000008a400000, 0x000000008a500000, 0x000000008a500000|100%| O|  |TAMS 0x000000008a500000, 0x000000008a400000| Untracked 
| 165|0x000000008a500000, 0x000000008a600000, 0x000000008a600000|100%| O|  |TAMS 0x000000008a600000, 0x000000008a500000| Untracked 
| 166|0x000000008a600000, 0x000000008a700000, 0x000000008a700000|100%| O|  |TAMS 0x000000008a64fe00, 0x000000008a600000| Untracked 
| 167|0x000000008a700000, 0x000000008a800000, 0x000000008a800000|100%| O|  |TAMS 0x000000008a700000, 0x000000008a700000| Untracked 
| 168|0x000000008a800000, 0x000000008a900000, 0x000000008a900000|100%| O|  |TAMS 0x000000008a800000, 0x000000008a800000| Untracked 
| 169|0x000000008a900000, 0x000000008aa00000, 0x000000008aa00000|100%| O|  |TAMS 0x000000008a900000, 0x000000008a900000| Untracked 
| 170|0x000000008aa00000, 0x000000008ab00000, 0x000000008ab00000|100%| O|  |TAMS 0x000000008aa00000, 0x000000008aa00000| Untracked 
| 171|0x000000008ab00000, 0x000000008ac00000, 0x000000008ac00000|100%| O|  |TAMS 0x000000008ab00000, 0x000000008ab00000| Untracked 
| 172|0x000000008ac00000, 0x000000008ad00000, 0x000000008ad00000|100%| O|  |TAMS 0x000000008ac00000, 0x000000008ac00000| Untracked 
| 173|0x000000008ad00000, 0x000000008ae00000, 0x000000008ae00000|100%| O|  |TAMS 0x000000008ad00000, 0x000000008ad00000| Untracked 
| 174|0x000000008ae00000, 0x000000008af00000, 0x000000008af00000|100%| O|  |TAMS 0x000000008ae00000, 0x000000008ae00000| Untracked 
| 175|0x000000008af00000, 0x000000008b000000, 0x000000008b000000|100%| O|  |TAMS 0x000000008af00000, 0x000000008af00000| Untracked 
| 176|0x000000008b000000, 0x000000008b100000, 0x000000008b100000|100%| O|  |TAMS 0x000000008b000000, 0x000000008b000000| Untracked 
| 177|0x000000008b100000, 0x000000008b200000, 0x000000008b200000|100%| O|  |TAMS 0x000000008b100000, 0x000000008b100000| Untracked 
| 178|0x000000008b200000, 0x000000008b300000, 0x000000008b300000|100%| O|  |TAMS 0x000000008b200000, 0x000000008b200000| Untracked 
| 179|0x000000008b300000, 0x000000008b400000, 0x000000008b400000|100%| O|  |TAMS 0x000000008b300000, 0x000000008b300000| Untracked 
| 180|0x000000008b400000, 0x000000008b500000, 0x000000008b500000|100%| O|  |TAMS 0x000000008b400000, 0x000000008b400000| Untracked 
| 181|0x000000008b500000, 0x000000008b600000, 0x000000008b600000|100%| O|  |TAMS 0x000000008b500000, 0x000000008b500000| Untracked 
| 182|0x000000008b600000, 0x000000008b700000, 0x000000008b700000|100%| O|  |TAMS 0x000000008b600000, 0x000000008b600000| Untracked 
| 183|0x000000008b700000, 0x000000008b800000, 0x000000008b800000|100%| O|  |TAMS 0x000000008b700000, 0x000000008b700000| Untracked 
| 184|0x000000008b800000, 0x000000008b900000, 0x000000008b900000|100%| O|  |TAMS 0x000000008b800000, 0x000000008b800000| Untracked 
| 185|0x000000008b900000, 0x000000008ba00000, 0x000000008ba00000|100%| O|  |TAMS 0x000000008b900000, 0x000000008b900000| Untracked 
| 186|0x000000008ba00000, 0x000000008bb00000, 0x000000008bb00000|100%| O|  |TAMS 0x000000008ba00000, 0x000000008ba00000| Untracked 
| 187|0x000000008bb00000, 0x000000008bc00000, 0x000000008bc00000|100%| O|  |TAMS 0x000000008bb00000, 0x000000008bb00000| Untracked 
| 188|0x000000008bc00000, 0x000000008bd00000, 0x000000008bd00000|100%| O|  |TAMS 0x000000008bc00000, 0x000000008bc00000| Untracked 
| 189|0x000000008bd00000, 0x000000008be00000, 0x000000008be00000|100%| O|  |TAMS 0x000000008bd00000, 0x000000008bd00000| Untracked 
| 190|0x000000008be00000, 0x000000008bf00000, 0x000000008bf00000|100%|HS|  |TAMS 0x000000008be00000, 0x000000008be00000| Complete 
| 191|0x000000008bf00000, 0x000000008c000000, 0x000000008c000000|100%|HC|  |TAMS 0x000000008bf00000, 0x000000008bf00000| Complete 
| 192|0x000000008c000000, 0x000000008c100000, 0x000000008c100000|100%|HS|  |TAMS 0x000000008c000000, 0x000000008c000000| Complete 
| 193|0x000000008c100000, 0x000000008c200000, 0x000000008c200000|100%|HC|  |TAMS 0x000000008c100000, 0x000000008c100000| Complete 
| 194|0x000000008c200000, 0x000000008c300000, 0x000000008c300000|100%| O|  |TAMS 0x000000008c200000, 0x000000008c200000| Untracked 
| 195|0x000000008c300000, 0x000000008c400000, 0x000000008c400000|100%| O|  |TAMS 0x000000008c300000, 0x000000008c300000| Untracked 
| 196|0x000000008c400000, 0x000000008c500000, 0x000000008c500000|100%| O|  |TAMS 0x000000008c400000, 0x000000008c400000| Untracked 
| 197|0x000000008c500000, 0x000000008c600000, 0x000000008c600000|100%| O|  |TAMS 0x000000008c500000, 0x000000008c500000| Untracked 
| 198|0x000000008c600000, 0x000000008c700000, 0x000000008c700000|100%| O|  |TAMS 0x000000008c600000, 0x000000008c600000| Untracked 
| 199|0x000000008c700000, 0x000000008c800000, 0x000000008c800000|100%| O|  |TAMS 0x000000008c700000, 0x000000008c700000| Untracked 
| 200|0x000000008c800000, 0x000000008c900000, 0x000000008c900000|100%| O|  |TAMS 0x000000008c800000, 0x000000008c800000| Untracked 
| 201|0x000000008c900000, 0x000000008ca00000, 0x000000008ca00000|100%| O|  |TAMS 0x000000008c900000, 0x000000008c900000| Untracked 
| 202|0x000000008ca00000, 0x000000008cb00000, 0x000000008cb00000|100%| O|  |TAMS 0x000000008ca00000, 0x000000008ca00000| Untracked 
| 203|0x000000008cb00000, 0x000000008cc00000, 0x000000008cc00000|100%| O|  |TAMS 0x000000008cb00000, 0x000000008cb00000| Untracked 
| 204|0x000000008cc00000, 0x000000008cd00000, 0x000000008cd00000|100%| O|  |TAMS 0x000000008cc00000, 0x000000008cc00000| Untracked 
| 205|0x000000008cd00000, 0x000000008ce00000, 0x000000008ce00000|100%| O|  |TAMS 0x000000008cd00000, 0x000000008cd00000| Untracked 
| 206|0x000000008ce00000, 0x000000008cf00000, 0x000000008cf00000|100%|HS|  |TAMS 0x000000008ce00000, 0x000000008ce00000| Complete 
| 207|0x000000008cf00000, 0x000000008d000000, 0x000000008d000000|100%|HS|  |TAMS 0x000000008cf00000, 0x000000008cf00000| Complete 
| 208|0x000000008d000000, 0x000000008d100000, 0x000000008d100000|100%|HS|  |TAMS 0x000000008d000000, 0x000000008d000000| Complete 
| 209|0x000000008d100000, 0x000000008d200000, 0x000000008d200000|100%|HS|  |TAMS 0x000000008d100000, 0x000000008d100000| Complete 
| 210|0x000000008d200000, 0x000000008d300000, 0x000000008d300000|100%|HS|  |TAMS 0x000000008d200000, 0x000000008d200000| Complete 
| 211|0x000000008d300000, 0x000000008d400000, 0x000000008d400000|100%|HS|  |TAMS 0x000000008d300000, 0x000000008d300000| Complete 
| 212|0x000000008d400000, 0x000000008d500000, 0x000000008d500000|100%| O|  |TAMS 0x000000008d400000, 0x000000008d400000| Untracked 
| 213|0x000000008d500000, 0x000000008d600000, 0x000000008d600000|100%| O|  |TAMS 0x000000008d500000, 0x000000008d500000| Untracked 
| 214|0x000000008d600000, 0x000000008d700000, 0x000000008d700000|100%| O|  |TAMS 0x000000008d600000, 0x000000008d600000| Untracked 
| 215|0x000000008d700000, 0x000000008d800000, 0x000000008d800000|100%| O|  |TAMS 0x000000008d700000, 0x000000008d700000| Untracked 
| 216|0x000000008d800000, 0x000000008d900000, 0x000000008d900000|100%| O|  |TAMS 0x000000008d800000, 0x000000008d800000| Untracked 
| 217|0x000000008d900000, 0x000000008da00000, 0x000000008da00000|100%| O|  |TAMS 0x000000008d900000, 0x000000008d900000| Untracked 
| 218|0x000000008da00000, 0x000000008db00000, 0x000000008db00000|100%| O|  |TAMS 0x000000008da00000, 0x000000008da00000| Untracked 
| 219|0x000000008db00000, 0x000000008dc00000, 0x000000008dc00000|100%| O|  |TAMS 0x000000008db00000, 0x000000008db00000| Untracked 
| 220|0x000000008dc00000, 0x000000008dd00000, 0x000000008dd00000|100%| O|  |TAMS 0x000000008dc00000, 0x000000008dc00000| Untracked 
| 221|0x000000008dd00000, 0x000000008de00000, 0x000000008de00000|100%| O|  |TAMS 0x000000008dd00000, 0x000000008dd00000| Untracked 
| 222|0x000000008de00000, 0x000000008df00000, 0x000000008df00000|100%| O|  |TAMS 0x000000008de00000, 0x000000008de00000| Untracked 
| 223|0x000000008df00000, 0x000000008e000000, 0x000000008e000000|100%| O|  |TAMS 0x000000008df00000, 0x000000008df00000| Untracked 
| 224|0x000000008e000000, 0x000000008e100000, 0x000000008e100000|100%| O|  |TAMS 0x000000008e000000, 0x000000008e000000| Untracked 
| 225|0x000000008e100000, 0x000000008e200000, 0x000000008e200000|100%| O|  |TAMS 0x000000008e100000, 0x000000008e100000| Untracked 
| 226|0x000000008e200000, 0x000000008e300000, 0x000000008e300000|100%| O|  |TAMS 0x000000008e200000, 0x000000008e200000| Untracked 
| 227|0x000000008e300000, 0x000000008e400000, 0x000000008e400000|100%| O|  |TAMS 0x000000008e300000, 0x000000008e300000| Untracked 
| 228|0x000000008e400000, 0x000000008e500000, 0x000000008e500000|100%| O|  |TAMS 0x000000008e400000, 0x000000008e400000| Untracked 
| 229|0x000000008e500000, 0x000000008e600000, 0x000000008e600000|100%| O|  |TAMS 0x000000008e500000, 0x000000008e500000| Untracked 
| 230|0x000000008e600000, 0x000000008e700000, 0x000000008e700000|100%| O|  |TAMS 0x000000008e600000, 0x000000008e600000| Untracked 
| 231|0x000000008e700000, 0x000000008e800000, 0x000000008e800000|100%| O|  |TAMS 0x000000008e700000, 0x000000008e700000| Untracked 
| 232|0x000000008e800000, 0x000000008e900000, 0x000000008e900000|100%| O|  |TAMS 0x000000008e800000, 0x000000008e800000| Untracked 
| 233|0x000000008e900000, 0x000000008ea00000, 0x000000008ea00000|100%| O|  |TAMS 0x000000008e900000, 0x000000008e900000| Untracked 
| 234|0x000000008ea00000, 0x000000008eb00000, 0x000000008eb00000|100%| O|  |TAMS 0x000000008ea00000, 0x000000008ea00000| Untracked 
| 235|0x000000008eb00000, 0x000000008ec00000, 0x000000008ec00000|100%| O|  |TAMS 0x000000008eb00000, 0x000000008eb00000| Untracked 
| 236|0x000000008ec00000, 0x000000008ed00000, 0x000000008ed00000|100%| O|  |TAMS 0x000000008ec00000, 0x000000008ec00000| Untracked 
| 237|0x000000008ed00000, 0x000000008ee00000, 0x000000008ee00000|100%| O|  |TAMS 0x000000008ed00000, 0x000000008ed00000| Untracked 
| 238|0x000000008ee00000, 0x000000008ef00000, 0x000000008ef00000|100%| O|  |TAMS 0x000000008ee00000, 0x000000008ee00000| Untracked 
| 239|0x000000008ef00000, 0x000000008f000000, 0x000000008f000000|100%| O|  |TAMS 0x000000008ef00000, 0x000000008ef00000| Untracked 
| 240|0x000000008f000000, 0x000000008f100000, 0x000000008f100000|100%| O|  |TAMS 0x000000008f000000, 0x000000008f000000| Untracked 
| 241|0x000000008f100000, 0x000000008f200000, 0x000000008f200000|100%|HS|  |TAMS 0x000000008f100000, 0x000000008f100000| Complete 
| 242|0x000000008f200000, 0x000000008f300000, 0x000000008f300000|100%|HS|  |TAMS 0x000000008f200000, 0x000000008f200000| Complete 
| 243|0x000000008f300000, 0x000000008f400000, 0x000000008f400000|100%|HS|  |TAMS 0x000000008f300000, 0x000000008f300000| Complete 
| 244|0x000000008f400000, 0x000000008f500000, 0x000000008f500000|100%| O|  |TAMS 0x000000008f400000, 0x000000008f400000| Untracked 
| 245|0x000000008f500000, 0x000000008f600000, 0x000000008f600000|100%| O|  |TAMS 0x000000008f500000, 0x000000008f500000| Untracked 
| 246|0x000000008f600000, 0x000000008f700000, 0x000000008f700000|100%| O|  |TAMS 0x000000008f600000, 0x000000008f600000| Untracked 
| 247|0x000000008f700000, 0x000000008f800000, 0x000000008f800000|100%| O|  |TAMS 0x000000008f700000, 0x000000008f700000| Untracked 
| 248|0x000000008f800000, 0x000000008f900000, 0x000000008f900000|100%| O|  |TAMS 0x000000008f800000, 0x000000008f800000| Untracked 
| 249|0x000000008f900000, 0x000000008fa00000, 0x000000008fa00000|100%| O|  |TAMS 0x000000008f900000, 0x000000008f900000| Untracked 
| 250|0x000000008fa00000, 0x000000008fb00000, 0x000000008fb00000|100%| O|  |TAMS 0x000000008fa00000, 0x000000008fa00000| Untracked 
| 251|0x000000008fb00000, 0x000000008fc00000, 0x000000008fc00000|100%| O|  |TAMS 0x000000008fb00000, 0x000000008fb00000| Untracked 
| 252|0x000000008fc00000, 0x000000008fd00000, 0x000000008fd00000|100%| O|  |TAMS 0x000000008fc00000, 0x000000008fc00000| Untracked 
| 253|0x000000008fd00000, 0x000000008fe00000, 0x000000008fe00000|100%| O|  |TAMS 0x000000008fd00000, 0x000000008fd00000| Untracked 
| 254|0x000000008fe00000, 0x000000008ff00000, 0x000000008ff00000|100%| O|  |TAMS 0x000000008fe00000, 0x000000008fe00000| Untracked 
| 255|0x000000008ff00000, 0x0000000090000000, 0x0000000090000000|100%| O|  |TAMS 0x000000008ff00000, 0x000000008ff00000| Untracked 
| 256|0x0000000090000000, 0x0000000090100000, 0x0000000090100000|100%| O|  |TAMS 0x0000000090000000, 0x0000000090000000| Untracked 
| 257|0x0000000090100000, 0x0000000090200000, 0x0000000090200000|100%| O|  |TAMS 0x0000000090100000, 0x0000000090100000| Untracked 
| 258|0x0000000090200000, 0x0000000090300000, 0x0000000090300000|100%| O|  |TAMS 0x0000000090200000, 0x0000000090200000| Untracked 
| 259|0x0000000090300000, 0x0000000090400000, 0x0000000090400000|100%| O|  |TAMS 0x0000000090300000, 0x0000000090300000| Untracked 
| 260|0x0000000090400000, 0x0000000090500000, 0x0000000090500000|100%| O|  |TAMS 0x0000000090400000, 0x0000000090400000| Untracked 
| 261|0x0000000090500000, 0x0000000090600000, 0x0000000090600000|100%| O|  |TAMS 0x0000000090500000, 0x0000000090500000| Untracked 
| 262|0x0000000090600000, 0x0000000090700000, 0x0000000090700000|100%| O|  |TAMS 0x0000000090600000, 0x0000000090600000| Untracked 
| 263|0x0000000090700000, 0x0000000090800000, 0x0000000090800000|100%| O|  |TAMS 0x0000000090700000, 0x0000000090700000| Untracked 
| 264|0x0000000090800000, 0x0000000090900000, 0x0000000090900000|100%| O|  |TAMS 0x0000000090800000, 0x0000000090800000| Untracked 
| 265|0x0000000090900000, 0x0000000090a00000, 0x0000000090a00000|100%| O|  |TAMS 0x0000000090900000, 0x0000000090900000| Untracked 
| 266|0x0000000090a00000, 0x0000000090b00000, 0x0000000090b00000|100%| O|  |TAMS 0x0000000090a00000, 0x0000000090a00000| Untracked 
| 267|0x0000000090b00000, 0x0000000090c00000, 0x0000000090c00000|100%| O|  |TAMS 0x0000000090b00000, 0x0000000090b00000| Untracked 
| 268|0x0000000090c00000, 0x0000000090d00000, 0x0000000090d00000|100%| O|  |TAMS 0x0000000090c00000, 0x0000000090c00000| Untracked 
| 269|0x0000000090d00000, 0x0000000090e00000, 0x0000000090e00000|100%| O|  |TAMS 0x0000000090d00000, 0x0000000090d00000| Untracked 
| 270|0x0000000090e00000, 0x0000000090f00000, 0x0000000090f00000|100%| O|  |TAMS 0x0000000090e00000, 0x0000000090e00000| Untracked 
| 271|0x0000000090f00000, 0x0000000091000000, 0x0000000091000000|100%| O|  |TAMS 0x0000000090f00000, 0x0000000090f00000| Untracked 
| 272|0x0000000091000000, 0x0000000091100000, 0x0000000091100000|100%|HS|  |TAMS 0x0000000091000000, 0x0000000091000000| Complete 
| 273|0x0000000091100000, 0x0000000091200000, 0x0000000091200000|100%|HS|  |TAMS 0x0000000091100000, 0x0000000091100000| Complete 
| 274|0x0000000091200000, 0x0000000091300000, 0x0000000091300000|100%| O|  |TAMS 0x0000000091200000, 0x0000000091200000| Untracked 
| 275|0x0000000091300000, 0x0000000091400000, 0x0000000091400000|100%| O|  |TAMS 0x0000000091300000, 0x0000000091300000| Untracked 
| 276|0x0000000091400000, 0x0000000091500000, 0x0000000091500000|100%| O|  |TAMS 0x0000000091400000, 0x0000000091400000| Untracked 
| 277|0x0000000091500000, 0x0000000091600000, 0x0000000091600000|100%| O|  |TAMS 0x0000000091500000, 0x0000000091500000| Untracked 
| 278|0x0000000091600000, 0x0000000091700000, 0x0000000091700000|100%| O|  |TAMS 0x0000000091600000, 0x0000000091600000| Untracked 
| 279|0x0000000091700000, 0x0000000091800000, 0x0000000091800000|100%| O|  |TAMS 0x0000000091700000, 0x0000000091700000| Untracked 
| 280|0x0000000091800000, 0x0000000091900000, 0x0000000091900000|100%| O|  |TAMS 0x0000000091800000, 0x0000000091800000| Untracked 
| 281|0x0000000091900000, 0x0000000091a00000, 0x0000000091a00000|100%| O|  |TAMS 0x0000000091900000, 0x0000000091900000| Untracked 
| 282|0x0000000091a00000, 0x0000000091b00000, 0x0000000091b00000|100%| O|  |TAMS 0x0000000091a00000, 0x0000000091a00000| Untracked 
| 283|0x0000000091b00000, 0x0000000091c00000, 0x0000000091c00000|100%| O|  |TAMS 0x0000000091b00000, 0x0000000091b00000| Untracked 
| 284|0x0000000091c00000, 0x0000000091d00000, 0x0000000091d00000|100%| O|  |TAMS 0x0000000091c00000, 0x0000000091c00000| Untracked 
| 285|0x0000000091d00000, 0x0000000091e00000, 0x0000000091e00000|100%| O|  |TAMS 0x0000000091d00000, 0x0000000091d00000| Untracked 
| 286|0x0000000091e00000, 0x0000000091f00000, 0x0000000091f00000|100%| O|  |TAMS 0x0000000091e00000, 0x0000000091e00000| Untracked 
| 287|0x0000000091f00000, 0x0000000092000000, 0x0000000092000000|100%| O|  |TAMS 0x0000000091f00000, 0x0000000091f00000| Untracked 
| 288|0x0000000092000000, 0x0000000092100000, 0x0000000092100000|100%| O|  |TAMS 0x0000000092000000, 0x0000000092000000| Untracked 
| 289|0x0000000092100000, 0x0000000092200000, 0x0000000092200000|100%| O|  |TAMS 0x0000000092100000, 0x0000000092100000| Untracked 
| 290|0x0000000092200000, 0x0000000092300000, 0x0000000092300000|100%| O|  |TAMS 0x0000000092200000, 0x0000000092200000| Untracked 
| 291|0x0000000092300000, 0x0000000092400000, 0x0000000092400000|100%| O|  |TAMS 0x0000000092300000, 0x0000000092300000| Untracked 
| 292|0x0000000092400000, 0x0000000092500000, 0x0000000092500000|100%| O|  |TAMS 0x0000000092400000, 0x0000000092400000| Untracked 
| 293|0x0000000092500000, 0x0000000092600000, 0x0000000092600000|100%| O|  |TAMS 0x0000000092500000, 0x0000000092500000| Untracked 
| 294|0x0000000092600000, 0x0000000092700000, 0x0000000092700000|100%|HS|  |TAMS 0x0000000092600000, 0x0000000092600000| Complete 
| 295|0x0000000092700000, 0x0000000092800000, 0x0000000092800000|100%|HS|  |TAMS 0x0000000092700000, 0x0000000092700000| Complete 
| 296|0x0000000092800000, 0x0000000092900000, 0x0000000092900000|100%|HS|  |TAMS 0x0000000092800000, 0x0000000092800000| Complete 
| 297|0x0000000092900000, 0x0000000092a00000, 0x0000000092a00000|100%|HS|  |TAMS 0x0000000092900000, 0x0000000092900000| Complete 
| 298|0x0000000092a00000, 0x0000000092b00000, 0x0000000092b00000|100%| O|  |TAMS 0x0000000092a00000, 0x0000000092a00000| Untracked 
| 299|0x0000000092b00000, 0x0000000092c00000, 0x0000000092c00000|100%| O|  |TAMS 0x0000000092b00000, 0x0000000092b00000| Untracked 
| 300|0x0000000092c00000, 0x0000000092d00000, 0x0000000092d00000|100%| O|  |TAMS 0x0000000092c00000, 0x0000000092c00000| Untracked 
| 301|0x0000000092d00000, 0x0000000092e00000, 0x0000000092e00000|100%| O|  |TAMS 0x0000000092d00000, 0x0000000092d00000| Untracked 
| 302|0x0000000092e00000, 0x0000000092f00000, 0x0000000092f00000|100%| O|  |TAMS 0x0000000092e00000, 0x0000000092e00000| Untracked 
| 303|0x0000000092f00000, 0x0000000093000000, 0x0000000093000000|100%| O|  |TAMS 0x0000000092f00000, 0x0000000092f00000| Untracked 
| 304|0x0000000093000000, 0x0000000093100000, 0x0000000093100000|100%| O|  |TAMS 0x0000000093000000, 0x0000000093000000| Untracked 
| 305|0x0000000093100000, 0x0000000093200000, 0x0000000093200000|100%| O|  |TAMS 0x0000000093100000, 0x0000000093100000| Untracked 
| 306|0x0000000093200000, 0x0000000093300000, 0x0000000093300000|100%| O|  |TAMS 0x0000000093200000, 0x0000000093200000| Untracked 
| 307|0x0000000093300000, 0x0000000093400000, 0x0000000093400000|100%| O|  |TAMS 0x0000000093300000, 0x0000000093300000| Untracked 
| 308|0x0000000093400000, 0x0000000093500000, 0x0000000093500000|100%| O|  |TAMS 0x0000000093400000, 0x0000000093400000| Untracked 
| 309|0x0000000093500000, 0x0000000093600000, 0x0000000093600000|100%| O|  |TAMS 0x0000000093500000, 0x0000000093500000| Untracked 
| 310|0x0000000093600000, 0x0000000093700000, 0x0000000093700000|100%| O|  |TAMS 0x0000000093600000, 0x0000000093600000| Untracked 
| 311|0x0000000093700000, 0x0000000093800000, 0x0000000093800000|100%| O|  |TAMS 0x0000000093700000, 0x0000000093700000| Untracked 
| 312|0x0000000093800000, 0x0000000093900000, 0x0000000093900000|100%| O|  |TAMS 0x0000000093800000, 0x0000000093800000| Untracked 
| 313|0x0000000093900000, 0x0000000093a00000, 0x0000000093a00000|100%| O|  |TAMS 0x0000000093900000, 0x0000000093900000| Untracked 
| 314|0x0000000093a00000, 0x0000000093b00000, 0x0000000093b00000|100%| O|  |TAMS 0x0000000093a00000, 0x0000000093a00000| Untracked 
| 315|0x0000000093b00000, 0x0000000093c00000, 0x0000000093c00000|100%| O|  |TAMS 0x0000000093b00000, 0x0000000093b00000| Untracked 
| 316|0x0000000093c00000, 0x0000000093d00000, 0x0000000093d00000|100%| O|  |TAMS 0x0000000093c00000, 0x0000000093c00000| Untracked 
| 317|0x0000000093d00000, 0x0000000093e00000, 0x0000000093e00000|100%|HS|  |TAMS 0x0000000093d00000, 0x0000000093d00000| Complete 
| 318|0x0000000093e00000, 0x0000000093f00000, 0x0000000093f00000|100%| O|  |TAMS 0x0000000093e00000, 0x0000000093e00000| Untracked 
| 319|0x0000000093f00000, 0x0000000094000000, 0x0000000094000000|100%| O|  |TAMS 0x0000000093f00000, 0x0000000093f00000| Untracked 
| 320|0x0000000094000000, 0x0000000094100000, 0x0000000094100000|100%| O|  |TAMS 0x0000000094000000, 0x0000000094000000| Untracked 
| 321|0x0000000094100000, 0x0000000094200000, 0x0000000094200000|100%| O|  |TAMS 0x0000000094100000, 0x0000000094100000| Untracked 
| 322|0x0000000094200000, 0x0000000094300000, 0x0000000094300000|100%| O|  |TAMS 0x0000000094200000, 0x0000000094200000| Untracked 
| 323|0x0000000094300000, 0x0000000094400000, 0x0000000094400000|100%| O|  |TAMS 0x0000000094300000, 0x0000000094300000| Untracked 
| 324|0x0000000094400000, 0x0000000094500000, 0x0000000094500000|100%| O|  |TAMS 0x0000000094400000, 0x0000000094400000| Untracked 
| 325|0x0000000094500000, 0x0000000094600000, 0x0000000094600000|100%| O|  |TAMS 0x0000000094500000, 0x0000000094500000| Untracked 
| 326|0x0000000094600000, 0x0000000094700000, 0x0000000094700000|100%| O|  |TAMS 0x0000000094600000, 0x0000000094600000| Untracked 
| 327|0x0000000094700000, 0x0000000094800000, 0x0000000094800000|100%| O|  |TAMS 0x0000000094700000, 0x0000000094700000| Untracked 
| 328|0x0000000094800000, 0x0000000094900000, 0x0000000094900000|100%| O|  |TAMS 0x0000000094800000, 0x0000000094800000| Untracked 
| 329|0x0000000094900000, 0x0000000094a00000, 0x0000000094a00000|100%| O|  |TAMS 0x0000000094900000, 0x0000000094900000| Untracked 
| 330|0x0000000094a00000, 0x0000000094b00000, 0x0000000094b00000|100%| O|  |TAMS 0x0000000094a00000, 0x0000000094a00000| Untracked 
| 331|0x0000000094b00000, 0x0000000094c00000, 0x0000000094c00000|100%| O|  |TAMS 0x0000000094b00000, 0x0000000094b00000| Untracked 
| 332|0x0000000094c00000, 0x0000000094d00000, 0x0000000094d00000|100%| O|  |TAMS 0x0000000094c00000, 0x0000000094c00000| Untracked 
| 333|0x0000000094d00000, 0x0000000094e00000, 0x0000000094e00000|100%| O|  |TAMS 0x0000000094d00000, 0x0000000094d00000| Untracked 
| 334|0x0000000094e00000, 0x0000000094f00000, 0x0000000094f00000|100%| O|  |TAMS 0x0000000094e00000, 0x0000000094e00000| Untracked 
| 335|0x0000000094f00000, 0x0000000095000000, 0x0000000095000000|100%| O|  |TAMS 0x0000000094f00000, 0x0000000094f00000| Untracked 
| 336|0x0000000095000000, 0x0000000095100000, 0x0000000095100000|100%| O|  |TAMS 0x0000000095000000, 0x0000000095000000| Untracked 
| 337|0x0000000095100000, 0x0000000095200000, 0x0000000095200000|100%| O|  |TAMS 0x0000000095100000, 0x0000000095100000| Untracked 
| 338|0x0000000095200000, 0x0000000095300000, 0x0000000095300000|100%| O|  |TAMS 0x0000000095200000, 0x0000000095200000| Untracked 
| 339|0x0000000095300000, 0x0000000095400000, 0x0000000095400000|100%| O|  |TAMS 0x0000000095300000, 0x0000000095300000| Untracked 
| 340|0x0000000095400000, 0x0000000095500000, 0x0000000095500000|100%| O|  |TAMS 0x0000000095400000, 0x0000000095400000| Untracked 
| 341|0x0000000095500000, 0x0000000095600000, 0x0000000095600000|100%| O|  |TAMS 0x0000000095500000, 0x0000000095500000| Untracked 
| 342|0x0000000095600000, 0x0000000095700000, 0x0000000095700000|100%| O|  |TAMS 0x0000000095600000, 0x0000000095600000| Untracked 
| 343|0x0000000095700000, 0x0000000095800000, 0x0000000095800000|100%| O|  |TAMS 0x0000000095700000, 0x0000000095700000| Untracked 
| 344|0x0000000095800000, 0x0000000095900000, 0x0000000095900000|100%| O|  |TAMS 0x0000000095800000, 0x0000000095800000| Untracked 
| 345|0x0000000095900000, 0x0000000095a00000, 0x0000000095a00000|100%| O|  |TAMS 0x0000000095900000, 0x0000000095900000| Untracked 
| 346|0x0000000095a00000, 0x0000000095b00000, 0x0000000095b00000|100%| O|  |TAMS 0x0000000095a00000, 0x0000000095a00000| Untracked 
| 347|0x0000000095b00000, 0x0000000095c00000, 0x0000000095c00000|100%|HS|  |TAMS 0x0000000095b00000, 0x0000000095b00000| Complete 
| 348|0x0000000095c00000, 0x0000000095d00000, 0x0000000095d00000|100%|HS|  |TAMS 0x0000000095c00000, 0x0000000095c00000| Complete 
| 349|0x0000000095d00000, 0x0000000095e00000, 0x0000000095e00000|100%|HS|  |TAMS 0x0000000095d00000, 0x0000000095d00000| Complete 
| 350|0x0000000095e00000, 0x0000000095f00000, 0x0000000095f00000|100%|HS|  |TAMS 0x0000000095e00000, 0x0000000095e00000| Complete 
| 351|0x0000000095f00000, 0x0000000096000000, 0x0000000096000000|100%|HS|  |TAMS 0x0000000095f00000, 0x0000000095f00000| Complete 
| 352|0x0000000096000000, 0x0000000096100000, 0x0000000096100000|100%| O|  |TAMS 0x0000000096000000, 0x0000000096000000| Untracked 
| 353|0x0000000096100000, 0x0000000096200000, 0x0000000096200000|100%| O|  |TAMS 0x0000000096100000, 0x0000000096100000| Untracked 
| 354|0x0000000096200000, 0x0000000096300000, 0x0000000096300000|100%| O|  |TAMS 0x0000000096200000, 0x0000000096200000| Untracked 
| 355|0x0000000096300000, 0x0000000096400000, 0x0000000096400000|100%| O|  |TAMS 0x0000000096300000, 0x0000000096300000| Untracked 
| 356|0x0000000096400000, 0x0000000096500000, 0x0000000096500000|100%| O|  |TAMS 0x0000000096400000, 0x0000000096400000| Untracked 
| 357|0x0000000096500000, 0x0000000096600000, 0x0000000096600000|100%| O|  |TAMS 0x0000000096500000, 0x0000000096500000| Untracked 
| 358|0x0000000096600000, 0x0000000096700000, 0x0000000096700000|100%| O|  |TAMS 0x0000000096600000, 0x0000000096600000| Untracked 
| 359|0x0000000096700000, 0x0000000096800000, 0x0000000096800000|100%| O|  |TAMS 0x0000000096700000, 0x0000000096700000| Untracked 
| 360|0x0000000096800000, 0x0000000096900000, 0x0000000096900000|100%| O|  |TAMS 0x0000000096800000, 0x0000000096800000| Untracked 
| 361|0x0000000096900000, 0x0000000096a00000, 0x0000000096a00000|100%| O|  |TAMS 0x0000000096900000, 0x0000000096900000| Untracked 
| 362|0x0000000096a00000, 0x0000000096b00000, 0x0000000096b00000|100%| O|  |TAMS 0x0000000096a00000, 0x0000000096a00000| Untracked 
| 363|0x0000000096b00000, 0x0000000096c00000, 0x0000000096c00000|100%| O|  |TAMS 0x0000000096b00000, 0x0000000096b00000| Untracked 
| 364|0x0000000096c00000, 0x0000000096d00000, 0x0000000096d00000|100%| O|  |TAMS 0x0000000096c00000, 0x0000000096c00000| Untracked 
| 365|0x0000000096d00000, 0x0000000096e00000, 0x0000000096e00000|100%| O|  |TAMS 0x0000000096d00000, 0x0000000096d00000| Untracked 
| 366|0x0000000096e00000, 0x0000000096f00000, 0x0000000096f00000|100%| O|  |TAMS 0x0000000096e00000, 0x0000000096e00000| Untracked 
| 367|0x0000000096f00000, 0x0000000097000000, 0x0000000097000000|100%| O|  |TAMS 0x0000000096f00000, 0x0000000096f00000| Untracked 
| 368|0x0000000097000000, 0x0000000097100000, 0x0000000097100000|100%| O|  |TAMS 0x0000000097000000, 0x0000000097000000| Untracked 
| 369|0x0000000097100000, 0x0000000097200000, 0x0000000097200000|100%| O|  |TAMS 0x0000000097100000, 0x0000000097100000| Untracked 
| 370|0x0000000097200000, 0x0000000097300000, 0x0000000097300000|100%| O|  |TAMS 0x0000000097200000, 0x0000000097200000| Untracked 
| 371|0x0000000097300000, 0x0000000097400000, 0x0000000097400000|100%| O|  |TAMS 0x0000000097300000, 0x0000000097300000| Untracked 
| 372|0x0000000097400000, 0x0000000097500000, 0x0000000097500000|100%| O|  |TAMS 0x0000000097400000, 0x0000000097400000| Untracked 
| 373|0x0000000097500000, 0x0000000097600000, 0x0000000097600000|100%| O|  |TAMS 0x0000000097500000, 0x0000000097500000| Untracked 
| 374|0x0000000097600000, 0x0000000097700000, 0x0000000097700000|100%| O|  |TAMS 0x0000000097600000, 0x0000000097600000| Untracked 
| 375|0x0000000097700000, 0x0000000097800000, 0x0000000097800000|100%| O|  |TAMS 0x0000000097700000, 0x0000000097700000| Untracked 
| 376|0x0000000097800000, 0x0000000097900000, 0x0000000097900000|100%| O|  |TAMS 0x0000000097800000, 0x0000000097800000| Untracked 
| 377|0x0000000097900000, 0x0000000097a00000, 0x0000000097a00000|100%| O|  |TAMS 0x0000000097900000, 0x0000000097900000| Untracked 
| 378|0x0000000097a00000, 0x0000000097b00000, 0x0000000097b00000|100%| O|  |TAMS 0x0000000097a00000, 0x0000000097a00000| Untracked 
| 379|0x0000000097b00000, 0x0000000097c00000, 0x0000000097c00000|100%| O|  |TAMS 0x0000000097b00000, 0x0000000097b00000| Untracked 
| 380|0x0000000097c00000, 0x0000000097d00000, 0x0000000097d00000|100%| O|  |TAMS 0x0000000097c00000, 0x0000000097c00000| Untracked 
| 381|0x0000000097d00000, 0x0000000097e00000, 0x0000000097e00000|100%| O|  |TAMS 0x0000000097d00000, 0x0000000097d00000| Untracked 
| 382|0x0000000097e00000, 0x0000000097f00000, 0x0000000097f00000|100%| O|  |TAMS 0x0000000097e00000, 0x0000000097e00000| Untracked 
| 383|0x0000000097f00000, 0x0000000098000000, 0x0000000098000000|100%| O|  |TAMS 0x0000000097f00000, 0x0000000097f00000| Untracked 
| 384|0x0000000098000000, 0x0000000098100000, 0x0000000098100000|100%| O|  |TAMS 0x0000000098000000, 0x0000000098000000| Untracked 
| 385|0x0000000098100000, 0x0000000098200000, 0x0000000098200000|100%| O|  |TAMS 0x0000000098100000, 0x0000000098100000| Untracked 
| 386|0x0000000098200000, 0x0000000098300000, 0x0000000098300000|100%| O|  |TAMS 0x0000000098200000, 0x0000000098200000| Untracked 
| 387|0x0000000098300000, 0x0000000098400000, 0x0000000098400000|100%| O|  |TAMS 0x0000000098300000, 0x0000000098300000| Untracked 
| 388|0x0000000098400000, 0x0000000098500000, 0x0000000098500000|100%| O|  |TAMS 0x0000000098400000, 0x0000000098400000| Untracked 
| 389|0x0000000098500000, 0x0000000098600000, 0x0000000098600000|100%| O|  |TAMS 0x0000000098500000, 0x0000000098500000| Untracked 
| 390|0x0000000098600000, 0x0000000098700000, 0x0000000098700000|100%| O|  |TAMS 0x0000000098600000, 0x0000000098600000| Untracked 
| 391|0x0000000098700000, 0x0000000098800000, 0x0000000098800000|100%| O|  |TAMS 0x0000000098700000, 0x0000000098700000| Untracked 
| 392|0x0000000098800000, 0x0000000098900000, 0x0000000098900000|100%| O|  |TAMS 0x0000000098800000, 0x0000000098800000| Untracked 
| 393|0x0000000098900000, 0x0000000098a00000, 0x0000000098a00000|100%| O|  |TAMS 0x0000000098900000, 0x0000000098900000| Untracked 
| 394|0x0000000098a00000, 0x0000000098b00000, 0x0000000098b00000|100%| O|  |TAMS 0x0000000098a00000, 0x0000000098a00000| Untracked 
| 395|0x0000000098b00000, 0x0000000098c00000, 0x0000000098c00000|100%| O|  |TAMS 0x0000000098b00000, 0x0000000098b00000| Untracked 
| 396|0x0000000098c00000, 0x0000000098d00000, 0x0000000098d00000|100%| O|  |TAMS 0x0000000098c00000, 0x0000000098c00000| Untracked 
| 397|0x0000000098d00000, 0x0000000098e00000, 0x0000000098e00000|100%| O|  |TAMS 0x0000000098d00000, 0x0000000098d00000| Untracked 
| 398|0x0000000098e00000, 0x0000000098f00000, 0x0000000098f00000|100%| O|  |TAMS 0x0000000098e00000, 0x0000000098e00000| Untracked 
| 399|0x0000000098f00000, 0x0000000099000000, 0x0000000099000000|100%| O|  |TAMS 0x0000000098f00000, 0x0000000098f00000| Untracked 
| 400|0x0000000099000000, 0x0000000099100000, 0x0000000099100000|100%| O|  |TAMS 0x0000000099000000, 0x0000000099000000| Untracked 
| 401|0x0000000099100000, 0x0000000099200000, 0x0000000099200000|100%| O|  |TAMS 0x0000000099100000, 0x0000000099100000| Untracked 
| 402|0x0000000099200000, 0x0000000099300000, 0x0000000099300000|100%| O|  |TAMS 0x0000000099200000, 0x0000000099200000| Untracked 
| 403|0x0000000099300000, 0x0000000099400000, 0x0000000099400000|100%| O|  |TAMS 0x0000000099300000, 0x0000000099300000| Untracked 
| 404|0x0000000099400000, 0x0000000099500000, 0x0000000099500000|100%| O|  |TAMS 0x0000000099400000, 0x0000000099400000| Untracked 
| 405|0x0000000099500000, 0x0000000099600000, 0x0000000099600000|100%| O|  |TAMS 0x0000000099500000, 0x0000000099500000| Untracked 
| 406|0x0000000099600000, 0x0000000099700000, 0x0000000099700000|100%| O|  |TAMS 0x0000000099600000, 0x0000000099600000| Untracked 
| 407|0x0000000099700000, 0x0000000099800000, 0x0000000099800000|100%| O|  |TAMS 0x0000000099700000, 0x0000000099700000| Untracked 
| 408|0x0000000099800000, 0x0000000099900000, 0x0000000099900000|100%| O|  |TAMS 0x0000000099800000, 0x0000000099800000| Untracked 
| 409|0x0000000099900000, 0x0000000099a00000, 0x0000000099a00000|100%| O|  |TAMS 0x0000000099900000, 0x0000000099900000| Untracked 
| 410|0x0000000099a00000, 0x0000000099b00000, 0x0000000099b00000|100%| O|  |TAMS 0x0000000099a00000, 0x0000000099a00000| Untracked 
| 411|0x0000000099b00000, 0x0000000099c00000, 0x0000000099c00000|100%| O|  |TAMS 0x0000000099b00000, 0x0000000099b00000| Untracked 
| 412|0x0000000099c00000, 0x0000000099d00000, 0x0000000099d00000|100%| O|  |TAMS 0x0000000099c00000, 0x0000000099c00000| Untracked 
| 413|0x0000000099d00000, 0x0000000099e00000, 0x0000000099e00000|100%| O|  |TAMS 0x0000000099d00000, 0x0000000099d00000| Untracked 
| 414|0x0000000099e00000, 0x0000000099f00000, 0x0000000099f00000|100%| O|  |TAMS 0x0000000099e00000, 0x0000000099e00000| Untracked 
| 415|0x0000000099f00000, 0x000000009a000000, 0x000000009a000000|100%| O|  |TAMS 0x0000000099f00000, 0x0000000099f00000| Untracked 
| 416|0x000000009a000000, 0x000000009a100000, 0x000000009a100000|100%| O|  |TAMS 0x000000009a000000, 0x000000009a000000| Untracked 
| 417|0x000000009a100000, 0x000000009a200000, 0x000000009a200000|100%| O|  |TAMS 0x000000009a100000, 0x000000009a100000| Untracked 
| 418|0x000000009a200000, 0x000000009a300000, 0x000000009a300000|100%| O|  |TAMS 0x000000009a200000, 0x000000009a200000| Untracked 
| 419|0x000000009a300000, 0x000000009a400000, 0x000000009a400000|100%| O|  |TAMS 0x000000009a300000, 0x000000009a300000| Untracked 
| 420|0x000000009a400000, 0x000000009a500000, 0x000000009a500000|100%| O|  |TAMS 0x000000009a400000, 0x000000009a400000| Untracked 
| 421|0x000000009a500000, 0x000000009a600000, 0x000000009a600000|100%| O|  |TAMS 0x000000009a500000, 0x000000009a500000| Untracked 
| 422|0x000000009a600000, 0x000000009a700000, 0x000000009a700000|100%| O|  |TAMS 0x000000009a600000, 0x000000009a600000| Untracked 
| 423|0x000000009a700000, 0x000000009a800000, 0x000000009a800000|100%| O|  |TAMS 0x000000009a700000, 0x000000009a700000| Untracked 
| 424|0x000000009a800000, 0x000000009a900000, 0x000000009a900000|100%| O|  |TAMS 0x000000009a800000, 0x000000009a800000| Untracked 
| 425|0x000000009a900000, 0x000000009aa00000, 0x000000009aa00000|100%| O|  |TAMS 0x000000009a900000, 0x000000009a900000| Untracked 
| 426|0x000000009aa00000, 0x000000009ab00000, 0x000000009ab00000|100%| O|  |TAMS 0x000000009aa00000, 0x000000009aa00000| Untracked 
| 427|0x000000009ab00000, 0x000000009ac00000, 0x000000009ac00000|100%| O|  |TAMS 0x000000009ab00000, 0x000000009ab00000| Untracked 
| 428|0x000000009ac00000, 0x000000009ad00000, 0x000000009ad00000|100%| O|  |TAMS 0x000000009ac00000, 0x000000009ac00000| Untracked 
| 429|0x000000009ad00000, 0x000000009ae00000, 0x000000009ae00000|100%| O|  |TAMS 0x000000009ad00000, 0x000000009ad00000| Untracked 
| 430|0x000000009ae00000, 0x000000009af00000, 0x000000009af00000|100%| O|  |TAMS 0x000000009ae00000, 0x000000009ae00000| Untracked 
| 431|0x000000009af00000, 0x000000009b000000, 0x000000009b000000|100%| O|  |TAMS 0x000000009af00000, 0x000000009af00000| Untracked 
| 432|0x000000009b000000, 0x000000009b100000, 0x000000009b100000|100%| O|  |TAMS 0x000000009b000000, 0x000000009b000000| Untracked 
| 433|0x000000009b100000, 0x000000009b200000, 0x000000009b200000|100%| O|  |TAMS 0x000000009b100000, 0x000000009b100000| Untracked 
| 434|0x000000009b200000, 0x000000009b300000, 0x000000009b300000|100%| O|  |TAMS 0x000000009b200000, 0x000000009b200000| Untracked 
| 435|0x000000009b300000, 0x000000009b400000, 0x000000009b400000|100%| O|  |TAMS 0x000000009b300000, 0x000000009b300000| Untracked 
| 436|0x000000009b400000, 0x000000009b500000, 0x000000009b500000|100%| O|  |TAMS 0x000000009b400000, 0x000000009b400000| Untracked 
| 437|0x000000009b500000, 0x000000009b600000, 0x000000009b600000|100%| O|  |TAMS 0x000000009b500000, 0x000000009b500000| Untracked 
| 438|0x000000009b600000, 0x000000009b700000, 0x000000009b700000|100%| O|  |TAMS 0x000000009b600000, 0x000000009b600000| Untracked 
| 439|0x000000009b700000, 0x000000009b800000, 0x000000009b800000|100%| O|  |TAMS 0x000000009b700000, 0x000000009b700000| Untracked 
| 440|0x000000009b800000, 0x000000009b900000, 0x000000009b900000|100%| O|  |TAMS 0x000000009b800000, 0x000000009b800000| Untracked 
| 441|0x000000009b900000, 0x000000009ba00000, 0x000000009ba00000|100%| O|  |TAMS 0x000000009b900000, 0x000000009b900000| Untracked 
| 442|0x000000009ba00000, 0x000000009bb00000, 0x000000009bb00000|100%| O|  |TAMS 0x000000009ba00000, 0x000000009ba00000| Untracked 
| 443|0x000000009bb00000, 0x000000009bc00000, 0x000000009bc00000|100%| O|  |TAMS 0x000000009bb00000, 0x000000009bb00000| Untracked 
| 444|0x000000009bc00000, 0x000000009bd00000, 0x000000009bd00000|100%| O|  |TAMS 0x000000009bc00000, 0x000000009bc00000| Untracked 
| 445|0x000000009bd00000, 0x000000009be00000, 0x000000009be00000|100%| O|  |TAMS 0x000000009bd00000, 0x000000009bd00000| Untracked 
| 446|0x000000009be00000, 0x000000009bf00000, 0x000000009bf00000|100%| O|  |TAMS 0x000000009be00000, 0x000000009be00000| Untracked 
| 447|0x000000009bf00000, 0x000000009c000000, 0x000000009c000000|100%| O|  |TAMS 0x000000009bf00000, 0x000000009bf00000| Untracked 
| 448|0x000000009c000000, 0x000000009c100000, 0x000000009c100000|100%| O|  |TAMS 0x000000009c000000, 0x000000009c000000| Untracked 
| 449|0x000000009c100000, 0x000000009c200000, 0x000000009c200000|100%| O|  |TAMS 0x000000009c100000, 0x000000009c100000| Untracked 
| 450|0x000000009c200000, 0x000000009c300000, 0x000000009c300000|100%| O|  |TAMS 0x000000009c200000, 0x000000009c200000| Untracked 
| 451|0x000000009c300000, 0x000000009c400000, 0x000000009c400000|100%| O|  |TAMS 0x000000009c300000, 0x000000009c300000| Untracked 
| 452|0x000000009c400000, 0x000000009c500000, 0x000000009c500000|100%| O|  |TAMS 0x000000009c400000, 0x000000009c400000| Untracked 
| 453|0x000000009c500000, 0x000000009c600000, 0x000000009c600000|100%| O|  |TAMS 0x000000009c500000, 0x000000009c500000| Untracked 
| 454|0x000000009c600000, 0x000000009c700000, 0x000000009c700000|100%| O|  |TAMS 0x000000009c600000, 0x000000009c600000| Untracked 
| 455|0x000000009c700000, 0x000000009c800000, 0x000000009c800000|100%| O|  |TAMS 0x000000009c700000, 0x000000009c700000| Untracked 
| 456|0x000000009c800000, 0x000000009c900000, 0x000000009c900000|100%| O|  |TAMS 0x000000009c800000, 0x000000009c800000| Untracked 
| 457|0x000000009c900000, 0x000000009ca00000, 0x000000009ca00000|100%| O|  |TAMS 0x000000009c900000, 0x000000009c900000| Untracked 
| 458|0x000000009ca00000, 0x000000009cb00000, 0x000000009cb00000|100%| O|  |TAMS 0x000000009ca00000, 0x000000009ca00000| Untracked 
| 459|0x000000009cb00000, 0x000000009cc00000, 0x000000009cc00000|100%| O|  |TAMS 0x000000009cb00000, 0x000000009cb00000| Untracked 
| 460|0x000000009cc00000, 0x000000009cd00000, 0x000000009cd00000|100%| O|  |TAMS 0x000000009cc00000, 0x000000009cc00000| Untracked 
| 461|0x000000009cd00000, 0x000000009ce00000, 0x000000009ce00000|100%| O|  |TAMS 0x000000009cd00000, 0x000000009cd00000| Untracked 
| 462|0x000000009ce00000, 0x000000009cf00000, 0x000000009cf00000|100%| O|  |TAMS 0x000000009ce00000, 0x000000009ce00000| Untracked 
| 463|0x000000009cf00000, 0x000000009d000000, 0x000000009d000000|100%| O|  |TAMS 0x000000009cf00000, 0x000000009cf00000| Untracked 
| 464|0x000000009d000000, 0x000000009d0e9200, 0x000000009d100000| 91%| O|  |TAMS 0x000000009d000000, 0x000000009d000000| Untracked 
| 465|0x000000009d100000, 0x000000009d100000, 0x000000009d200000|  0%| F|  |TAMS 0x000000009d100000, 0x000000009d100000| Untracked 
| 466|0x000000009d200000, 0x000000009d200000, 0x000000009d300000|  0%| F|  |TAMS 0x000000009d200000, 0x000000009d200000| Untracked 
| 467|0x000000009d300000, 0x000000009d300000, 0x000000009d400000|  0%| F|  |TAMS 0x000000009d300000, 0x000000009d300000| Untracked 
| 468|0x000000009d400000, 0x000000009d400000, 0x000000009d500000|  0%| F|  |TAMS 0x000000009d400000, 0x000000009d400000| Untracked 
| 469|0x000000009d500000, 0x000000009d500000, 0x000000009d600000|  0%| F|  |TAMS 0x000000009d500000, 0x000000009d500000| Untracked 
| 470|0x000000009d600000, 0x000000009d600000, 0x000000009d700000|  0%| F|  |TAMS 0x000000009d600000, 0x000000009d600000| Untracked 
| 471|0x000000009d700000, 0x000000009d700000, 0x000000009d800000|  0%| F|  |TAMS 0x000000009d700000, 0x000000009d700000| Untracked 
| 472|0x000000009d800000, 0x000000009d800000, 0x000000009d900000|  0%| F|  |TAMS 0x000000009d800000, 0x000000009d800000| Untracked 
| 473|0x000000009d900000, 0x000000009d900000, 0x000000009da00000|  0%| F|  |TAMS 0x000000009d900000, 0x000000009d900000| Untracked 
| 474|0x000000009da00000, 0x000000009da00000, 0x000000009db00000|  0%| F|  |TAMS 0x000000009da00000, 0x000000009da00000| Untracked 
| 475|0x000000009db00000, 0x000000009db00000, 0x000000009dc00000|  0%| F|  |TAMS 0x000000009db00000, 0x000000009db00000| Untracked 
| 476|0x000000009dc00000, 0x000000009dc00000, 0x000000009dd00000|  0%| F|  |TAMS 0x000000009dc00000, 0x000000009dc00000| Untracked 
| 477|0x000000009dd00000, 0x000000009dd00000, 0x000000009de00000|  0%| F|  |TAMS 0x000000009dd00000, 0x000000009dd00000| Untracked 
| 478|0x000000009de00000, 0x000000009de00000, 0x000000009df00000|  0%| F|  |TAMS 0x000000009de00000, 0x000000009de00000| Untracked 
| 479|0x000000009df00000, 0x000000009df00000, 0x000000009e000000|  0%| F|  |TAMS 0x000000009df00000, 0x000000009df00000| Untracked 
| 480|0x000000009e000000, 0x000000009e000000, 0x000000009e100000|  0%| F|  |TAMS 0x000000009e000000, 0x000000009e000000| Untracked 
| 481|0x000000009e100000, 0x000000009e100000, 0x000000009e200000|  0%| F|  |TAMS 0x000000009e100000, 0x000000009e100000| Untracked 
| 482|0x000000009e200000, 0x000000009e200000, 0x000000009e300000|  0%| F|  |TAMS 0x000000009e200000, 0x000000009e200000| Untracked 
| 483|0x000000009e300000, 0x000000009e300000, 0x000000009e400000|  0%| F|  |TAMS 0x000000009e300000, 0x000000009e300000| Untracked 
| 484|0x000000009e400000, 0x000000009e400000, 0x000000009e500000|  0%| F|  |TAMS 0x000000009e400000, 0x000000009e400000| Untracked 
| 485|0x000000009e500000, 0x000000009e500000, 0x000000009e600000|  0%| F|  |TAMS 0x000000009e500000, 0x000000009e500000| Untracked 
| 486|0x000000009e600000, 0x000000009e600000, 0x000000009e700000|  0%| F|  |TAMS 0x000000009e600000, 0x000000009e600000| Untracked 
| 487|0x000000009e700000, 0x000000009e700000, 0x000000009e800000|  0%| F|  |TAMS 0x000000009e700000, 0x000000009e700000| Untracked 
| 488|0x000000009e800000, 0x000000009e800000, 0x000000009e900000|  0%| F|  |TAMS 0x000000009e800000, 0x000000009e800000| Untracked 
| 489|0x000000009e900000, 0x000000009e900000, 0x000000009ea00000|  0%| F|  |TAMS 0x000000009e900000, 0x000000009e900000| Untracked 
| 490|0x000000009ea00000, 0x000000009ea00000, 0x000000009eb00000|  0%| F|  |TAMS 0x000000009ea00000, 0x000000009ea00000| Untracked 
| 491|0x000000009eb00000, 0x000000009eb00000, 0x000000009ec00000|  0%| F|  |TAMS 0x000000009eb00000, 0x000000009eb00000| Untracked 
| 492|0x000000009ec00000, 0x000000009ec00000, 0x000000009ed00000|  0%| F|  |TAMS 0x000000009ec00000, 0x000000009ec00000| Untracked 
| 493|0x000000009ed00000, 0x000000009ed00000, 0x000000009ee00000|  0%| F|  |TAMS 0x000000009ed00000, 0x000000009ed00000| Untracked 
| 494|0x000000009ee00000, 0x000000009ee00000, 0x000000009ef00000|  0%| F|  |TAMS 0x000000009ee00000, 0x000000009ee00000| Untracked 
| 495|0x000000009ef00000, 0x000000009ef00000, 0x000000009f000000|  0%| F|  |TAMS 0x000000009ef00000, 0x000000009ef00000| Untracked 
| 496|0x000000009f000000, 0x000000009f000000, 0x000000009f100000|  0%| F|  |TAMS 0x000000009f000000, 0x000000009f000000| Untracked 
| 497|0x000000009f100000, 0x000000009f100000, 0x000000009f200000|  0%| F|  |TAMS 0x000000009f100000, 0x000000009f100000| Untracked 
| 498|0x000000009f200000, 0x000000009f200000, 0x000000009f300000|  0%| F|  |TAMS 0x000000009f200000, 0x000000009f200000| Untracked 
| 499|0x000000009f300000, 0x000000009f300000, 0x000000009f400000|  0%| F|  |TAMS 0x000000009f300000, 0x000000009f300000| Untracked 
| 500|0x000000009f400000, 0x000000009f400000, 0x000000009f500000|  0%| F|  |TAMS 0x000000009f400000, 0x000000009f400000| Untracked 
| 501|0x000000009f500000, 0x000000009f500000, 0x000000009f600000|  0%| F|  |TAMS 0x000000009f500000, 0x000000009f500000| Untracked 
| 502|0x000000009f600000, 0x000000009f600000, 0x000000009f700000|  0%| F|  |TAMS 0x000000009f600000, 0x000000009f600000| Untracked 
| 503|0x000000009f700000, 0x000000009f700000, 0x000000009f800000|  0%| F|  |TAMS 0x000000009f700000, 0x000000009f700000| Untracked 
| 504|0x000000009f800000, 0x000000009f800000, 0x000000009f900000|  0%| F|  |TAMS 0x000000009f800000, 0x000000009f800000| Untracked 
| 505|0x000000009f900000, 0x000000009f900000, 0x000000009fa00000|  0%| F|  |TAMS 0x000000009f900000, 0x000000009f900000| Untracked 
| 506|0x000000009fa00000, 0x000000009fa00000, 0x000000009fb00000|  0%| F|  |TAMS 0x000000009fa00000, 0x000000009fa00000| Untracked 
| 507|0x000000009fb00000, 0x000000009fb00000, 0x000000009fc00000|  0%| F|  |TAMS 0x000000009fb00000, 0x000000009fb00000| Untracked 
| 508|0x000000009fc00000, 0x000000009fc00000, 0x000000009fd00000|  0%| F|  |TAMS 0x000000009fc00000, 0x000000009fc00000| Untracked 
| 509|0x000000009fd00000, 0x000000009fd00000, 0x000000009fe00000|  0%| F|  |TAMS 0x000000009fd00000, 0x000000009fd00000| Untracked 
| 510|0x000000009fe00000, 0x000000009fe00000, 0x000000009ff00000|  0%| F|  |TAMS 0x000000009fe00000, 0x000000009fe00000| Untracked 
| 511|0x000000009ff00000, 0x000000009ff00000, 0x00000000a0000000|  0%| F|  |TAMS 0x000000009ff00000, 0x000000009ff00000| Untracked 
| 512|0x00000000a0000000, 0x00000000a0000000, 0x00000000a0100000|  0%| F|  |TAMS 0x00000000a0000000, 0x00000000a0000000| Untracked 
| 513|0x00000000a0100000, 0x00000000a0100000, 0x00000000a0200000|  0%| F|  |TAMS 0x00000000a0100000, 0x00000000a0100000| Untracked 
| 514|0x00000000a0200000, 0x00000000a0200000, 0x00000000a0300000|  0%| F|  |TAMS 0x00000000a0200000, 0x00000000a0200000| Untracked 
| 515|0x00000000a0300000, 0x00000000a0300000, 0x00000000a0400000|  0%| F|  |TAMS 0x00000000a0300000, 0x00000000a0300000| Untracked 
| 516|0x00000000a0400000, 0x00000000a0400000, 0x00000000a0500000|  0%| F|  |TAMS 0x00000000a0400000, 0x00000000a0400000| Untracked 
| 517|0x00000000a0500000, 0x00000000a0500000, 0x00000000a0600000|  0%| F|  |TAMS 0x00000000a0500000, 0x00000000a0500000| Untracked 
| 518|0x00000000a0600000, 0x00000000a0600000, 0x00000000a0700000|  0%| F|  |TAMS 0x00000000a0600000, 0x00000000a0600000| Untracked 
| 519|0x00000000a0700000, 0x00000000a0700000, 0x00000000a0800000|  0%| F|  |TAMS 0x00000000a0700000, 0x00000000a0700000| Untracked 
| 520|0x00000000a0800000, 0x00000000a0800000, 0x00000000a0900000|  0%| F|  |TAMS 0x00000000a0800000, 0x00000000a0800000| Untracked 
| 521|0x00000000a0900000, 0x00000000a0900000, 0x00000000a0a00000|  0%| F|  |TAMS 0x00000000a0900000, 0x00000000a0900000| Untracked 
| 522|0x00000000a0a00000, 0x00000000a0a00000, 0x00000000a0b00000|  0%| F|  |TAMS 0x00000000a0a00000, 0x00000000a0a00000| Untracked 
| 523|0x00000000a0b00000, 0x00000000a0b00000, 0x00000000a0c00000|  0%| F|  |TAMS 0x00000000a0b00000, 0x00000000a0b00000| Untracked 
| 524|0x00000000a0c00000, 0x00000000a0c00000, 0x00000000a0d00000|  0%| F|  |TAMS 0x00000000a0c00000, 0x00000000a0c00000| Untracked 
| 525|0x00000000a0d00000, 0x00000000a0d00000, 0x00000000a0e00000|  0%| F|  |TAMS 0x00000000a0d00000, 0x00000000a0d00000| Untracked 
| 526|0x00000000a0e00000, 0x00000000a0e00000, 0x00000000a0f00000|  0%| F|  |TAMS 0x00000000a0e00000, 0x00000000a0e00000| Untracked 
| 527|0x00000000a0f00000, 0x00000000a0f00000, 0x00000000a1000000|  0%| F|  |TAMS 0x00000000a0f00000, 0x00000000a0f00000| Untracked 
| 528|0x00000000a1000000, 0x00000000a1000000, 0x00000000a1100000|  0%| F|  |TAMS 0x00000000a1000000, 0x00000000a1000000| Untracked 
| 529|0x00000000a1100000, 0x00000000a1100000, 0x00000000a1200000|  0%| F|  |TAMS 0x00000000a1100000, 0x00000000a1100000| Untracked 
| 530|0x00000000a1200000, 0x00000000a1200000, 0x00000000a1300000|  0%| F|  |TAMS 0x00000000a1200000, 0x00000000a1200000| Untracked 
| 531|0x00000000a1300000, 0x00000000a1300000, 0x00000000a1400000|  0%| F|  |TAMS 0x00000000a1300000, 0x00000000a1300000| Untracked 
| 532|0x00000000a1400000, 0x00000000a1400000, 0x00000000a1500000|  0%| F|  |TAMS 0x00000000a1400000, 0x00000000a1400000| Untracked 
| 533|0x00000000a1500000, 0x00000000a1500000, 0x00000000a1600000|  0%| F|  |TAMS 0x00000000a1500000, 0x00000000a1500000| Untracked 
| 534|0x00000000a1600000, 0x00000000a1693880, 0x00000000a1700000| 57%| S|CS|TAMS 0x00000000a1600000, 0x00000000a1600000| Complete 
| 535|0x00000000a1700000, 0x00000000a1700000, 0x00000000a1800000|  0%| F|  |TAMS 0x00000000a1700000, 0x00000000a1700000| Untracked 
| 536|0x00000000a1800000, 0x00000000a1900000, 0x00000000a1900000|100%| S|CS|TAMS 0x00000000a1800000, 0x00000000a1800000| Complete 
| 537|0x00000000a1900000, 0x00000000a1a00000, 0x00000000a1a00000|100%| S|CS|TAMS 0x00000000a1900000, 0x00000000a1900000| Complete 
| 538|0x00000000a1a00000, 0x00000000a1b00000, 0x00000000a1b00000|100%| S|CS|TAMS 0x00000000a1a00000, 0x00000000a1a00000| Complete 
| 539|0x00000000a1b00000, 0x00000000a1c00000, 0x00000000a1c00000|100%| S|CS|TAMS 0x00000000a1b00000, 0x00000000a1b00000| Complete 
| 540|0x00000000a1c00000, 0x00000000a1c00000, 0x00000000a1d00000|  0%| F|  |TAMS 0x00000000a1c00000, 0x00000000a1c00000| Untracked 
| 541|0x00000000a1d00000, 0x00000000a1d00000, 0x00000000a1e00000|  0%| F|  |TAMS 0x00000000a1d00000, 0x00000000a1d00000| Untracked 
| 542|0x00000000a1e00000, 0x00000000a1e00000, 0x00000000a1f00000|  0%| F|  |TAMS 0x00000000a1e00000, 0x00000000a1e00000| Untracked 
| 543|0x00000000a1f00000, 0x00000000a1f00000, 0x00000000a2000000|  0%| F|  |TAMS 0x00000000a1f00000, 0x00000000a1f00000| Untracked 
| 544|0x00000000a2000000, 0x00000000a2000000, 0x00000000a2100000|  0%| F|  |TAMS 0x00000000a2000000, 0x00000000a2000000| Untracked 
| 545|0x00000000a2100000, 0x00000000a2100000, 0x00000000a2200000|  0%| F|  |TAMS 0x00000000a2100000, 0x00000000a2100000| Untracked 
| 546|0x00000000a2200000, 0x00000000a2200000, 0x00000000a2300000|  0%| F|  |TAMS 0x00000000a2200000, 0x00000000a2200000| Untracked 
| 547|0x00000000a2300000, 0x00000000a2300000, 0x00000000a2400000|  0%| F|  |TAMS 0x00000000a2300000, 0x00000000a2300000| Untracked 
| 548|0x00000000a2400000, 0x00000000a2400000, 0x00000000a2500000|  0%| F|  |TAMS 0x00000000a2400000, 0x00000000a2400000| Untracked 
| 549|0x00000000a2500000, 0x00000000a2500000, 0x00000000a2600000|  0%| F|  |TAMS 0x00000000a2500000, 0x00000000a2500000| Untracked 
| 550|0x00000000a2600000, 0x00000000a2600000, 0x00000000a2700000|  0%| F|  |TAMS 0x00000000a2600000, 0x00000000a2600000| Untracked 
| 551|0x00000000a2700000, 0x00000000a2700000, 0x00000000a2800000|  0%| F|  |TAMS 0x00000000a2700000, 0x00000000a2700000| Untracked 
| 552|0x00000000a2800000, 0x00000000a2800000, 0x00000000a2900000|  0%| F|  |TAMS 0x00000000a2800000, 0x00000000a2800000| Untracked 
| 553|0x00000000a2900000, 0x00000000a2900000, 0x00000000a2a00000|  0%| F|  |TAMS 0x00000000a2900000, 0x00000000a2900000| Untracked 
| 554|0x00000000a2a00000, 0x00000000a2a00000, 0x00000000a2b00000|  0%| F|  |TAMS 0x00000000a2a00000, 0x00000000a2a00000| Untracked 
| 555|0x00000000a2b00000, 0x00000000a2b00000, 0x00000000a2c00000|  0%| F|  |TAMS 0x00000000a2b00000, 0x00000000a2b00000| Untracked 
| 556|0x00000000a2c00000, 0x00000000a2c00000, 0x00000000a2d00000|  0%| F|  |TAMS 0x00000000a2c00000, 0x00000000a2c00000| Untracked 
| 557|0x00000000a2d00000, 0x00000000a2d00000, 0x00000000a2e00000|  0%| F|  |TAMS 0x00000000a2d00000, 0x00000000a2d00000| Untracked 
| 558|0x00000000a2e00000, 0x00000000a2e00000, 0x00000000a2f00000|  0%| F|  |TAMS 0x00000000a2e00000, 0x00000000a2e00000| Untracked 
| 559|0x00000000a2f00000, 0x00000000a2f00000, 0x00000000a3000000|  0%| F|  |TAMS 0x00000000a2f00000, 0x00000000a2f00000| Untracked 
| 560|0x00000000a3000000, 0x00000000a30b12a0, 0x00000000a3100000| 69%| E|  |TAMS 0x00000000a3000000, 0x00000000a3000000| Complete 
| 561|0x00000000a3100000, 0x00000000a3200000, 0x00000000a3200000|100%| E|  |TAMS 0x00000000a3100000, 0x00000000a3100000| Complete 
| 562|0x00000000a3200000, 0x00000000a3300000, 0x00000000a3300000|100%| E|CS|TAMS 0x00000000a3200000, 0x00000000a3200000| Complete 
| 563|0x00000000a3300000, 0x00000000a3400000, 0x00000000a3400000|100%| E|CS|TAMS 0x00000000a3300000, 0x00000000a3300000| Complete 
| 564|0x00000000a3400000, 0x00000000a3500000, 0x00000000a3500000|100%| E|CS|TAMS 0x00000000a3400000, 0x00000000a3400000| Complete 
| 565|0x00000000a3500000, 0x00000000a3600000, 0x00000000a3600000|100%| E|CS|TAMS 0x00000000a3500000, 0x00000000a3500000| Complete 
| 566|0x00000000a3600000, 0x00000000a3700000, 0x00000000a3700000|100%| E|CS|TAMS 0x00000000a3600000, 0x00000000a3600000| Complete 
| 567|0x00000000a3700000, 0x00000000a3800000, 0x00000000a3800000|100%| E|CS|TAMS 0x00000000a3700000, 0x00000000a3700000| Complete 
| 568|0x00000000a3800000, 0x00000000a3900000, 0x00000000a3900000|100%| E|CS|TAMS 0x00000000a3800000, 0x00000000a3800000| Complete 
| 569|0x00000000a3900000, 0x00000000a3a00000, 0x00000000a3a00000|100%| E|CS|TAMS 0x00000000a3900000, 0x00000000a3900000| Complete 
| 570|0x00000000a3a00000, 0x00000000a3b00000, 0x00000000a3b00000|100%| E|CS|TAMS 0x00000000a3a00000, 0x00000000a3a00000| Complete 
| 571|0x00000000a3b00000, 0x00000000a3c00000, 0x00000000a3c00000|100%| E|CS|TAMS 0x00000000a3b00000, 0x00000000a3b00000| Complete 
| 572|0x00000000a3c00000, 0x00000000a3d00000, 0x00000000a3d00000|100%| E|CS|TAMS 0x00000000a3c00000, 0x00000000a3c00000| Complete 
| 573|0x00000000a3d00000, 0x00000000a3e00000, 0x00000000a3e00000|100%| E|CS|TAMS 0x00000000a3d00000, 0x00000000a3d00000| Complete 
| 574|0x00000000a3e00000, 0x00000000a3f00000, 0x00000000a3f00000|100%| E|CS|TAMS 0x00000000a3e00000, 0x00000000a3e00000| Complete 
| 575|0x00000000a3f00000, 0x00000000a4000000, 0x00000000a4000000|100%| E|CS|TAMS 0x00000000a3f00000, 0x00000000a3f00000| Complete 
| 576|0x00000000a4000000, 0x00000000a4100000, 0x00000000a4100000|100%| E|CS|TAMS 0x00000000a4000000, 0x00000000a4000000| Complete 
| 577|0x00000000a4100000, 0x00000000a4200000, 0x00000000a4200000|100%| E|CS|TAMS 0x00000000a4100000, 0x00000000a4100000| Complete 
| 578|0x00000000a4200000, 0x00000000a4300000, 0x00000000a4300000|100%| E|CS|TAMS 0x00000000a4200000, 0x00000000a4200000| Complete 
| 579|0x00000000a4300000, 0x00000000a4400000, 0x00000000a4400000|100%| E|CS|TAMS 0x00000000a4300000, 0x00000000a4300000| Complete 
| 580|0x00000000a4400000, 0x00000000a4500000, 0x00000000a4500000|100%| E|CS|TAMS 0x00000000a4400000, 0x00000000a4400000| Complete 
| 581|0x00000000a4500000, 0x00000000a4600000, 0x00000000a4600000|100%| E|CS|TAMS 0x00000000a4500000, 0x00000000a4500000| Complete 
| 582|0x00000000a4600000, 0x00000000a4700000, 0x00000000a4700000|100%| E|CS|TAMS 0x00000000a4600000, 0x00000000a4600000| Complete 
| 583|0x00000000a4700000, 0x00000000a4800000, 0x00000000a4800000|100%| E|CS|TAMS 0x00000000a4700000, 0x00000000a4700000| Complete 
| 584|0x00000000a4800000, 0x00000000a4900000, 0x00000000a4900000|100%| E|CS|TAMS 0x00000000a4800000, 0x00000000a4800000| Complete 
| 585|0x00000000a4900000, 0x00000000a4a00000, 0x00000000a4a00000|100%| E|CS|TAMS 0x00000000a4900000, 0x00000000a4900000| Complete 
| 586|0x00000000a4a00000, 0x00000000a4b00000, 0x00000000a4b00000|100%| E|CS|TAMS 0x00000000a4a00000, 0x00000000a4a00000| Complete 
| 587|0x00000000a4b00000, 0x00000000a4c00000, 0x00000000a4c00000|100%| E|CS|TAMS 0x00000000a4b00000, 0x00000000a4b00000| Complete 
| 588|0x00000000a4c00000, 0x00000000a4d00000, 0x00000000a4d00000|100%| E|CS|TAMS 0x00000000a4c00000, 0x00000000a4c00000| Complete 
| 589|0x00000000a4d00000, 0x00000000a4e00000, 0x00000000a4e00000|100%| E|CS|TAMS 0x00000000a4d00000, 0x00000000a4d00000| Complete 
| 590|0x00000000a4e00000, 0x00000000a4f00000, 0x00000000a4f00000|100%| E|CS|TAMS 0x00000000a4e00000, 0x00000000a4e00000| Complete 
| 591|0x00000000a4f00000, 0x00000000a5000000, 0x00000000a5000000|100%| E|CS|TAMS 0x00000000a4f00000, 0x00000000a4f00000| Complete 
| 592|0x00000000a5000000, 0x00000000a5100000, 0x00000000a5100000|100%| E|CS|TAMS 0x00000000a5000000, 0x00000000a5000000| Complete 
| 593|0x00000000a5100000, 0x00000000a5200000, 0x00000000a5200000|100%| E|CS|TAMS 0x00000000a5100000, 0x00000000a5100000| Complete 
| 594|0x00000000a5200000, 0x00000000a5300000, 0x00000000a5300000|100%| E|CS|TAMS 0x00000000a5200000, 0x00000000a5200000| Complete 
| 595|0x00000000a5300000, 0x00000000a5400000, 0x00000000a5400000|100%| E|CS|TAMS 0x00000000a5300000, 0x00000000a5300000| Complete 
| 596|0x00000000a5400000, 0x00000000a5500000, 0x00000000a5500000|100%| E|CS|TAMS 0x00000000a5400000, 0x00000000a5400000| Complete 
| 597|0x00000000a5500000, 0x00000000a5600000, 0x00000000a5600000|100%| E|CS|TAMS 0x00000000a5500000, 0x00000000a5500000| Complete 
| 598|0x00000000a5600000, 0x00000000a5700000, 0x00000000a5700000|100%| E|CS|TAMS 0x00000000a5600000, 0x00000000a5600000| Complete 
| 599|0x00000000a5700000, 0x00000000a5800000, 0x00000000a5800000|100%| E|CS|TAMS 0x00000000a5700000, 0x00000000a5700000| Complete 

Card table byte_map: [0x000001607b6d0000,0x000001607bad0000] _byte_map_base: 0x000001607b2d0000

Marking Bits (Prev, Next): (CMBitMap*) 0x0000016073491f80, (CMBitMap*) 0x0000016073491fc0
 Prev Bits: [0x000001607bed0000, 0x000001607ded0000)
 Next Bits: [0x000001607ded0000, 0x000001607fed0000)

Polling page: 0x00000160712b0000

Metaspace:

Usage:
  Non-class:    116.00 MB used.
      Class:     18.26 MB used.
       Both:    134.25 MB used.

Virtual space:
  Non-class space:      128.00 MB reserved,     117.50 MB ( 92%) committed,  2 nodes.
      Class space:      416.00 MB reserved,      19.44 MB (  5%) committed,  1 nodes.
             Both:      544.00 MB reserved,     136.94 MB ( 25%) committed. 

Chunk freelists:
   Non-Class:  10.09 MB
       Class:  12.62 MB
        Both:  22.72 MB

MaxMetaspaceSize: 512.00 MB
CompressedClassSpaceSize: 416.00 MB
Initial GC threshold: 21.00 MB
Current GC threshold: 190.62 MB
CDS: on
MetaspaceReclaimPolicy: balanced
 - commit_granule_bytes: 65536.
 - commit_granule_words: 8192.
 - virtual_space_node_default_size: 8388608.
 - enlarge_chunks_in_place: 1.
 - new_chunks_are_fully_committed: 0.
 - uncommit_free_chunks: 1.
 - use_allocation_guard: 0.
 - handle_deallocations: 1.


Internal statistics:

num_allocs_failed_limit: 12.
num_arena_births: 3344.
num_arena_deaths: 0.
num_vsnodes_births: 3.
num_vsnodes_deaths: 0.
num_space_committed: 2190.
num_space_uncommitted: 0.
num_chunks_returned_to_freelist: 12.
num_chunks_taken_from_freelist: 10323.
num_chunk_merges: 12.
num_chunk_splits: 6265.
num_chunks_enlarged: 3421.
num_inconsistent_stats: 0.

CodeHeap 'non-profiled nmethods': size=120000Kb used=15816Kb max_used=16601Kb free=104184Kb
 bounds [0x0000016007ad0000, 0x0000016008b10000, 0x000001600f000000]
CodeHeap 'profiled nmethods': size=120000Kb used=38795Kb max_used=39601Kb free=81204Kb
 bounds [0x0000016000000000, 0x00000160026b0000, 0x0000016007530000]
CodeHeap 'non-nmethods': size=5760Kb used=2516Kb max_used=2605Kb free=3243Kb
 bounds [0x0000016007530000, 0x00000160077d0000, 0x0000016007ad0000]
 total_blobs=21382 nmethods=20329 adapters=964
 compilation: enabled
              stopped_count=0, restarted_count=0
 full_count=0

Compilation events (20 events):
Event: 159.858 Thread 0x00000160119a8130 24906       3       org.gradle.internal.snapshot.SingletonChildMap$1::<init> (11 bytes)
Event: 159.858 Thread 0x00000160119a8130 nmethod 24906 0x000001600087cc10 code [0x000001600087cdc0, 0x000001600087d038]
Event: 159.860 Thread 0x00000160119a8130 24907       3       org.gradle.api.internal.tasks.properties.ValidationActions$4::doValidate (155 bytes)
Event: 159.863 Thread 0x00000160119a8130 nmethod 24907 0x00000160007d7590 code [0x00000160007d7c80, 0x00000160007dbd88]
Event: 159.869 Thread 0x00000160119a8130 24908       3       javax.xml.parsers.DocumentBuilderFactory::newInstance (11 bytes)
Event: 159.869 Thread 0x00000160119a8130 nmethod 24908 0x00000160022d7110 code [0x00000160022d72c0, 0x00000160022d74e8]
Event: 159.869 Thread 0x00000160119a8130 24909       3       java.lang.ClassLoader::findResources (4 bytes)
Event: 159.869 Thread 0x00000160119a8130 nmethod 24909 0x000001600088c990 code [0x000001600088cb40, 0x000001600088ccb8]
Event: 159.869 Thread 0x00000160119a8130 24910       3       com.sun.org.apache.xerces.internal.jaxp.DocumentBuilderFactoryImpl::<init> (7 bytes)
Event: 159.869 Thread 0x00000160119a8130 nmethod 24910 0x00000160007f4690 code [0x00000160007f4840, 0x00000160007f4988]
Event: 159.869 Thread 0x00000160119a8130 24911       3       kotlin.sequences.SequencesKt___SequencesKt$filterNotNull$1::invoke (6 bytes)
Event: 159.869 Thread 0x00000160119a8130 nmethod 24911 0x000001600115f890 code [0x000001600115fa40, 0x000001600115fcd8]
Event: 159.869 Thread 0x00000160119a8130 24912       3       kotlin.sequences.SequencesKt___SequencesKt$filterNotNull$1::invoke (13 bytes)
Event: 159.870 Thread 0x00000160119a8130 nmethod 24912 0x0000016000930790 code [0x0000016000930940, 0x0000016000930b78]
Event: 159.888 Thread 0x00000160119a8130 24913       3       org.gradle.internal.snapshot.AbstractInvalidateChildHandler::handleUnrelatedToAnyChild (5 bytes)
Event: 159.889 Thread 0x00000160119a8130 nmethod 24913 0x0000016000a9ec10 code [0x0000016000a9ede0, 0x0000016000a9f148]
Event: 159.889 Thread 0x00000160119a8130 24914       3       org.gradle.internal.snapshot.AbstractInvalidateChildHandler::handleUnrelatedToAnyChild (14 bytes)
Event: 159.889 Thread 0x00000160119a8130 nmethod 24914 0x00000160022ee010 code [0x00000160022ee1c0, 0x00000160022ee448]
Event: 159.893 Thread 0x00000160119a8130 24915       3       org.gradle.internal.execution.history.impl.DefaultOutputFilesRepository$1::visitDirectory (6 bytes)
Event: 159.893 Thread 0x00000160119a8130 nmethod 24915 0x00000160009a4990 code [0x00000160009a4b40, 0x00000160009a4c88]

GC Heap History (20 events):
Event: 130.139 GC heap before
{Heap before GC invocations=78 (full 0):
 garbage-first heap   total 614400K, used 526348K [0x0000000080000000, 0x0000000100000000)
  region size 1024K, 75 young (76800K), 10 survivors (10240K)
 Metaspace       used 133949K, committed 136576K, reserved 557056K
  class space    used 18424K, committed 19584K, reserved 425984K
}
Event: 130.151 GC heap after
{Heap after GC invocations=79 (full 0):
 garbage-first heap   total 614400K, used 465726K [0x0000000080000000, 0x0000000100000000)
  region size 1024K, 5 young (5120K), 5 survivors (5120K)
 Metaspace       used 133949K, committed 136576K, reserved 557056K
  class space    used 18424K, committed 19584K, reserved 425984K
}
Event: 132.181 GC heap before
{Heap before GC invocations=79 (full 0):
 garbage-first heap   total 614400K, used 534334K [0x0000000080000000, 0x0000000100000000)
  region size 1024K, 68 young (69632K), 5 survivors (5120K)
 Metaspace       used 135581K, committed 138304K, reserved 557056K
  class space    used 18514K, committed 19712K, reserved 425984K
}
Event: 132.189 GC heap after
{Heap after GC invocations=80 (full 0):
 garbage-first heap   total 614400K, used 469009K [0x0000000080000000, 0x0000000100000000)
  region size 1024K, 8 young (8192K), 8 survivors (8192K)
 Metaspace       used 135581K, committed 138304K, reserved 557056K
  class space    used 18514K, committed 19712K, reserved 425984K
}
Event: 133.261 GC heap before
{Heap before GC invocations=80 (full 0):
 garbage-first heap   total 614400K, used 532497K [0x0000000080000000, 0x0000000100000000)
  region size 1024K, 71 young (72704K), 8 survivors (8192K)
 Metaspace       used 135606K, committed 138304K, reserved 557056K
  class space    used 18515K, committed 19712K, reserved 425984K
}
Event: 133.269 GC heap after
{Heap after GC invocations=81 (full 0):
 garbage-first heap   total 614400K, used 470013K [0x0000000080000000, 0x0000000100000000)
  region size 1024K, 6 young (6144K), 6 survivors (6144K)
 Metaspace       used 135606K, committed 138304K, reserved 557056K
  class space    used 18515K, committed 19712K, reserved 425984K
}
Event: 134.041 GC heap before
{Heap before GC invocations=81 (full 0):
 garbage-first heap   total 614400K, used 533501K [0x0000000080000000, 0x0000000100000000)
  region size 1024K, 69 young (70656K), 6 survivors (6144K)
 Metaspace       used 135618K, committed 138304K, reserved 557056K
  class space    used 18515K, committed 19712K, reserved 425984K
}
Event: 134.048 GC heap after
{Heap after GC invocations=82 (full 0):
 garbage-first heap   total 614400K, used 470862K [0x0000000080000000, 0x0000000100000000)
  region size 1024K, 6 young (6144K), 6 survivors (6144K)
 Metaspace       used 135618K, committed 138304K, reserved 557056K
  class space    used 18515K, committed 19712K, reserved 425984K
}
Event: 134.815 GC heap before
{Heap before GC invocations=82 (full 0):
 garbage-first heap   total 614400K, used 535374K [0x0000000080000000, 0x0000000100000000)
  region size 1024K, 70 young (71680K), 6 survivors (6144K)
 Metaspace       used 135708K, committed 138432K, reserved 557056K
  class space    used 18517K, committed 19712K, reserved 425984K
}
Event: 134.821 GC heap after
{Heap after GC invocations=83 (full 0):
 garbage-first heap   total 614400K, used 471422K [0x0000000080000000, 0x0000000100000000)
  region size 1024K, 6 young (6144K), 6 survivors (6144K)
 Metaspace       used 135708K, committed 138432K, reserved 557056K
  class space    used 18517K, committed 19712K, reserved 425984K
}
Event: 135.714 GC heap before
{Heap before GC invocations=83 (full 0):
 garbage-first heap   total 614400K, used 535934K [0x0000000080000000, 0x0000000100000000)
  region size 1024K, 70 young (71680K), 6 survivors (6144K)
 Metaspace       used 135754K, committed 138432K, reserved 557056K
  class space    used 18518K, committed 19712K, reserved 425984K
}
Event: 135.719 GC heap after
{Heap after GC invocations=84 (full 0):
 garbage-first heap   total 614400K, used 472032K [0x0000000080000000, 0x0000000100000000)
  region size 1024K, 6 young (6144K), 6 survivors (6144K)
 Metaspace       used 135754K, committed 138432K, reserved 557056K
  class space    used 18518K, committed 19712K, reserved 425984K
}
Event: 144.348 GC heap before
{Heap before GC invocations=84 (full 0):
 garbage-first heap   total 614400K, used 537568K [0x0000000080000000, 0x0000000100000000)
  region size 1024K, 71 young (72704K), 6 survivors (6144K)
 Metaspace       used 135800K, committed 138496K, reserved 557056K
  class space    used 18521K, committed 19712K, reserved 425984K
}
Event: 144.353 GC heap after
{Heap after GC invocations=85 (full 0):
 garbage-first heap   total 614400K, used 472446K [0x0000000080000000, 0x0000000100000000)
  region size 1024K, 5 young (5120K), 5 survivors (5120K)
 Metaspace       used 135800K, committed 138496K, reserved 557056K
  class space    used 18521K, committed 19712K, reserved 425984K
}
Event: 153.826 GC heap before
{Heap before GC invocations=85 (full 0):
 garbage-first heap   total 614400K, used 539006K [0x0000000080000000, 0x0000000100000000)
  region size 1024K, 70 young (71680K), 5 survivors (5120K)
 Metaspace       used 135801K, committed 138496K, reserved 557056K
  class space    used 18521K, committed 19712K, reserved 425984K
}
Event: 153.830 GC heap after
{Heap after GC invocations=86 (full 0):
 garbage-first heap   total 614400K, used 473750K [0x0000000080000000, 0x0000000100000000)
  region size 1024K, 6 young (6144K), 6 survivors (6144K)
 Metaspace       used 135801K, committed 138496K, reserved 557056K
  class space    used 18521K, committed 19712K, reserved 425984K
}
Event: 157.018 GC heap before
{Heap before GC invocations=86 (full 0):
 garbage-first heap   total 614400K, used 538262K [0x0000000080000000, 0x0000000100000000)
  region size 1024K, 70 young (71680K), 6 survivors (6144K)
 Metaspace       used 135801K, committed 138496K, reserved 557056K
  class space    used 18521K, committed 19712K, reserved 425984K
}
Event: 157.025 GC heap after
{Heap after GC invocations=87 (full 0):
 garbage-first heap   total 614400K, used 476366K [0x0000000080000000, 0x0000000100000000)
  region size 1024K, 8 young (8192K), 8 survivors (8192K)
 Metaspace       used 135801K, committed 138496K, reserved 557056K
  class space    used 18521K, committed 19712K, reserved 425984K
}
Event: 159.316 GC heap before
{Heap before GC invocations=87 (full 0):
 garbage-first heap   total 614400K, used 536782K [0x0000000080000000, 0x0000000100000000)
  region size 1024K, 68 young (69632K), 8 survivors (8192K)
 Metaspace       used 137347K, committed 140096K, reserved 557056K
  class space    used 18687K, committed 19904K, reserved 425984K
}
Event: 159.325 GC heap after
{Heap after GC invocations=88 (full 0):
 garbage-first heap   total 614400K, used 480754K [0x0000000080000000, 0x0000000100000000)
  region size 1024K, 5 young (5120K), 5 survivors (5120K)
 Metaspace       used 137347K, committed 140096K, reserved 557056K
  class space    used 18687K, committed 19904K, reserved 425984K
}

Dll operation events (16 events):
Event: 0.011 Loaded shared library C:\Program Files\Microsoft\jdk-17.0.18.8-hotspot\bin\java.dll
Event: 0.031 Loaded shared library C:\Program Files\Microsoft\jdk-17.0.18.8-hotspot\bin\jsvml.dll
Event: 0.085 Loaded shared library C:\Program Files\Microsoft\jdk-17.0.18.8-hotspot\bin\zip.dll
Event: 0.088 Loaded shared library C:\Program Files\Microsoft\jdk-17.0.18.8-hotspot\bin\instrument.dll
Event: 0.093 Loaded shared library C:\Program Files\Microsoft\jdk-17.0.18.8-hotspot\bin\net.dll
Event: 0.095 Loaded shared library C:\Program Files\Microsoft\jdk-17.0.18.8-hotspot\bin\nio.dll
Event: 0.098 Loaded shared library C:\Program Files\Microsoft\jdk-17.0.18.8-hotspot\bin\zip.dll
Event: 0.406 Loaded shared library C:\Program Files\Microsoft\jdk-17.0.18.8-hotspot\bin\jimage.dll
Event: 0.611 Loaded shared library C:\Program Files\Microsoft\jdk-17.0.18.8-hotspot\bin\verify.dll
Event: 0.701 Loaded shared library C:\Users\Sudharani-ITS130\.gradle\native\1def1411415f61bf3af743bc5b6707747c0891f09f0c88961ee8f79bc544acac\windows-amd64\native-platform.dll
Event: 0.717 Loaded shared library C:\Users\Sudharani-ITS130\.gradle\native\0.2.7\x86_64-windows-gnu\gradle-fileevents.dll
Event: 1.723 Loaded shared library C:\Program Files\Microsoft\jdk-17.0.18.8-hotspot\bin\management.dll
Event: 1.725 Loaded shared library C:\Program Files\Microsoft\jdk-17.0.18.8-hotspot\bin\management_ext.dll
Event: 1.998 Loaded shared library C:\Program Files\Microsoft\jdk-17.0.18.8-hotspot\bin\extnet.dll
Event: 2.217 Loaded shared library C:\Program Files\Microsoft\jdk-17.0.18.8-hotspot\bin\sunmscapi.dll
Event: 22.505 Loaded shared library C:\Program Files\Microsoft\jdk-17.0.18.8-hotspot\bin\rmi.dll

Deoptimization events (20 events):
Event: 158.776 Thread 0x00000160310d03e0 DEOPT PACKING pc=0x0000016007b28744 sp=0x00000026459fc5b0
Event: 158.776 Thread 0x00000160310d03e0 DEOPT UNPACKING pc=0x000001600758a1a3 sp=0x00000026459fc558 mode 2
Event: 158.881 Thread 0x0000016037540fb0 Uncommon trap: trap_request=0xffffffc6 fr.pc=0x0000016007b28744 relative=0x0000000000000124
Event: 158.881 Thread 0x0000016037540fb0 Uncommon trap: reason=bimorphic_or_optimized_type_check action=maybe_recompile pc=0x0000016007b28744 method=com.google.common.collect.RegularImmutableMap.checkNoConflictInKeyBucket(Ljava/lang/Object;Ljava/lang/Object;Lcom/google/common/collect/ImmutableMa
Event: 158.881 Thread 0x0000016037540fb0 DEOPT PACKING pc=0x0000016007b28744 sp=0x0000002645bfd190
Event: 158.881 Thread 0x0000016037540fb0 DEOPT UNPACKING pc=0x000001600758a1a3 sp=0x0000002645bfd138 mode 2
Event: 158.947 Thread 0x000001603753e220 DEOPT PACKING pc=0x0000016001f653f7 sp=0x0000002645afa580
Event: 158.947 Thread 0x000001603753e220 DEOPT UNPACKING pc=0x000001600758ace3 sp=0x0000002645af99f0 mode 0
Event: 158.996 Thread 0x000001603753e220 Uncommon trap: trap_request=0xffffffc6 fr.pc=0x0000016007b28744 relative=0x0000000000000124
Event: 158.996 Thread 0x000001603753e220 Uncommon trap: reason=bimorphic_or_optimized_type_check action=maybe_recompile pc=0x0000016007b28744 method=com.google.common.collect.RegularImmutableMap.checkNoConflictInKeyBucket(Ljava/lang/Object;Ljava/lang/Object;Lcom/google/common/collect/ImmutableMa
Event: 158.996 Thread 0x000001603753e220 DEOPT PACKING pc=0x0000016007b28744 sp=0x0000002645afd060
Event: 158.996 Thread 0x000001603753e220 DEOPT UNPACKING pc=0x000001600758a1a3 sp=0x0000002645afd008 mode 2
Event: 159.268 Thread 0x000001603753e220 DEOPT PACKING pc=0x0000016002641378 sp=0x0000002645aface0
Event: 159.268 Thread 0x000001603753e220 DEOPT UNPACKING pc=0x000001600758ace3 sp=0x0000002645afa1f0 mode 0
Event: 159.275 Thread 0x0000016031d6d030 DEOPT PACKING pc=0x0000016001d0d6f3 sp=0x00000026426ff1b0
Event: 159.275 Thread 0x0000016031d6d030 DEOPT UNPACKING pc=0x000001600758ace3 sp=0x00000026426fe6d8 mode 0
Event: 159.896 Thread 0x00000160310d03e0 Uncommon trap: trap_request=0xffffffbe fr.pc=0x0000016008ae4a98 relative=0x0000000000005f98
Event: 159.896 Thread 0x00000160310d03e0 Uncommon trap: reason=profile_predicate action=maybe_recompile pc=0x0000016008ae4a98 method=org.gradle.api.internal.artifacts.transform.ConsumerProvidedVariantFinder$TransformCache.query(Ljava/util/List;Lorg/gradle/api/internal/attributes/ImmutableAttribu
Event: 159.896 Thread 0x00000160310d03e0 DEOPT PACKING pc=0x0000016008ae4a98 sp=0x00000026459fb870
Event: 160.757 Thread 0x00000160310d03e0 DEOPT UNPACKING pc=0x000001600758a1a3 sp=0x00000026459fb5c0 mode 2

Classes loaded (20 events):
Event: 158.561 Loading class com/sun/org/apache/xerces/internal/dom/ElementNSImpl
Event: 158.562 Loading class com/sun/org/apache/xerces/internal/dom/ElementNSImpl done
Event: 158.579 Loading class java/util/stream/Nodes$IntFixedNodeBuilder
Event: 158.579 Loading class java/util/stream/Node$Builder$OfInt
Event: 158.579 Loading class java/util/stream/Node$Builder$OfInt done
Event: 158.579 Loading class java/util/stream/Nodes$IntArrayNode
Event: 158.580 Loading class java/util/stream/Nodes$IntArrayNode done
Event: 158.580 Loading class java/util/stream/Nodes$IntFixedNodeBuilder done
Event: 158.596 Loading class com/sun/org/apache/xerces/internal/dom/DOMImplementationImpl
Event: 158.596 Loading class org/w3c/dom/DOMImplementation
Event: 158.596 Loading class org/w3c/dom/DOMImplementation done
Event: 158.596 Loading class com/sun/org/apache/xerces/internal/dom/CoreDOMImplementationImpl
Event: 158.597 Loading class org/w3c/dom/ls/DOMImplementationLS
Event: 158.597 Loading class org/w3c/dom/ls/DOMImplementationLS done
Event: 158.597 Loading class com/sun/org/apache/xerces/internal/dom/CoreDOMImplementationImpl done
Event: 158.597 Loading class com/sun/org/apache/xerces/internal/dom/DOMImplementationImpl done
Event: 158.597 Loading class com/sun/org/apache/xerces/internal/dom/DeferredDOMImplementationImpl
Event: 158.597 Loading class com/sun/org/apache/xerces/internal/dom/DeferredDOMImplementationImpl done
Event: 158.728 Loading class com/sun/org/apache/xerces/internal/dom/AttrNSImpl
Event: 158.728 Loading class com/sun/org/apache/xerces/internal/dom/AttrNSImpl done

Classes unloaded (0 events):
No events

Classes redefined (0 events):
No events

Internal exceptions (20 events):
Event: 159.832 Thread 0x000001603753e220 Exception <a 'sun/nio/fs/WindowsException'{0x00000000a4a90e18}> (0x00000000a4a90e18) 
thrown [s\src\hotspot\share\prims\jni.cpp, line 516]
Event: 159.839 Thread 0x000001603753e220 Exception <a 'sun/nio/fs/WindowsException'{0x00000000a4acbcb0}> (0x00000000a4acbcb0) 
thrown [s\src\hotspot\share\prims\jni.cpp, line 516]
Event: 159.840 Thread 0x000001603753e220 Exception <a 'sun/nio/fs/WindowsException'{0x00000000a4accba0}> (0x00000000a4accba0) 
thrown [s\src\hotspot\share\prims\jni.cpp, line 516]
Event: 159.840 Thread 0x000001603753e220 Exception <a 'sun/nio/fs/WindowsException'{0x00000000a4accd58}> (0x00000000a4accd58) 
thrown [s\src\hotspot\share\prims\jni.cpp, line 516]
Event: 159.846 Thread 0x000001603753e220 Exception <a 'sun/nio/fs/WindowsException'{0x00000000a492d440}> (0x00000000a492d440) 
thrown [s\src\hotspot\share\prims\jni.cpp, line 516]
Event: 159.851 Thread 0x000001603753e220 Exception <a 'sun/nio/fs/WindowsException'{0x00000000a49653d8}> (0x00000000a49653d8) 
thrown [s\src\hotspot\share\prims\jni.cpp, line 516]
Event: 159.855 Thread 0x000001603753e220 Exception <a 'sun/nio/fs/WindowsException'{0x00000000a497d8d8}> (0x00000000a497d8d8) 
thrown [s\src\hotspot\share\prims\jni.cpp, line 516]
Event: 159.855 Thread 0x000001603753e220 Exception <a 'sun/nio/fs/WindowsException'{0x00000000a497e820}> (0x00000000a497e820) 
thrown [s\src\hotspot\share\prims\jni.cpp, line 516]
Event: 159.855 Thread 0x000001603753e220 Exception <a 'sun/nio/fs/WindowsException'{0x00000000a497ea30}> (0x00000000a497ea30) 
thrown [s\src\hotspot\share\prims\jni.cpp, line 516]
Event: 159.855 Thread 0x000001603753e220 Exception <a 'sun/nio/fs/WindowsException'{0x00000000a4980168}> (0x00000000a4980168) 
thrown [s\src\hotspot\share\prims\jni.cpp, line 516]
Event: 159.855 Thread 0x000001603753e220 Exception <a 'sun/nio/fs/WindowsException'{0x00000000a4981cb0}> (0x00000000a4981cb0) 
thrown [s\src\hotspot\share\prims\jni.cpp, line 516]
Event: 159.859 Thread 0x00000160310d03e0 Exception <a 'sun/nio/fs/WindowsException'{0x00000000a49a1578}> (0x00000000a49a1578) 
thrown [s\src\hotspot\share\prims\jni.cpp, line 516]
Event: 159.859 Thread 0x00000160310d03e0 Exception <a 'sun/nio/fs/WindowsException'{0x00000000a49a3708}> (0x00000000a49a3708) 
thrown [s\src\hotspot\share\prims\jni.cpp, line 516]
Event: 159.859 Thread 0x00000160310d03e0 Exception <a 'sun/nio/fs/WindowsException'{0x00000000a49a5ab0}> (0x00000000a49a5ab0) 
thrown [s\src\hotspot\share\prims\jni.cpp, line 516]
Event: 159.860 Thread 0x00000160310d03e0 Exception <a 'sun/nio/fs/WindowsException'{0x00000000a49a7e58}> (0x00000000a49a7e58) 
thrown [s\src\hotspot\share\prims\jni.cpp, line 516]
Event: 159.860 Thread 0x00000160310d03e0 Exception <a 'sun/nio/fs/WindowsException'{0x00000000a49aa530}> (0x00000000a49aa530) 
thrown [s\src\hotspot\share\prims\jni.cpp, line 516]
Event: 159.868 Thread 0x00000160310d03e0 Exception <a 'sun/nio/fs/WindowsException'{0x00000000a49e3fc8}> (0x00000000a49e3fc8) 
thrown [s\src\hotspot\share\prims\jni.cpp, line 516]
Event: 159.868 Thread 0x00000160310d03e0 Exception <a 'sun/nio/fs/WindowsException'{0x00000000a49e5158}> (0x00000000a49e5158) 
thrown [s\src\hotspot\share\prims\jni.cpp, line 516]
Event: 159.868 Thread 0x00000160310d03e0 Exception <a 'sun/nio/fs/WindowsException'{0x00000000a49e5308}> (0x00000000a49e5308) 
thrown [s\src\hotspot\share\prims\jni.cpp, line 516]
Event: 159.895 Thread 0x00000160310d03e0 Exception <a 'sun/nio/fs/WindowsException'{0x00000000a4856000}> (0x00000000a4856000) 
thrown [s\src\hotspot\share\prims\jni.cpp, line 516]

VM Operations (20 events):
Event: 150.357 Executing VM operation: Cleanup done
Event: 153.358 Executing VM operation: Cleanup
Event: 153.358 Executing VM operation: Cleanup done
Event: 153.826 Executing VM operation: G1CollectForAllocation
Event: 153.830 Executing VM operation: G1CollectForAllocation done
Event: 155.134 Executing VM operation: HandshakeAllThreads
Event: 155.135 Executing VM operation: HandshakeAllThreads done
Event: 156.134 Executing VM operation: Cleanup
Event: 156.134 Executing VM operation: Cleanup done
Event: 157.017 Executing VM operation: G1CollectForAllocation
Event: 157.025 Executing VM operation: G1CollectForAllocation done
Event: 158.688 Executing VM operation: ICBufferFull
Event: 158.688 Executing VM operation: ICBufferFull done
Event: 158.856 Executing VM operation: HandshakeAllThreads
Event: 158.856 Executing VM operation: HandshakeAllThreads done
Event: 159.316 Executing VM operation: G1CollectForAllocation
Event: 159.325 Executing VM operation: G1CollectForAllocation done
Event: 159.424 Executing VM operation: HandshakeAllThreads
Event: 159.425 Executing VM operation: HandshakeAllThreads done
Event: 160.425 Executing VM operation: Cleanup

Memory protections (0 events):
No events

Nmethod flushes (20 events):
Event: 159.456 Thread 0x00000160119bb7b0 flushing  nmethod 0x00000160024eac10
Event: 159.456 Thread 0x00000160119bb7b0 flushing  nmethod 0x00000160024ec590
Event: 159.456 Thread 0x00000160119bb7b0 flushing osr nmethod 0x00000160024eca90
Event: 159.456 Thread 0x00000160119bb7b0 flushing  nmethod 0x00000160024ed710
Event: 159.456 Thread 0x00000160119bb7b0 flushing  nmethod 0x00000160024eeb10
Event: 159.456 Thread 0x00000160119bb7b0 flushing  nmethod 0x00000160024eef10
Event: 159.456 Thread 0x00000160119bb7b0 flushing  nmethod 0x00000160024f0c10
Event: 159.456 Thread 0x00000160119bb7b0 flushing  nmethod 0x00000160024f1390
Event: 159.456 Thread 0x00000160119bb7b0 flushing  nmethod 0x00000160024f1c10
Event: 159.456 Thread 0x00000160119bb7b0 flushing  nmethod 0x0000016002506810
Event: 159.456 Thread 0x00000160119bb7b0 flushing  nmethod 0x000001600251d110
Event: 159.456 Thread 0x00000160119bb7b0 flushing  nmethod 0x0000016002524b10
Event: 159.456 Thread 0x00000160119bb7b0 flushing  nmethod 0x0000016002529d10
Event: 159.457 Thread 0x00000160119bb7b0 flushing  nmethod 0x000001600253a710
Event: 159.457 Thread 0x00000160119bb7b0 flushing  nmethod 0x000001600253dd90
Event: 159.457 Thread 0x00000160119bb7b0 flushing  nmethod 0x000001600253fa90
Event: 159.457 Thread 0x00000160119bb7b0 flushing  nmethod 0x0000016002576f90
Event: 159.457 Thread 0x00000160119bb7b0 flushing  nmethod 0x0000016002581410
Event: 159.457 Thread 0x00000160119bb7b0 flushing  nmethod 0x00000160025cb310
Event: 159.457 Thread 0x00000160119bb7b0 flushing  nmethod 0x00000160025d1310

Events (20 events):
Event: 71.955 Thread 0x000001603e3b1010 Thread exited: 0x000001603e3b1010
Event: 74.048 Thread 0x000001603e3b1ab0 Thread exited: 0x000001603e3b1ab0
Event: 74.599 Thread 0x0000016011994c20 Thread added: 0x000001603e3afad0
Event: 77.325 Thread 0x000001603e3afad0 Thread exited: 0x000001603e3afad0
Event: 80.057 Thread 0x00000160310cefa0 Thread exited: 0x00000160310cefa0
Event: 81.105 Thread 0x00000160310ce580 Thread added: 0x000001603ec72a50
Event: 85.731 Thread 0x00000160310d03e0 Thread added: 0x0000016042bad410
Event: 94.194 Thread 0x00000160119a8130 Thread added: 0x000001603e3b5fc0
Event: 94.777 Thread 0x000001603e3b5fc0 Thread exited: 0x000001603e3b5fc0
Event: 96.104 Thread 0x00000160119a8130 Thread added: 0x000001603e3b5a70
Event: 96.678 Thread 0x000001603e3b5a70 Thread exited: 0x000001603e3b5a70
Event: 112.756 Thread 0x0000016037ce4600 Thread exited: 0x0000016037ce4600
Event: 116.701 Thread 0x0000016037ce78a0 Thread exited: 0x0000016037ce78a0
Event: 120.087 Thread 0x0000016036511840 Thread exited: 0x0000016036511840
Event: 131.139 Thread 0x0000016037540590 Thread added: 0x0000016042babac0
Event: 131.145 Thread 0x00000160310d03e0 Thread added: 0x0000016042bab5b0
Event: 131.151 Thread 0x000001603753e220 Thread added: 0x0000016042bac9f0
Event: 131.164 Thread 0x0000016037540fb0 Thread added: 0x0000016042baab90
Event: 131.180 Thread 0x000001603753dd10 Thread added: 0x0000016042babfd0
Event: 141.106 Thread 0x00000160310ce070 Thread exited: 0x00000160310ce070


Dynamic libraries:
0x00007ff673080000 - 0x00007ff67308e000 	C:\Program Files\Microsoft\jdk-17.0.18.8-hotspot\bin\java.exe
0x00007ff8e3b40000 - 0x00007ff8e3da6000 	C:\WINDOWS\SYSTEM32\ntdll.dll
0x00007ff8e2350000 - 0x00007ff8e2419000 	C:\WINDOWS\System32\KERNEL32.DLL
0x00007ff8e0e40000 - 0x00007ff8e123f000 	C:\WINDOWS\System32\KERNELBASE.dll
0x00007ff8e1710000 - 0x00007ff8e185c000 	C:\WINDOWS\System32\ucrtbase.dll
0x00007ff868cb0000 - 0x00007ff868cce000 	C:\Program Files\Microsoft\jdk-17.0.18.8-hotspot\bin\VCRUNTIME140.dll
0x00007ff868d30000 - 0x00007ff868d48000 	C:\Program Files\Microsoft\jdk-17.0.18.8-hotspot\bin\jli.dll
0x00007ff8e3840000 - 0x00007ff8e3a06000 	C:\WINDOWS\System32\USER32.dll
0x00007ff8e0d50000 - 0x00007ff8e0d77000 	C:\WINDOWS\System32\win32u.dll
0x00007ff8c1870000 - 0x00007ff8c1b01000 	C:\WINDOWS\WinSxS\amd64_microsoft.windows.common-controls_6595b64144ccf1df_6.0.26100.8972_none_3e0da176e32f9d4b\COMCTL32.dll
0x00007ff8e3680000 - 0x00007ff8e3729000 	C:\WINDOWS\System32\msvcrt.dll
0x00007ff8e1870000 - 0x00007ff8e189b000 	C:\WINDOWS\System32\GDI32.dll
0x00007ff8e1250000 - 0x00007ff8e1379000 	C:\WINDOWS\System32\gdi32full.dll
0x00007ff8e1660000 - 0x00007ff8e1703000 	C:\WINDOWS\System32\msvcp_win.dll
0x00007ff8e1c90000 - 0x00007ff8e1cc2000 	C:\WINDOWS\System32\IMM32.DLL
0x00007ff8daf80000 - 0x00007ff8daf8c000 	C:\Program Files\Microsoft\jdk-17.0.18.8-hotspot\bin\vcruntime140_1.dll
0x00007ff83a040000 - 0x00007ff83a0c9000 	C:\Program Files\Microsoft\jdk-17.0.18.8-hotspot\bin\msvcp140.dll
0x00007ff8393c0000 - 0x00007ff83a03a000 	C:\Program Files\Microsoft\jdk-17.0.18.8-hotspot\bin\server\jvm.dll
0x00007ff8e3a30000 - 0x00007ff8e3aec000 	C:\WINDOWS\System32\ADVAPI32.dll
0x00007ff8e2100000 - 0x00007ff8e21aa000 	C:\WINDOWS\System32\sechost.dll
0x00007ff8e2230000 - 0x00007ff8e2348000 	C:\WINDOWS\System32\RPCRT4.dll
0x00007ff8e2990000 - 0x00007ff8e2a12000 	C:\WINDOWS\System32\WS2_32.dll
0x00007ff8e0bb0000 - 0x00007ff8e0c0e000 	C:\WINDOWS\SYSTEM32\POWRPROF.dll
0x00007ff8d5910000 - 0x00007ff8d5946000 	C:\WINDOWS\SYSTEM32\WINMM.dll
0x00007ff8d53b0000 - 0x00007ff8d53bb000 	C:\WINDOWS\SYSTEM32\VERSION.dll
0x00007ff8e0b90000 - 0x00007ff8e0ba5000 	C:\WINDOWS\SYSTEM32\UMPDC.dll
0x00007ff8dfa40000 - 0x00007ff8dfa5b000 	C:\WINDOWS\SYSTEM32\kernel.appcore.dll
0x00007ff8d6ce0000 - 0x00007ff8d6cea000 	C:\Program Files\Microsoft\jdk-17.0.18.8-hotspot\bin\jimage.dll
0x00007ff8de130000 - 0x00007ff8de372000 	C:\WINDOWS\SYSTEM32\DBGHELP.DLL
0x00007ff8e2600000 - 0x00007ff8e2985000 	C:\WINDOWS\System32\combase.dll
0x00007ff8e1bb0000 - 0x00007ff8e1c89000 	C:\WINDOWS\System32\OLEAUT32.dll
0x00007ff8b8080000 - 0x00007ff8b80bb000 	C:\WINDOWS\SYSTEM32\dbgcore.DLL
0x00007ff8e1380000 - 0x00007ff8e142c000 	C:\WINDOWS\System32\bcryptPrimitives.dll
0x00007ff8bd4f0000 - 0x00007ff8bd4ff000 	C:\Program Files\Microsoft\jdk-17.0.18.8-hotspot\bin\instrument.dll
0x00007ff868af0000 - 0x00007ff868b16000 	C:\Program Files\Microsoft\jdk-17.0.18.8-hotspot\bin\java.dll
0x00007ff8392e0000 - 0x00007ff8393b6000 	C:\Program Files\Microsoft\jdk-17.0.18.8-hotspot\bin\jsvml.dll
0x00007ff8e2a50000 - 0x00007ff8e31d8000 	C:\WINDOWS\System32\SHELL32.dll
0x00007ff8de820000 - 0x00007ff8df0bb000 	C:\WINDOWS\SYSTEM32\windows.storage.dll
0x00007ff8e1e80000 - 0x00007ff8e1f79000 	C:\WINDOWS\System32\SHCORE.dll
0x00007ff8e1f80000 - 0x00007ff8e1fe6000 	C:\WINDOWS\System32\shlwapi.dll
0x00007ff8e0c70000 - 0x00007ff8e0c99000 	C:\WINDOWS\SYSTEM32\profapi.dll
0x00007ff86a060000 - 0x00007ff86a078000 	C:\Program Files\Microsoft\jdk-17.0.18.8-hotspot\bin\zip.dll
0x00007ff867d20000 - 0x00007ff867d3b000 	C:\Program Files\Microsoft\jdk-17.0.18.8-hotspot\bin\net.dll
0x00007ff8d6a70000 - 0x00007ff8d6b98000 	C:\WINDOWS\SYSTEM32\WINHTTP.dll
0x00007ff8dfff0000 - 0x00007ff8e005c000 	C:\WINDOWS\system32\mswsock.dll
0x00007ff866eb0000 - 0x00007ff866ec6000 	C:\Program Files\Microsoft\jdk-17.0.18.8-hotspot\bin\nio.dll
0x00007ff8cf520000 - 0x00007ff8cf530000 	C:\Program Files\Microsoft\jdk-17.0.18.8-hotspot\bin\verify.dll
0x00007ff866ac0000 - 0x00007ff866ae7000 	C:\Users\Sudharani-ITS130\.gradle\native\1def1411415f61bf3af743bc5b6707747c0891f09f0c88961ee8f79bc544acac\windows-amd64\native-platform.dll
0x00007ff83a1f0000 - 0x00007ff83a268000 	C:\Users\Sudharani-ITS130\.gradle\native\0.2.7\x86_64-windows-gnu\gradle-fileevents.dll
0x00007ff8cbb40000 - 0x00007ff8cbb4a000 	C:\Program Files\Microsoft\jdk-17.0.18.8-hotspot\bin\management.dll
0x00007ff8cb450000 - 0x00007ff8cb45c000 	C:\Program Files\Microsoft\jdk-17.0.18.8-hotspot\bin\management_ext.dll
0x00007ff8e1cd0000 - 0x00007ff8e1cd8000 	C:\WINDOWS\System32\PSAPI.DLL
0x00007ff8df4c0000 - 0x00007ff8df4f3000 	C:\WINDOWS\SYSTEM32\IPHLPAPI.DLL
0x00007ff8e1e70000 - 0x00007ff8e1e7a000 	C:\WINDOWS\System32\NSI.dll
0x00007ff8d88d0000 - 0x00007ff8d88ed000 	C:\WINDOWS\SYSTEM32\dhcpcsvc6.DLL
0x00007ff8d87b0000 - 0x00007ff8d87d5000 	C:\WINDOWS\SYSTEM32\dhcpcsvc.DLL
0x00007ff8df500000 - 0x00007ff8df658000 	C:\WINDOWS\SYSTEM32\DNSAPI.dll
0x00007ff8dfdd0000 - 0x00007ff8dfddd000 	C:\WINDOWS\SYSTEM32\DSPARSE.dll
0x00007ff8c9890000 - 0x00007ff8c9899000 	C:\Program Files\Microsoft\jdk-17.0.18.8-hotspot\bin\extnet.dll
0x00007ff8e02e0000 - 0x00007ff8e02fb000 	C:\WINDOWS\SYSTEM32\CRYPTSP.dll
0x00007ff8df9a0000 - 0x00007ff8df9d9000 	C:\WINDOWS\system32\rsaenh.dll
0x00007ff8e00a0000 - 0x00007ff8e00d2000 	C:\WINDOWS\SYSTEM32\USERENV.dll
0x00007ff8e0c40000 - 0x00007ff8e0c6a000 	C:\WINDOWS\SYSTEM32\bcrypt.dll
0x00007ff8e0300000 - 0x00007ff8e030c000 	C:\WINDOWS\SYSTEM32\CRYPTBASE.dll
0x00007ff8bc2c0000 - 0x00007ff8bc2ce000 	C:\Program Files\Microsoft\jdk-17.0.18.8-hotspot\bin\sunmscapi.dll
0x00007ff8e14d0000 - 0x00007ff8e164e000 	C:\WINDOWS\System32\CRYPT32.dll
0x00007ff8e0520000 - 0x00007ff8e0550000 	C:\WINDOWS\SYSTEM32\ncrypt.dll
0x00007ff8e04d0000 - 0x00007ff8e050f000 	C:\WINDOWS\SYSTEM32\NTASN1.dll
0x00007ff87e000000 - 0x00007ff87e008000 	C:\WINDOWS\system32\wshunix.dll
0x00007ff8bb350000 - 0x00007ff8bb357000 	C:\Program Files\Microsoft\jdk-17.0.18.8-hotspot\bin\rmi.dll
0x00007ff8dfb70000 - 0x00007ff8dfba6000 	C:\WINDOWS\SYSTEM32\ntmarta.dll

dbghelp: loaded successfully - version: 4.0.5 - missing functions: none
symbol engine: initialized successfully - sym options: 0x614 - pdb path: .;C:\Program Files\Microsoft\jdk-17.0.18.8-hotspot\bin;C:\WINDOWS\SYSTEM32;C:\WINDOWS\WinSxS\amd64_microsoft.windows.common-controls_6595b64144ccf1df_6.0.26100.8972_none_3e0da176e32f9d4b;C:\Program Files\Microsoft\jdk-17.0.18.8-hotspot\bin\server;C:\Users\Sudharani-ITS130\.gradle\native\1def1411415f61bf3af743bc5b6707747c0891f09f0c88961ee8f79bc544acac\windows-amd64;C:\Users\Sudharani-ITS130\.gradle\native\0.2.7\x86_64-windows-gnu

VM Arguments:
jvm_args: --add-opens=java.base/java.lang=ALL-UNNAMED --add-opens=java.base/java.lang.invoke=ALL-UNNAMED --add-opens=java.base/java.util=ALL-UNNAMED --add-opens=java.prefs/java.util.prefs=ALL-UNNAMED --add-exports=jdk.compiler/com.sun.tools.javac.api=ALL-UNNAMED --add-exports=jdk.compiler/com.sun.tools.javac.util=ALL-UNNAMED --add-opens=java.base/java.util=ALL-UNNAMED --add-opens=java.prefs/java.util.prefs=ALL-UNNAMED --add-opens=java.base/java.nio.charset=ALL-UNNAMED --add-opens=java.base/java.net=ALL-UNNAMED --add-opens=java.base/java.util.concurrent.atomic=ALL-UNNAMED --add-opens=java.xml/javax.xml.namespace=ALL-UNNAMED -XX:MaxMetaspaceSize=512m -Xmx2048m -Dfile.encoding=windows-1252 -Duser.country=US -Duser.language=en -Duser.variant -javaagent:C:\Users\Sudharani-ITS130\.gradle\wrapper\dists\gradle-8.13-bin\5xuhj0ry160q40clulazy9h7d\gradle-8.13\lib\agents\gradle-instrumentation-agent-8.13.jar 
java_command: org.gradle.launcher.daemon.bootstrap.GradleDaemon 8.13
java_class_path (initial): C:\Users\Sudharani-ITS130\.gradle\wrapper\dists\gradle-8.13-bin\5xuhj0ry160q40clulazy9h7d\gradle-8.13\lib\gradle-daemon-main-8.13.jar
Launcher Type: SUN_STANDARD

[Global flags]
     intx CICompilerCount                          = 4                                         {product} {ergonomic}
   size_t CompressedClassSpaceSize                 = 436207616                                 {product} {ergonomic}
     uint ConcGCThreads                            = 2                                         {product} {ergonomic}
     uint G1ConcRefinementThreads                  = 8                                         {product} {ergonomic}
   size_t G1HeapRegionSize                         = 1048576                                   {product} {ergonomic}
    uintx GCDrainStackTargetSize                   = 64                                        {product} {ergonomic}
   size_t InitialHeapSize                          = 260046848                                 {product} {ergonomic}
   size_t MarkStackSize                            = 4194304                                   {product} {ergonomic}
   size_t MaxHeapSize                              = 2147483648                                {product} {command line}
   size_t MaxMetaspaceSize                         = 536870912                                 {product} {command line}
   size_t MaxNewSize                               = 1287651328                                {product} {ergonomic}
   size_t MinHeapDeltaBytes                        = 1048576                                   {product} {ergonomic}
   size_t MinHeapSize                              = 8388608                                   {product} {ergonomic}
    uintx NonNMethodCodeHeapSize                   = 5839372                                {pd product} {ergonomic}
    uintx NonProfiledCodeHeapSize                  = 122909434                              {pd product} {ergonomic}
    uintx ProfiledCodeHeapSize                     = 122909434                              {pd product} {ergonomic}
    uintx ReservedCodeCacheSize                    = 251658240                              {pd product} {ergonomic}
     bool SegmentedCodeCache                       = true                                      {product} {ergonomic}
   size_t SoftMaxHeapSize                          = 2147483648                             {manageable} {ergonomic}
     bool UseCompressedClassPointers               = true                           {product lp64_product} {ergonomic}
     bool UseCompressedOops                        = true                           {product lp64_product} {ergonomic}
     bool UseG1GC                                  = true                                      {product} {ergonomic}
     bool UseLargePagesIndividualAllocation        = false                                  {pd product} {ergonomic}

Logging:
Log output configuration:
 #0: stdout all=warning uptime,level,tags
 #1: stderr all=off uptime,level,tags

Environment Variables:
JAVA_HOME=C:\Program Files\Microsoft\jdk-17.0.18.8-hotspot\
PATH=D:\DelPart\delivery_partner_frontend\node_modules\.bin;D:\DelPart\delivery_partner_frontend\node_modules\.bin;D:\DelPart\node_modules\.bin;D:\node_modules\.bin;C:\Program Files\nodejs\node_modules\npm\node_modules\@npmcli\run-script\lib\node-gyp-bin;%PATH%;C:\Users\Sudharani-ITS130\AppData\Local\Android\Sdk\platform-tools;C:\Users\Sudharani-ITS130\AppData\Local\Android\Sdk\emulator;C:\Users\Sudharani-ITS130\AppData\Local\Android\Sdk\platform-tools;C:\Users\Sudharani-ITS130\AppData\Local\Android\Sdk\emulator;;C:\WINDOWS\system32;C:\WINDOWS;C:\WINDOWS\System32\Wbem;C:\WINDOWS\System32\WindowsPowerShell\v1.0\;C:\WINDOWS\System32\OpenSSH\;C:\Program Files\Microsoft\jdk-17.0.18.8-hotspot\bin;C:\Python314\Scripts\;C:\Python314\;C:\Windows\system32;C:\Windows;C:\Windows\System32\Wbem;C:\Windows\System32\WindowsPowerShell\v1.0\;C:\Windows\System32\OpenSSH\;C:\Program Files\nodejs\;C:\ProgramData\chocolatey\bin;C:\Program Files\Git\cmd;C:\Users\Sudharani-ITS130\AppData\Local\Microsoft\WindowsApps;C:\Users\Sudharani-ITS130\AppData\Roaming\npm;C:\Users\Sudharani-ITS130\AppData\Local\Programs\Microsoft VS Code\bin;C:\Users\Sudharani-ITS130\AppData\Local\Microsoft\WindowsApps
USERNAME=Sudharani-ITS130
LANG=en_US.UTF-8
OS=Windows_NT
PROCESSOR_IDENTIFIER=Intel64 Family 6 Model 140 Stepping 1, GenuineIntel
TMP=C:\Users\SUDHAR~1\AppData\Local\Temp
TEMP=C:\Users\SUDHAR~1\AppData\Local\Temp



Periodic native trim disabled


---------------  S Y S T E M  ---------------

OS:
 Windows 11 , 64 bit Build 26100 (10.0.26100.9168)
OS uptime: 0 days 0:53 hours

CPU: total 8 (initial active 8) (4 cores per cpu, 2 threads per core) family 6 model 140 stepping 1 microcode 0xbe, cx8, cmov, fxsr, ht, mmx, 3dnowpref, sse, sse2, sse3, ssse3, sse4.1, sse4.2, popcnt, lzcnt, tsc, tscinvbit, avx, avx2, aes, erms, clmul, bmi1, bmi2, adx, avx512f, avx512dq, avx512cd, avx512bw, avx512vl, sha, fma, vzeroupper, avx512_vpopcntdq, avx512_vpclmulqdq, avx512_vaes, avx512_vnni, clflush, clflushopt, clwb, avx512_vbmi2, avx512_vbmi
Processor Information for the first 8 processors :
  Max Mhz: 1382, Current Mhz: 1382, Mhz Limit: 1382

Memory: 4k page, system-wide physical 15781M (456M free)
TotalPageFile size 40646M (AvailPageFile size 20M)
current process WorkingSet (physical memory assigned to process): 818M, peak: 1005M
current process commit charge ("private bytes"): 1107M, peak: 1109M

vm_info: OpenJDK 64-Bit Server VM (17.0.18+8-LTS) for windows-amd64 JRE (17.0.18+8-LTS), built on Jan 15 2026 18:50:45 by "MicrosoftCorporation" with MS VC++ 17.14 (VS2022)

END.
