#
# There is insufficient memory for the Java Runtime Environment to continue.
# Native memory allocation (malloc) failed to allocate 1083056 bytes. Error detail: Chunk::new
# Possible reasons:
#   The system is out of physical RAM or swap space
#   This process is running with CompressedOops enabled, and the Java Heap may be blocking the growth of the native heap
# Possible solutions:
#   Reduce memory load on the system
#   Increase physical memory or swap space
#   Check if swap backing store is full
#   Decrease Java heap size (-Xmx/-Xms)
#   Decrease number of Java threads
#   Decrease Java thread stack sizes (-Xss)
#   Set larger code cache with -XX:ReservedCodeCacheSize=
#   JVM is running with Unscaled Compressed Oops mode in which the Java heap is
#     placed in the first 4GB address space. The Java Heap base address is the
#     maximum limit for the native heap growth. Please use -XX:HeapBaseMinAddress
#     to set the Java Heap base and to place the Java Heap above 4GB virtual address.
# This output file may be truncated or incomplete.
#
#  Out of Memory Error (arena.cpp:191), pid=2904, tid=17192
#
# JRE version: OpenJDK Runtime Environment Microsoft-13106358 (17.0.18+8) (build 17.0.18+8-LTS)
# Java VM: OpenJDK 64-Bit Server VM Microsoft-13106358 (17.0.18+8-LTS, mixed mode, sharing, tiered, compressed oops, compressed class ptrs, g1 gc, windows-amd64)
# No core dump will be written. Minidumps are not enabled by default on client versions of Windows
#

---------------  S U M M A R Y ------------

Command Line: --add-opens=java.base/java.lang=ALL-UNNAMED --add-opens=java.base/java.lang.invoke=ALL-UNNAMED --add-opens=java.base/java.util=ALL-UNNAMED --add-opens=java.prefs/java.util.prefs=ALL-UNNAMED --add-exports=jdk.compiler/com.sun.tools.javac.api=ALL-UNNAMED --add-exports=jdk.compiler/com.sun.tools.javac.util=ALL-UNNAMED --add-opens=java.base/java.util=ALL-UNNAMED --add-opens=java.prefs/java.util.prefs=ALL-UNNAMED --add-opens=java.base/java.nio.charset=ALL-UNNAMED --add-opens=java.base/java.net=ALL-UNNAMED --add-opens=java.base/java.util.concurrent.atomic=ALL-UNNAMED --add-opens=java.xml/javax.xml.namespace=ALL-UNNAMED -XX:MaxMetaspaceSize=512m -Xmx2048m -Dfile.encoding=windows-1252 -Duser.country=US -Duser.language=en -Duser.variant -javaagent:C:\Users\Sudharani-ITS130\.gradle\wrapper\dists\gradle-8.13-bin\5xuhj0ry160q40clulazy9h7d\gradle-8.13\lib\agents\gradle-instrumentation-agent-8.13.jar org.gradle.launcher.daemon.bootstrap.GradleDaemon 8.13

Host: 11th Gen Intel(R) Core(TM) i5-1135G7 @ 2.40GHz, 8 cores, 15G,  Windows 11 , 64 bit Build 26100 (10.0.26100.9168)
Time: Mon Aug 24 11:31:34 2026 India Standard Time elapsed time: 140.475762 seconds (0d 0h 2m 20s)

---------------  T H R E A D  ---------------

Current thread (0x000001d2cd529950):  JavaThread "C2 CompilerThread0" daemon [_thread_in_native, id=17192, stack(0x00000006af100000,0x00000006af200000)]


Current CompileTask:
C2:140475 23080       4       org.gradle.internal.snapshot.impl.AbstractValueProcessor::processValue (402 bytes)

Stack: [0x00000006af100000,0x00000006af200000]
Native frames: (J=compiled Java code, j=interpreted, Vv=VM code, C=native code)
V  [jvm.dll+0x68c879]  (no source info available)
V  [jvm.dll+0x845979]  (no source info available)
V  [jvm.dll+0x8476e8]  (no source info available)
V  [jvm.dll+0x847d73]  (no source info available)
V  [jvm.dll+0x24cf6f]  (no source info available)
V  [jvm.dll+0xaecb6]  (no source info available)
V  [jvm.dll+0xaf35c]  (no source info available)
V  [jvm.dll+0x3716ff]  (no source info available)
V  [jvm.dll+0x33b985]  (no source info available)
V  [jvm.dll+0x33adea]  (no source info available)
V  [jvm.dll+0x21df29]  (no source info available)
V  [jvm.dll+0x21d36d]  (no source info available)
V  [jvm.dll+0x1a8ce6]  (no source info available)
V  [jvm.dll+0x22db1b]  (no source info available)
V  [jvm.dll+0x22bca6]  (no source info available)
V  [jvm.dll+0x7fbabb]  (no source info available)
V  [jvm.dll+0x7f5ebc]  (no source info available)
V  [jvm.dll+0x68de17]  (no source info available)
C  [ucrtbase.dll+0x2cd30]  (no source info available)
C  [KERNEL32.DLL+0x2ccb7]  (no source info available)
C  [ntdll.dll+0xaad6c]  (no source info available)


---------------  P R O C E S S  ---------------

Threads class SMR info:
_java_thread_list=0x000001d2fd5bc240, length=149, elements={
0x000001d2aefd6ca0, 0x000001d2cd50a040, 0x000001d2cd50ab10, 0x000001d2cd5212b0,
0x000001d2cd521b80, 0x000001d2cd522450, 0x000001d2cd524d30, 0x000001d2cd529950,
0x000001d2cd53d3c0, 0x000001d2cd54dcf0, 0x000001d2cd6482c0, 0x000001d2cd6d59d0,
0x000001d2ee2fa020, 0x000001d2ee6d8d30, 0x000001d2ee8d5620, 0x000001d2ee74fe30,
0x000001d2ee76a720, 0x000001d2ee7692e0, 0x000001d2ee7697f0, 0x000001d2ee768dd0,
0x000001d2ee76b650, 0x000001d2ee767ea0, 0x000001d2ee769d00, 0x000001d2ee76a210,
0x000001d2ee76b140, 0x000001d2ee7683b0, 0x000001d2ee7688c0, 0x000001d2f05b65e0,
0x000001d2f05b5bc0, 0x000001d2f05b56b0, 0x000001d2f05b7a20, 0x000001d2f05b7510,
0x000001d2f05b4780, 0x000001d2f05b6af0, 0x000001d2f05b7000, 0x000001d2f05b8440,
0x000001d2f05b8950, 0x000001d2f05b51a0, 0x000001d2f05b9880, 0x000001d2f05b9d90,
0x000001d2f05b8e60, 0x000001d2f05bbbf0, 0x000001d2f05b9370, 0x000001d2f05ba2a0,
0x000001d2f05bacc0, 0x000001d2f05bb1d0, 0x000001d2f05bb6e0, 0x000001d2f05bc100,
0x000001d2f1753330, 0x000001d2f1753d50, 0x000001d2f1753840, 0x000001d2f1754260,
0x000001d2f17519e0, 0x000001d2f1754770, 0x000001d2f1750fc0, 0x000001d2f1754c80,
0x000001d2f17514d0, 0x000001d2f17556a0, 0x000001d2f1751ef0, 0x000001d2f1752910,
0x000001d2f1752400, 0x000001d2f1755190, 0x000001d2f17560c0, 0x000001d2f17565d0,
0x000001d2f1756ae0, 0x000001d2f1756ff0, 0x000001d2f1758430, 0x000001d2f1757a10,
0x000001d2f1758940, 0x000001d2f1757f20, 0x000001d2f166d3d0, 0x000001d2f166bf90,
0x000001d2f166e810, 0x000001d2f166cec0, 0x000001d2f166e300, 0x000001d2f166c4a0,
0x000001d2f166c9b0, 0x000001d2f166d8e0, 0x000001d2f166ddf0, 0x000001d2f166b060,
0x000001d2f166fc50, 0x000001d2f1670670, 0x000001d2f16715a0, 0x000001d2f1671ab0,
0x000001d2f1670160, 0x000001d2f1671fc0, 0x000001d2f166ed20, 0x000001d2f16724d0,
0x000001d2f1670b80, 0x000001d2f16729e0, 0x000001d2f166f230, 0x000001d2f166f740,
0x000001d2f1671090, 0x000001d2f1e58ff0, 0x000001d2f1e5bd80, 0x000001d2f1e5c7a0,
0x000001d2f1e5b360, 0x000001d2f1e5ccb0, 0x000001d2f1e59500, 0x000001d2f1e5b870,
0x000001d2f1e59f20, 0x000001d2f1e5d1c0, 0x000001d2f1e5c290, 0x000001d2f1e5d6d0,
0x000001d2f1e5dbe0, 0x000001d2f1e5a940, 0x000001d2f1e5a430, 0x000001d2f1e5e0f0,
0x000001d2f1e5e600, 0x000001d2f1e5ae50, 0x000001d2f1e5eb10, 0x000001d2f1e5f020,
0x000001d2f1e5f530, 0x000001d2f1e5fa40, 0x000001d2f1e60970, 0x000001d2f1e5ff50,
0x000001d2f1e60460, 0x000001d2f082e000, 0x000001d2f082f950, 0x000001d2f082fe60,
0x000001d2f082d5e0, 0x000001d2f082f440, 0x000001d2f082e510, 0x000001d2f082ea20,
0x000001d2f08312a0, 0x000001d2f082ef30, 0x000001d2f0830370, 0x000001d2f0830880,
0x000001d2f0830d90, 0x000001d2f082daf0, 0x000001d2f08321d0, 0x000001d2f0834a50,
0x000001d2f0833610, 0x000001d2f08326e0, 0x000001d2f0832bf0, 0x000001d2f0834540,
0x000001d2f0833100, 0x000001d2ee9cd600, 0x000001d2ee9cdb10, 0x000001d2ee9cea40,
0x000001d2ee9d08a0, 0x000001d2ee9cd0f0, 0x000001d2ee9d3120, 0x000001d2fd6731d0,
0x000001d2fd676470, 0x000001d2fd6778b0, 0x000001d2fd674100, 0x000001d2fd677dc0,
0x000001d2fa2b6390
}

Java Threads: ( => current thread )
  0x000001d2aefd6ca0 JavaThread "main" [_thread_blocked, id=14972, stack(0x00000006ae400000,0x00000006ae500000)]
  0x000001d2cd50a040 JavaThread "Reference Handler" daemon [_thread_blocked, id=12984, stack(0x00000006aeb00000,0x00000006aec00000)]
  0x000001d2cd50ab10 JavaThread "Finalizer" daemon [_thread_blocked, id=12900, stack(0x00000006aec00000,0x00000006aed00000)]
  0x000001d2cd5212b0 JavaThread "Signal Dispatcher" daemon [_thread_blocked, id=6512, stack(0x00000006aed00000,0x00000006aee00000)]
  0x000001d2cd521b80 JavaThread "Attach Listener" daemon [_thread_blocked, id=15992, stack(0x00000006aee00000,0x00000006aef00000)]
  0x000001d2cd522450 JavaThread "Service Thread" daemon [_thread_blocked, id=12892, stack(0x00000006aef00000,0x00000006af000000)]
  0x000001d2cd524d30 JavaThread "Monitor Deflation Thread" daemon [_thread_blocked, id=12820, stack(0x00000006af000000,0x00000006af100000)]
=>0x000001d2cd529950 JavaThread "C2 CompilerThread0" daemon [_thread_in_native, id=17192, stack(0x00000006af100000,0x00000006af200000)]
  0x000001d2cd53d3c0 JavaThread "C1 CompilerThread0" daemon [_thread_blocked, id=4884, stack(0x00000006af200000,0x00000006af300000)]
  0x000001d2cd54dcf0 JavaThread "Sweeper thread" daemon [_thread_blocked, id=12728, stack(0x00000006af300000,0x00000006af400000)]
  0x000001d2cd6482c0 JavaThread "Common-Cleaner" daemon [_thread_blocked, id=5800, stack(0x00000006af400000,0x00000006af500000)]
  0x000001d2cd6d59d0 JavaThread "Notification Thread" daemon [_thread_blocked, id=17068, stack(0x00000006af500000,0x00000006af600000)]
  0x000001d2ee2fa020 JavaThread "Daemon health stats" [_thread_blocked, id=9836, stack(0x00000006afc00000,0x00000006afd00000)]
  0x000001d2ee6d8d30 JavaThread "Incoming local TCP Connector on port 51598" [_thread_in_native, id=4564, stack(0x00000006afd00000,0x00000006afe00000)]
  0x000001d2ee8d5620 JavaThread "Daemon periodic checks" [_thread_blocked, id=17892, stack(0x00000006afe00000,0x00000006aff00000)]
  0x000001d2ee74fe30 JavaThread "Daemon" [_thread_blocked, id=17688, stack(0x00000006aff00000,0x00000006b0000000)]
  0x000001d2ee76a720 JavaThread "Handler for socket connection from /127.0.0.1:51598 to /127.0.0.1:51599" [_thread_in_native, id=18016, stack(0x00000006b0000000,0x00000006b0100000)]
  0x000001d2ee7692e0 JavaThread "Cancel handler" [_thread_blocked, id=3912, stack(0x00000006b0100000,0x00000006b0200000)]
  0x000001d2ee7697f0 JavaThread "Daemon worker" [_thread_blocked, id=5688, stack(0x00000006b0200000,0x00000006b0300000)]
  0x000001d2ee768dd0 JavaThread "Asynchronous log dispatcher for DefaultDaemonConnection: socket connection from /127.0.0.1:51598 to /127.0.0.1:51599" [_thread_blocked, id=21652, stack(0x00000006b0300000,0x00000006b0400000)]
  0x000001d2ee76b650 JavaThread "Stdin handler" [_thread_blocked, id=1724, stack(0x00000006b0400000,0x00000006b0500000)]
  0x000001d2ee767ea0 JavaThread "Daemon client event forwarder" [_thread_blocked, id=6364, stack(0x00000006b0500000,0x00000006b0600000)]
  0x000001d2ee769d00 JavaThread "Cache worker for journal cache (C:\Users\Sudharani-ITS130\.gradle\caches\journal-1)" [_thread_blocked, id=7772, stack(0x00000006b0600000,0x00000006b0700000)]
  0x000001d2ee76a210 JavaThread "File lock request listener" [_thread_in_native, id=20176, stack(0x00000006b0700000,0x00000006b0800000)]
  0x000001d2ee76b140 JavaThread "Cache worker for file hash cache (C:\Users\Sudharani-ITS130\.gradle\caches\8.13\fileHashes)" [_thread_blocked, id=6024, stack(0x00000006b0800000,0x00000006b0900000)]
  0x000001d2ee7683b0 JavaThread "Cache worker for file hash cache (D:\DelPart\delivery_partner_frontend\android\.gradle\8.13\fileHashes)" [_thread_blocked, id=21508, stack(0x00000006b0900000,0x00000006b0a00000)]
  0x000001d2ee7688c0 JavaThread "Cache worker for Build Output Cleanup Cache (D:\DelPart\delivery_partner_frontend\android\.gradle\buildOutputCleanup)" [_thread_blocked, id=8804, stack(0x00000006b0a00000,0x00000006b0b00000)]
  0x000001d2f05b65e0 JavaThread "File watcher server" daemon [_thread_in_native, id=11116, stack(0x00000006b0f00000,0x00000006b1000000)]
  0x000001d2f05b5bc0 JavaThread "File watcher consumer" daemon [_thread_blocked, id=2876, stack(0x00000006b1000000,0x00000006b1100000)]
  0x000001d2f05b56b0 JavaThread "jar transforms" [_thread_blocked, id=16824, stack(0x00000006b1100000,0x00000006b1200000)]
  0x000001d2f05b7a20 JavaThread "Cache worker for checksums cache (D:\DelPart\delivery_partner_frontend\android\.gradle\8.13\checksums)" [_thread_blocked, id=5324, stack(0x00000006b1200000,0x00000006b1300000)]
  0x000001d2f05b7510 JavaThread "Cache worker for file content cache (C:\Users\Sudharani-ITS130\.gradle\caches\8.13\fileContent)" [_thread_blocked, id=8872, stack(0x00000006b1300000,0x00000006b1400000)]
  0x000001d2f05b4780 JavaThread "Cache worker for cache directory md-supplier (C:\Users\Sudharani-ITS130\.gradle\caches\8.13\md-supplier)" [_thread_blocked, id=7188, stack(0x00000006b1400000,0x00000006b1500000)]
  0x000001d2f05b6af0 JavaThread "Cache worker for cache directory md-rule (C:\Users\Sudharani-ITS130\.gradle\caches\8.13\md-rule)" [_thread_blocked, id=11600, stack(0x00000006b1500000,0x00000006b1600000)]
  0x000001d2f05b7000 JavaThread "Cache worker for Build Output Cleanup Cache (D:\DelPart\delivery_partner_frontend\node_modules\@react-native\gradle-plugin\.gradle\buildOutputCleanup)" [_thread_blocked, id=17200, stack(0x00000006b1600000,0x00000006b1700000)]
  0x000001d2f05b8440 JavaThread "Unconstrained build operations" [_thread_blocked, id=9640, stack(0x00000006b1700000,0x00000006b1800000)]
  0x000001d2f05b8950 JavaThread "Unconstrained build operations Thread 2" [_thread_blocked, id=2020, stack(0x00000006b1800000,0x00000006b1900000)]
  0x000001d2f05b51a0 JavaThread "Unconstrained build operations Thread 3" [_thread_blocked, id=3252, stack(0x00000006b1900000,0x00000006b1a00000)]
  0x000001d2f05b9880 JavaThread "Unconstrained build operations Thread 4" [_thread_blocked, id=11092, stack(0x00000006b1a00000,0x00000006b1b00000)]
  0x000001d2f05b9d90 JavaThread "Unconstrained build operations Thread 5" [_thread_blocked, id=9636, stack(0x00000006b1b00000,0x00000006b1c00000)]
  0x000001d2f05b8e60 JavaThread "Unconstrained build operations Thread 6" [_thread_blocked, id=10064, stack(0x00000006b1c00000,0x00000006b1d00000)]
  0x000001d2f05bbbf0 JavaThread "Unconstrained build operations Thread 7" [_thread_blocked, id=3036, stack(0x00000006b1d00000,0x00000006b1e00000)]
  0x000001d2f05b9370 JavaThread "Unconstrained build operations Thread 8" [_thread_blocked, id=7668, stack(0x00000006b1e00000,0x00000006b1f00000)]
  0x000001d2f05ba2a0 JavaThread "Unconstrained build operations Thread 9" [_thread_blocked, id=16804, stack(0x00000006b1f00000,0x00000006b2000000)]
  0x000001d2f05bacc0 JavaThread "Unconstrained build operations Thread 10" [_thread_blocked, id=12896, stack(0x00000006b2000000,0x00000006b2100000)]
  0x000001d2f05bb1d0 JavaThread "Unconstrained build operations Thread 11" [_thread_blocked, id=4012, stack(0x00000006b2100000,0x00000006b2200000)]
  0x000001d2f05bb6e0 JavaThread "Unconstrained build operations Thread 12" [_thread_blocked, id=7748, stack(0x00000006b2200000,0x00000006b2300000)]
  0x000001d2f05bc100 JavaThread "Unconstrained build operations Thread 13" [_thread_blocked, id=3504, stack(0x00000006b2300000,0x00000006b2400000)]
  0x000001d2f1753330 JavaThread "Unconstrained build operations Thread 14" [_thread_blocked, id=8924, stack(0x00000006b2400000,0x00000006b2500000)]
  0x000001d2f1753d50 JavaThread "Unconstrained build operations Thread 15" [_thread_blocked, id=17356, stack(0x00000006b2500000,0x00000006b2600000)]
  0x000001d2f1753840 JavaThread "Unconstrained build operations Thread 16" [_thread_blocked, id=14980, stack(0x00000006b2600000,0x00000006b2700000)]
  0x000001d2f1754260 JavaThread "Unconstrained build operations Thread 17" [_thread_blocked, id=19624, stack(0x00000006b2700000,0x00000006b2800000)]
  0x000001d2f17519e0 JavaThread "Unconstrained build operations Thread 18" [_thread_blocked, id=19620, stack(0x00000006b2800000,0x00000006b2900000)]
  0x000001d2f1754770 JavaThread "Unconstrained build operations Thread 19" [_thread_blocked, id=19616, stack(0x00000006b2900000,0x00000006b2a00000)]
  0x000001d2f1750fc0 JavaThread "Unconstrained build operations Thread 20" [_thread_blocked, id=21480, stack(0x00000006b2a00000,0x00000006b2b00000)]
  0x000001d2f1754c80 JavaThread "Unconstrained build operations Thread 21" [_thread_blocked, id=2316, stack(0x00000006b2b00000,0x00000006b2c00000)]
  0x000001d2f17514d0 JavaThread "Unconstrained build operations Thread 22" [_thread_blocked, id=13356, stack(0x00000006b2c00000,0x00000006b2d00000)]
  0x000001d2f17556a0 JavaThread "Unconstrained build operations Thread 23" [_thread_blocked, id=15732, stack(0x00000006b2d00000,0x00000006b2e00000)]
  0x000001d2f1751ef0 JavaThread "Unconstrained build operations Thread 24" [_thread_blocked, id=19800, stack(0x00000006b2e00000,0x00000006b2f00000)]
  0x000001d2f1752910 JavaThread "Unconstrained build operations Thread 25" [_thread_blocked, id=22532, stack(0x00000006b2f00000,0x00000006b3000000)]
  0x000001d2f1752400 JavaThread "Unconstrained build operations Thread 26" [_thread_blocked, id=22536, stack(0x00000006b3000000,0x00000006b3100000)]
  0x000001d2f1755190 JavaThread "Unconstrained build operations Thread 27" [_thread_blocked, id=22540, stack(0x00000006b3100000,0x00000006b3200000)]
  0x000001d2f17560c0 JavaThread "build event listener" [_thread_blocked, id=22716, stack(0x00000006b3200000,0x00000006b3300000)]
  0x000001d2f17565d0 JavaThread "Memory manager" [_thread_blocked, id=22740, stack(0x00000006b3300000,0x00000006b3400000)]
  0x000001d2f1756ae0 JavaThread "ForkJoinPool.commonPool-worker-1" daemon [_thread_blocked, id=22988, stack(0x00000006b3400000,0x00000006b3500000)]
  0x000001d2f1756ff0 JavaThread "ForkJoinPool.commonPool-worker-2" daemon [_thread_blocked, id=22992, stack(0x00000006b3500000,0x00000006b3600000)]
  0x000001d2f1758430 JavaThread "ForkJoinPool.commonPool-worker-3" daemon [_thread_blocked, id=22996, stack(0x00000006b3600000,0x00000006b3700000)]
  0x000001d2f1757a10 JavaThread "ForkJoinPool.commonPool-worker-4" daemon [_thread_blocked, id=23000, stack(0x00000006b3700000,0x00000006b3800000)]
  0x000001d2f1758940 JavaThread "ForkJoinPool.commonPool-worker-5" daemon [_thread_blocked, id=23004, stack(0x00000006b3800000,0x00000006b3900000)]
  0x000001d2f1757f20 JavaThread "ForkJoinPool.commonPool-worker-7" daemon [_thread_blocked, id=23012, stack(0x00000006b3a00000,0x00000006b3b00000)]
  0x000001d2f166d3d0 JavaThread "Execution worker" [_thread_blocked, id=23024, stack(0x00000006b3c00000,0x00000006b3d00000)]
  0x000001d2f166bf90 JavaThread "Execution worker Thread 2" [_thread_blocked, id=23028, stack(0x00000006b3d00000,0x00000006b3e00000)]
  0x000001d2f166e810 JavaThread "Execution worker Thread 3" [_thread_blocked, id=23032, stack(0x00000006b3e00000,0x00000006b3f00000)]
  0x000001d2f166cec0 JavaThread "Execution worker Thread 4" [_thread_blocked, id=23036, stack(0x00000006b3f00000,0x00000006b4000000)]
  0x000001d2f166e300 JavaThread "Execution worker Thread 5" [_thread_in_native, id=23040, stack(0x00000006b4000000,0x00000006b4100000)]
  0x000001d2f166c4a0 JavaThread "Execution worker Thread 6" [_thread_blocked, id=23044, stack(0x00000006b4100000,0x00000006b4200000)]
  0x000001d2f166c9b0 JavaThread "Execution worker Thread 7" [_thread_blocked, id=23048, stack(0x00000006b4200000,0x00000006b4300000)]
  0x000001d2f166d8e0 JavaThread "Cache worker for execution history cache (D:\DelPart\delivery_partner_frontend\node_modules\@react-native\gradle-plugin\.gradle\8.13\executionHistory)" [_thread_blocked, id=23052, stack(0x00000006b4300000,0x00000006b4400000)]
  0x000001d2f166ddf0 JavaThread "Unconstrained build operations Thread 28" [_thread_blocked, id=23196, stack(0x00000006b4400000,0x00000006b4500000)]
  0x000001d2f166b060 JavaThread "Unconstrained build operations Thread 29" [_thread_blocked, id=23200, stack(0x00000006b4500000,0x00000006b4600000)]
  0x000001d2f166fc50 JavaThread "Unconstrained build operations Thread 30" [_thread_blocked, id=23204, stack(0x00000006b4600000,0x00000006b4700000)]
  0x000001d2f1670670 JavaThread "Unconstrained build operations Thread 31" [_thread_blocked, id=23208, stack(0x00000006b4700000,0x00000006b4800000)]
  0x000001d2f16715a0 JavaThread "Unconstrained build operations Thread 32" [_thread_blocked, id=23212, stack(0x00000006b4800000,0x00000006b4900000)]
  0x000001d2f1671ab0 JavaThread "Unconstrained build operations Thread 33" [_thread_blocked, id=23216, stack(0x00000006b4900000,0x00000006b4a00000)]
  0x000001d2f1670160 JavaThread "Unconstrained build operations Thread 34" [_thread_blocked, id=23220, stack(0x00000006b4a00000,0x00000006b4b00000)]
  0x000001d2f1671fc0 JavaThread "Unconstrained build operations Thread 35" [_thread_blocked, id=23224, stack(0x00000006b4b00000,0x00000006b4c00000)]
  0x000001d2f166ed20 JavaThread "Unconstrained build operations Thread 36" [_thread_blocked, id=23228, stack(0x00000006b4c00000,0x00000006b4d00000)]
  0x000001d2f16724d0 JavaThread "Unconstrained build operations Thread 37" [_thread_blocked, id=23232, stack(0x00000006b4d00000,0x00000006b4e00000)]
  0x000001d2f1670b80 JavaThread "Unconstrained build operations Thread 38" [_thread_blocked, id=23236, stack(0x00000006b4e00000,0x00000006b4f00000)]
  0x000001d2f16729e0 JavaThread "Unconstrained build operations Thread 39" [_thread_blocked, id=23240, stack(0x00000006b4f00000,0x00000006b5000000)]
  0x000001d2f166f230 JavaThread "Unconstrained build operations Thread 40" [_thread_blocked, id=23244, stack(0x00000006b5000000,0x00000006b5100000)]
  0x000001d2f166f740 JavaThread "Unconstrained build operations Thread 41" [_thread_blocked, id=23248, stack(0x00000006b5100000,0x00000006b5200000)]
  0x000001d2f1671090 JavaThread "Unconstrained build operations Thread 42" [_thread_blocked, id=23252, stack(0x00000006b5200000,0x00000006b5300000)]
  0x000001d2f1e58ff0 JavaThread "Unconstrained build operations Thread 43" [_thread_blocked, id=23256, stack(0x00000006b5300000,0x00000006b5400000)]
  0x000001d2f1e5bd80 JavaThread "Unconstrained build operations Thread 44" [_thread_blocked, id=23260, stack(0x00000006b5400000,0x00000006b5500000)]
  0x000001d2f1e5c7a0 JavaThread "Unconstrained build operations Thread 45" [_thread_blocked, id=23264, stack(0x00000006b5500000,0x00000006b5600000)]
  0x000001d2f1e5b360 JavaThread "Unconstrained build operations Thread 46" [_thread_blocked, id=23268, stack(0x00000006b5600000,0x00000006b5700000)]
  0x000001d2f1e5ccb0 JavaThread "Unconstrained build operations Thread 47" [_thread_blocked, id=23272, stack(0x00000006b5700000,0x00000006b5800000)]
  0x000001d2f1e59500 JavaThread "Unconstrained build operations Thread 48" [_thread_blocked, id=23276, stack(0x00000006b5800000,0x00000006b5900000)]
  0x000001d2f1e5b870 JavaThread "Unconstrained build operations Thread 49" [_thread_blocked, id=23280, stack(0x00000006b5900000,0x00000006b5a00000)]
  0x000001d2f1e59f20 JavaThread "Unconstrained build operations Thread 50" [_thread_blocked, id=23284, stack(0x00000006b5a00000,0x00000006b5b00000)]
  0x000001d2f1e5d1c0 JavaThread "Unconstrained build operations Thread 51" [_thread_blocked, id=23288, stack(0x00000006b5b00000,0x00000006b5c00000)]
  0x000001d2f1e5c290 JavaThread "Unconstrained build operations Thread 52" [_thread_blocked, id=23292, stack(0x00000006b5c00000,0x00000006b5d00000)]
  0x000001d2f1e5d6d0 JavaThread "Unconstrained build operations Thread 53" [_thread_blocked, id=23296, stack(0x00000006b5d00000,0x00000006b5e00000)]
  0x000001d2f1e5dbe0 JavaThread "Unconstrained build operations Thread 54" [_thread_blocked, id=23300, stack(0x00000006b5e00000,0x00000006b5f00000)]
  0x000001d2f1e5a940 JavaThread "Unconstrained build operations Thread 55" [_thread_blocked, id=23304, stack(0x00000006b5f00000,0x00000006b6000000)]
  0x000001d2f1e5a430 JavaThread "Unconstrained build operations Thread 56" [_thread_blocked, id=23308, stack(0x00000006b6000000,0x00000006b6100000)]
  0x000001d2f1e5e0f0 JavaThread "Unconstrained build operations Thread 57" [_thread_blocked, id=23312, stack(0x00000006b6100000,0x00000006b6200000)]
  0x000001d2f1e5e600 JavaThread "Unconstrained build operations Thread 58" [_thread_blocked, id=23316, stack(0x00000006b6200000,0x00000006b6300000)]
  0x000001d2f1e5ae50 JavaThread "Unconstrained build operations Thread 59" [_thread_blocked, id=23320, stack(0x00000006b6300000,0x00000006b6400000)]
  0x000001d2f1e5eb10 JavaThread "Unconstrained build operations Thread 60" [_thread_blocked, id=23324, stack(0x00000006b6400000,0x00000006b6500000)]
  0x000001d2f1e5f020 JavaThread "Unconstrained build operations Thread 61" [_thread_blocked, id=23328, stack(0x00000006b6500000,0x00000006b6600000)]
  0x000001d2f1e5f530 JavaThread "Unconstrained build operations Thread 62" [_thread_blocked, id=23332, stack(0x00000006b6600000,0x00000006b6700000)]
  0x000001d2f1e5fa40 JavaThread "Unconstrained build operations Thread 63" [_thread_blocked, id=23336, stack(0x00000006b6700000,0x00000006b6800000)]
  0x000001d2f1e60970 JavaThread "Unconstrained build operations Thread 64" [_thread_blocked, id=23340, stack(0x00000006b6800000,0x00000006b6900000)]
  0x000001d2f1e5ff50 JavaThread "Unconstrained build operations Thread 65" [_thread_blocked, id=23344, stack(0x00000006b6900000,0x00000006b6a00000)]
  0x000001d2f1e60460 JavaThread "Unconstrained build operations Thread 66" [_thread_blocked, id=23348, stack(0x00000006b6a00000,0x00000006b6b00000)]
  0x000001d2f082e000 JavaThread "Unconstrained build operations Thread 67" [_thread_blocked, id=23352, stack(0x00000006b6b00000,0x00000006b6c00000)]
  0x000001d2f082f950 JavaThread "Unconstrained build operations Thread 68" [_thread_blocked, id=23356, stack(0x00000006b6c00000,0x00000006b6d00000)]
  0x000001d2f082fe60 JavaThread "Unconstrained build operations Thread 69" [_thread_blocked, id=23360, stack(0x00000006b6d00000,0x00000006b6e00000)]
  0x000001d2f082d5e0 JavaThread "Unconstrained build operations Thread 70" [_thread_blocked, id=23364, stack(0x00000006b6e00000,0x00000006b6f00000)]
  0x000001d2f082f440 JavaThread "Unconstrained build operations Thread 71" [_thread_blocked, id=23368, stack(0x00000006b6f00000,0x00000006b7000000)]
  0x000001d2f082e510 JavaThread "Unconstrained build operations Thread 72" [_thread_blocked, id=23372, stack(0x00000006b7000000,0x00000006b7100000)]
  0x000001d2f082ea20 JavaThread "Unconstrained build operations Thread 73" [_thread_blocked, id=23376, stack(0x00000006b7100000,0x00000006b7200000)]
  0x000001d2f08312a0 JavaThread "Unconstrained build operations Thread 74" [_thread_blocked, id=23380, stack(0x00000006b7200000,0x00000006b7300000)]
  0x000001d2f082ef30 JavaThread "Unconstrained build operations Thread 75" [_thread_blocked, id=23384, stack(0x00000006b7300000,0x00000006b7400000)]
  0x000001d2f0830370 JavaThread "Unconstrained build operations Thread 76" [_thread_blocked, id=23388, stack(0x00000006b7400000,0x00000006b7500000)]
  0x000001d2f0830880 JavaThread "Unconstrained build operations Thread 77" [_thread_blocked, id=23392, stack(0x00000006b7500000,0x00000006b7600000)]
  0x000001d2f0830d90 JavaThread "jar transforms Thread 2" [_thread_blocked, id=23416, stack(0x00000006b7600000,0x00000006b7700000)]
  0x000001d2f082daf0 JavaThread "jar transforms Thread 3" [_thread_blocked, id=23468, stack(0x00000006b7700000,0x00000006b7800000)]
  0x000001d2f08321d0 JavaThread "Unconstrained build operations Thread 78" [_thread_blocked, id=23484, stack(0x00000006b7800000,0x00000006b7900000)]
  0x000001d2f0834a50 JavaThread "Unconstrained build operations Thread 79" [_thread_blocked, id=23488, stack(0x00000006b7900000,0x00000006b7a00000)]
  0x000001d2f0833610 JavaThread "Unconstrained build operations Thread 80" [_thread_blocked, id=23492, stack(0x00000006b7a00000,0x00000006b7b00000)]
  0x000001d2f08326e0 JavaThread "jar transforms Thread 4" [_thread_blocked, id=23512, stack(0x00000006b7b00000,0x00000006b7c00000)]
  0x000001d2f0832bf0 JavaThread "jar transforms Thread 5" [_thread_blocked, id=20832, stack(0x00000006b7c00000,0x00000006b7d00000)]
  0x000001d2f0834540 JavaThread "jar transforms Thread 6" [_thread_blocked, id=14032, stack(0x00000006b7d00000,0x00000006b7e00000)]
  0x000001d2f0833100 JavaThread "build event listener" [_thread_blocked, id=17792, stack(0x00000006b8000000,0x00000006b8100000)]
  0x000001d2ee9cd600 JavaThread "jar transforms Thread 7" [_thread_blocked, id=17760, stack(0x00000006b7f00000,0x00000006b8000000)]
  0x000001d2ee9cdb10 JavaThread "jar transforms Thread 8" [_thread_blocked, id=17748, stack(0x00000006b8100000,0x00000006b8200000)]
  0x000001d2ee9cea40 JavaThread "Problems report writer" [_thread_blocked, id=19592, stack(0x00000006b8200000,0x00000006b8300000)]
  0x000001d2ee9d08a0 JavaThread "Exec process" [_thread_blocked, id=23764, stack(0x00000006b7e00000,0x00000006b7f00000)]
  0x000001d2ee9cd0f0 JavaThread "Exec process Thread 2" [_thread_blocked, id=23776, stack(0x00000006b8500000,0x00000006b8600000)]
  0x000001d2ee9d3120 JavaThread "Exec process Thread 3" [_thread_blocked, id=23780, stack(0x00000006b8600000,0x00000006b8700000)]
  0x000001d2fd6731d0 JavaThread "included builds Thread 2" [_thread_in_native, id=6204, stack(0x00000006ae100000,0x00000006ae200000)]
  0x000001d2fd676470 JavaThread "Cache worker for execution history cache (D:\DelPart\delivery_partner_frontend\android\.gradle\8.13\executionHistory)" [_thread_blocked, id=17704, stack(0x00000006ae200000,0x00000006ae300000)]
  0x000001d2fd6778b0 JavaThread "WorkerExecutor Queue" [_thread_blocked, id=16476, stack(0x00000006ae300000,0x00000006ae400000)]
  0x000001d2fd674100 JavaThread "WorkerExecutor Queue Thread 2" [_thread_blocked, id=24360, stack(0x00000006b3900000,0x00000006b3a00000)]
  0x000001d2fd677dc0 JavaThread "WorkerExecutor Queue Thread 3" [_thread_blocked, id=25484, stack(0x00000006b3b00000,0x00000006b3c00000)]
  0x000001d2fa2b6390 JavaThread "C2 CompilerThread1" daemon [_thread_blocked, id=1196, stack(0x00000006b8300000,0x00000006b8400000)]

Other Threads:
  0x000001d2cd502040 VMThread "VM Thread" [stack: 0x00000006aea00000,0x00000006aeb00000] [id=9344]
  0x000001d2aefd77d0 WatcherThread [stack: 0x00000006af600000,0x00000006af700000] [id=1780]
  0x000001d2af031c70 GCTaskThread "GC Thread#0" [stack: 0x00000006ae500000,0x00000006ae600000] [id=16864]
  0x000001d2ed142140 GCTaskThread "GC Thread#1" [stack: 0x00000006af700000,0x00000006af800000] [id=12912]
  0x000001d2cd8db460 GCTaskThread "GC Thread#2" [stack: 0x00000006af800000,0x00000006af900000] [id=16816]
  0x000001d2cd8db730 GCTaskThread "GC Thread#3" [stack: 0x00000006af900000,0x00000006afa00000] [id=7372]
  0x000001d2ed0e92a0 GCTaskThread "GC Thread#4" [stack: 0x00000006afa00000,0x00000006afb00000] [id=16908]
  0x000001d2f006f2e0 GCTaskThread "GC Thread#5" [stack: 0x00000006b0b00000,0x00000006b0c00000] [id=3792]
  0x000001d2f006ed40 GCTaskThread "GC Thread#6" [stack: 0x00000006b0c00000,0x00000006b0d00000] [id=4420]
  0x000001d2f006f5b0 GCTaskThread "GC Thread#7" [stack: 0x00000006b0d00000,0x00000006b0e00000] [id=21004]
  0x000001d2af042e80 ConcurrentGCThread "G1 Main Marker" [stack: 0x00000006ae600000,0x00000006ae700000] [id=2024]
  0x000001d2af044a60 ConcurrentGCThread "G1 Conc#0" [stack: 0x00000006ae700000,0x00000006ae800000] [id=7872]
  0x000001d2f006f010 ConcurrentGCThread "G1 Conc#1" [stack: 0x00000006b0e00000,0x00000006b0f00000] [id=21024]
  0x000001d2ccc48440 ConcurrentGCThread "G1 Refine#0" [stack: 0x00000006ae800000,0x00000006ae900000] [id=11456]
  0x000001d2ed941440 ConcurrentGCThread "G1 Refine#1" [stack: 0x00000006afb00000,0x00000006afc00000] [id=15428]
  0x000001d2ccc48b30 ConcurrentGCThread "G1 Service" [stack: 0x00000006ae900000,0x00000006aea00000] [id=2204]

Threads with active compile tasks:
C2 CompilerThread0  140761 23080       4       org.gradle.internal.snapshot.impl.AbstractValueProcessor::processValue (402 bytes)

VM state: not at safepoint (normal execution)

VM Mutex/Monitor currently owned by a thread: None

OutOfMemory and StackOverflow Exception counts:
OutOfMemoryError java_heap_errors=1
LinkageErrors=185

Heap address: 0x0000000080000000, size: 2048 MB, Compressed Oops mode: 32-bit

CDS archive(s) mapped at: [0x000001d2ce000000-0x000001d2cebb0000-0x000001d2cebb0000), size 12255232, SharedBaseAddress: 0x000001d2ce000000, ArchiveRelocationMode: 1.
Compressed class space mapped at: 0x000001d2cf000000-0x000001d2e9000000, reserved size: 436207616
Narrow klass base: 0x000001d2ce000000, Narrow klass shift: 0, Narrow klass range: 0x100000000

GC Precious Log:
 CPUs: 8 total, 8 available
 Memory: 15781M
 Large Page Support: Disabled
 NUMA Support: Disabled
 Compressed Oops: Enabled (32-bit)
 Heap Region Size: 1M
 Heap Min Capacity: 8M
 Heap Initial Capacity: 248M
 Heap Max Capacity: 2G
 Pre-touch: Disabled
 Parallel Workers: 8
 Concurrent Workers: 2
 Concurrent Refinement Workers: 8
 Periodic GC: Disabled

Heap:
 garbage-first heap   total 586752K, used 507229K [0x0000000080000000, 0x0000000100000000)
  region size 1024K, 36 young (36864K), 3 survivors (3072K)
 Metaspace       used 126725K, committed 129344K, reserved 557056K
  class space    used 17574K, committed 18752K, reserved 425984K

Heap Regions: E=young(eden), S=young(survivor), O=old, HS=humongous(starts), HC=humongous(continues), CS=collection set, F=free, OA=open archive, CA=closed archive, TAMS=top-at-mark-start (previous, next)
|   0|0x0000000080000000, 0x0000000080100000, 0x0000000080100000|100%|HS|  |TAMS 0x0000000080100000, 0x0000000080000000| Complete 
|   1|0x0000000080100000, 0x0000000080200000, 0x0000000080200000|100%|HC|  |TAMS 0x0000000080200000, 0x0000000080100000| Complete 
|   2|0x0000000080200000, 0x0000000080300000, 0x0000000080300000|100%|HC|  |TAMS 0x0000000080300000, 0x0000000080200000| Complete 
|   3|0x0000000080300000, 0x0000000080400000, 0x0000000080400000|100%| O|  |TAMS 0x0000000080400000, 0x0000000080300000| Untracked 
|   4|0x0000000080400000, 0x0000000080500000, 0x0000000080500000|100%| O|  |TAMS 0x0000000080500000, 0x0000000080400000| Untracked 
|   5|0x0000000080500000, 0x0000000080600000, 0x0000000080600000|100%| O|  |TAMS 0x0000000080600000, 0x0000000080500000| Untracked 
|   6|0x0000000080600000, 0x0000000080700000, 0x0000000080700000|100%|HS|  |TAMS 0x0000000080700000, 0x0000000080600000| Complete 
|   7|0x0000000080700000, 0x0000000080800000, 0x0000000080800000|100%| O|  |TAMS 0x0000000080800000, 0x0000000080700000| Untracked 
|   8|0x0000000080800000, 0x0000000080900000, 0x0000000080900000|100%| O|  |TAMS 0x0000000080900000, 0x0000000080800000| Untracked 
|   9|0x0000000080900000, 0x0000000080a00000, 0x0000000080a00000|100%| O|  |TAMS 0x0000000080a00000, 0x0000000080900000| Untracked 
|  10|0x0000000080a00000, 0x0000000080b00000, 0x0000000080b00000|100%| O|  |TAMS 0x0000000080b00000, 0x0000000080a00000| Untracked 
|  11|0x0000000080b00000, 0x0000000080c00000, 0x0000000080c00000|100%| O|  |TAMS 0x0000000080c00000, 0x0000000080b00000| Untracked 
|  12|0x0000000080c00000, 0x0000000080cd9a00, 0x0000000080d00000| 85%| O|  |TAMS 0x0000000080cd9a00, 0x0000000080c00000| Untracked 
|  13|0x0000000080d00000, 0x0000000080e00000, 0x0000000080e00000|100%| O|  |TAMS 0x0000000080e00000, 0x0000000080d00000| Untracked 
|  14|0x0000000080e00000, 0x0000000080f00000, 0x0000000080f00000|100%| O|  |TAMS 0x0000000080f00000, 0x0000000080e00000| Untracked 
|  15|0x0000000080f00000, 0x0000000081000000, 0x0000000081000000|100%| O|  |TAMS 0x0000000081000000, 0x0000000080f00000| Untracked 
|  16|0x0000000081000000, 0x0000000081100000, 0x0000000081100000|100%| O|  |TAMS 0x0000000081100000, 0x0000000081000000| Untracked 
|  17|0x0000000081100000, 0x0000000081200000, 0x0000000081200000|100%| O|  |TAMS 0x0000000081200000, 0x0000000081100000| Untracked 
|  18|0x0000000081200000, 0x0000000081300000, 0x0000000081300000|100%| O|  |TAMS 0x0000000081300000, 0x0000000081200000| Untracked 
|  19|0x0000000081300000, 0x0000000081400000, 0x0000000081400000|100%| O|  |TAMS 0x0000000081400000, 0x0000000081300000| Untracked 
|  20|0x0000000081400000, 0x0000000081500000, 0x0000000081500000|100%| O|  |TAMS 0x0000000081500000, 0x0000000081400000| Untracked 
|  21|0x0000000081500000, 0x0000000081600000, 0x0000000081600000|100%| O|  |TAMS 0x0000000081600000, 0x0000000081500000| Untracked 
|  22|0x0000000081600000, 0x0000000081700000, 0x0000000081700000|100%| O|  |TAMS 0x0000000081700000, 0x0000000081600000| Untracked 
|  23|0x0000000081700000, 0x0000000081800000, 0x0000000081800000|100%| O|  |TAMS 0x0000000081800000, 0x0000000081700000| Untracked 
|  24|0x0000000081800000, 0x0000000081900000, 0x0000000081900000|100%| O|  |TAMS 0x0000000081900000, 0x0000000081800000| Untracked 
|  25|0x0000000081900000, 0x0000000081a00000, 0x0000000081a00000|100%| O|  |TAMS 0x0000000081a00000, 0x0000000081900000| Untracked 
|  26|0x0000000081a00000, 0x0000000081b00000, 0x0000000081b00000|100%| O|  |TAMS 0x0000000081b00000, 0x0000000081a00000| Untracked 
|  27|0x0000000081b00000, 0x0000000081c00000, 0x0000000081c00000|100%| O|  |TAMS 0x0000000081c00000, 0x0000000081b00000| Untracked 
|  28|0x0000000081c00000, 0x0000000081d00000, 0x0000000081d00000|100%| O|  |TAMS 0x0000000081d00000, 0x0000000081c00000| Untracked 
|  29|0x0000000081d00000, 0x0000000081e00000, 0x0000000081e00000|100%| O|  |TAMS 0x0000000081e00000, 0x0000000081d00000| Untracked 
|  30|0x0000000081e00000, 0x0000000081f00000, 0x0000000081f00000|100%| O|  |TAMS 0x0000000081f00000, 0x0000000081e00000| Untracked 
|  31|0x0000000081f00000, 0x0000000082000000, 0x0000000082000000|100%| O|  |TAMS 0x0000000082000000, 0x0000000081f00000| Untracked 
|  32|0x0000000082000000, 0x0000000082100000, 0x0000000082100000|100%| O|  |TAMS 0x0000000082100000, 0x0000000082000000| Untracked 
|  33|0x0000000082100000, 0x0000000082200000, 0x0000000082200000|100%| O|  |TAMS 0x0000000082200000, 0x0000000082100000| Untracked 
|  34|0x0000000082200000, 0x0000000082300000, 0x0000000082300000|100%| O|  |TAMS 0x0000000082300000, 0x0000000082200000| Untracked 
|  35|0x0000000082300000, 0x0000000082400000, 0x0000000082400000|100%| O|  |TAMS 0x0000000082400000, 0x0000000082300000| Untracked 
|  36|0x0000000082400000, 0x0000000082500000, 0x0000000082500000|100%| O|  |TAMS 0x0000000082500000, 0x0000000082400000| Untracked 
|  37|0x0000000082500000, 0x0000000082600000, 0x0000000082600000|100%| O|  |TAMS 0x0000000082600000, 0x0000000082500000| Untracked 
|  38|0x0000000082600000, 0x0000000082700000, 0x0000000082700000|100%| O|  |TAMS 0x0000000082700000, 0x0000000082600000| Untracked 
|  39|0x0000000082700000, 0x0000000082800000, 0x0000000082800000|100%| O|  |TAMS 0x0000000082800000, 0x0000000082700000| Untracked 
|  40|0x0000000082800000, 0x0000000082900000, 0x0000000082900000|100%| O|  |TAMS 0x0000000082900000, 0x0000000082800000| Untracked 
|  41|0x0000000082900000, 0x0000000082a00000, 0x0000000082a00000|100%| O|  |TAMS 0x0000000082a00000, 0x0000000082900000| Untracked 
|  42|0x0000000082a00000, 0x0000000082b00000, 0x0000000082b00000|100%|HS|  |TAMS 0x0000000082b00000, 0x0000000082a00000| Complete 
|  43|0x0000000082b00000, 0x0000000082c00000, 0x0000000082c00000|100%|HC|  |TAMS 0x0000000082c00000, 0x0000000082b00000| Complete 
|  44|0x0000000082c00000, 0x0000000082d00000, 0x0000000082d00000|100%|HC|  |TAMS 0x0000000082d00000, 0x0000000082c00000| Complete 
|  45|0x0000000082d00000, 0x0000000082e00000, 0x0000000082e00000|100%|HS|  |TAMS 0x0000000082e00000, 0x0000000082d00000| Complete 
|  46|0x0000000082e00000, 0x0000000082f00000, 0x0000000082f00000|100%|HC|  |TAMS 0x0000000082f00000, 0x0000000082e00000| Complete 
|  47|0x0000000082f00000, 0x0000000083000000, 0x0000000083000000|100%|HC|  |TAMS 0x0000000083000000, 0x0000000082f00000| Complete 
|  48|0x0000000083000000, 0x0000000083100000, 0x0000000083100000|100%| O|  |TAMS 0x0000000083100000, 0x0000000083000000| Untracked 
|  49|0x0000000083100000, 0x0000000083200000, 0x0000000083200000|100%| O|  |TAMS 0x0000000083200000, 0x0000000083100000| Untracked 
|  50|0x0000000083200000, 0x0000000083300000, 0x0000000083300000|100%| O|  |TAMS 0x0000000083300000, 0x0000000083200000| Untracked 
|  51|0x0000000083300000, 0x0000000083400000, 0x0000000083400000|100%| O|  |TAMS 0x0000000083400000, 0x0000000083300000| Untracked 
|  52|0x0000000083400000, 0x0000000083500000, 0x0000000083500000|100%| O|  |TAMS 0x0000000083500000, 0x0000000083400000| Untracked 
|  53|0x0000000083500000, 0x0000000083600000, 0x0000000083600000|100%|HS|  |TAMS 0x0000000083500000, 0x0000000083500000| Complete 
|  54|0x0000000083600000, 0x0000000083700000, 0x0000000083700000|100%| O|  |TAMS 0x0000000083700000, 0x0000000083600000| Untracked 
|  55|0x0000000083700000, 0x0000000083800000, 0x0000000083800000|100%| O|  |TAMS 0x0000000083800000, 0x0000000083700000| Untracked 
|  56|0x0000000083800000, 0x0000000083900000, 0x0000000083900000|100%| O|  |TAMS 0x0000000083900000, 0x0000000083800000| Untracked 
|  57|0x0000000083900000, 0x0000000083a00000, 0x0000000083a00000|100%| O|  |TAMS 0x0000000083a00000, 0x0000000083900000| Untracked 
|  58|0x0000000083a00000, 0x0000000083b00000, 0x0000000083b00000|100%| O|  |TAMS 0x0000000083b00000, 0x0000000083a00000| Untracked 
|  59|0x0000000083b00000, 0x0000000083c00000, 0x0000000083c00000|100%| O|  |TAMS 0x0000000083c00000, 0x0000000083b00000| Untracked 
|  60|0x0000000083c00000, 0x0000000083d00000, 0x0000000083d00000|100%| O|  |TAMS 0x0000000083d00000, 0x0000000083c00000| Untracked 
|  61|0x0000000083d00000, 0x0000000083e00000, 0x0000000083e00000|100%| O|  |TAMS 0x0000000083e00000, 0x0000000083d00000| Untracked 
|  62|0x0000000083e00000, 0x0000000083f00000, 0x0000000083f00000|100%| O|  |TAMS 0x0000000083f00000, 0x0000000083e00000| Untracked 
|  63|0x0000000083f00000, 0x0000000084000000, 0x0000000084000000|100%|HS|  |TAMS 0x0000000083f00000, 0x0000000083f00000| Complete 
|  64|0x0000000084000000, 0x0000000084100000, 0x0000000084100000|100%| O|  |TAMS 0x0000000084100000, 0x0000000084000000| Untracked 
|  65|0x0000000084100000, 0x0000000084200000, 0x0000000084200000|100%| O|  |TAMS 0x0000000084200000, 0x0000000084100000| Untracked 
|  66|0x0000000084200000, 0x0000000084300000, 0x0000000084300000|100%| O|  |TAMS 0x0000000084300000, 0x0000000084200000| Untracked 
|  67|0x0000000084300000, 0x0000000084400000, 0x0000000084400000|100%| O|  |TAMS 0x0000000084400000, 0x0000000084300000| Untracked 
|  68|0x0000000084400000, 0x0000000084500000, 0x0000000084500000|100%| O|  |TAMS 0x0000000084500000, 0x0000000084400000| Untracked 
|  69|0x0000000084500000, 0x0000000084600000, 0x0000000084600000|100%| O|  |TAMS 0x0000000084600000, 0x0000000084500000| Untracked 
|  70|0x0000000084600000, 0x0000000084700000, 0x0000000084700000|100%| O|  |TAMS 0x0000000084700000, 0x0000000084600000| Untracked 
|  71|0x0000000084700000, 0x0000000084800000, 0x0000000084800000|100%| O|  |TAMS 0x0000000084800000, 0x0000000084700000| Untracked 
|  72|0x0000000084800000, 0x0000000084900000, 0x0000000084900000|100%| O|  |TAMS 0x0000000084900000, 0x0000000084800000| Untracked 
|  73|0x0000000084900000, 0x0000000084a00000, 0x0000000084a00000|100%| O|  |TAMS 0x0000000084a00000, 0x0000000084900000| Untracked 
|  74|0x0000000084a00000, 0x0000000084b00000, 0x0000000084b00000|100%| O|  |TAMS 0x0000000084b00000, 0x0000000084a00000| Untracked 
|  75|0x0000000084b00000, 0x0000000084c00000, 0x0000000084c00000|100%| O|  |TAMS 0x0000000084c00000, 0x0000000084b00000| Untracked 
|  76|0x0000000084c00000, 0x0000000084d00000, 0x0000000084d00000|100%| O|  |TAMS 0x0000000084c00000, 0x0000000084c00000| Untracked 
|  77|0x0000000084d00000, 0x0000000084e00000, 0x0000000084e00000|100%|HS|  |TAMS 0x0000000084e00000, 0x0000000084d00000| Complete 
|  78|0x0000000084e00000, 0x0000000084f00000, 0x0000000084f00000|100%|HS|  |TAMS 0x0000000084f00000, 0x0000000084e00000| Complete 
|  79|0x0000000084f00000, 0x0000000085000000, 0x0000000085000000|100%|HS|  |TAMS 0x0000000085000000, 0x0000000084f00000| Complete 
|  80|0x0000000085000000, 0x0000000085100000, 0x0000000085100000|100%|HS|  |TAMS 0x0000000085100000, 0x0000000085000000| Complete 
|  81|0x0000000085100000, 0x0000000085200000, 0x0000000085200000|100%|HS|  |TAMS 0x0000000085200000, 0x0000000085100000| Complete 
|  82|0x0000000085200000, 0x0000000085300000, 0x0000000085300000|100%|HS|  |TAMS 0x0000000085300000, 0x0000000085200000| Complete 
|  83|0x0000000085300000, 0x0000000085400000, 0x0000000085400000|100%| O|  |TAMS 0x0000000085400000, 0x0000000085300000| Untracked 
|  84|0x0000000085400000, 0x0000000085500000, 0x0000000085500000|100%| O|  |TAMS 0x0000000085500000, 0x0000000085400000| Untracked 
|  85|0x0000000085500000, 0x0000000085600000, 0x0000000085600000|100%| O|  |TAMS 0x0000000085600000, 0x0000000085500000| Untracked 
|  86|0x0000000085600000, 0x0000000085700000, 0x0000000085700000|100%| O|  |TAMS 0x0000000085700000, 0x0000000085600000| Untracked 
|  87|0x0000000085700000, 0x0000000085800000, 0x0000000085800000|100%| O|  |TAMS 0x0000000085800000, 0x0000000085700000| Untracked 
|  88|0x0000000085800000, 0x0000000085900000, 0x0000000085900000|100%| O|  |TAMS 0x0000000085900000, 0x0000000085800000| Untracked 
|  89|0x0000000085900000, 0x0000000085a00000, 0x0000000085a00000|100%| O|  |TAMS 0x0000000085a00000, 0x0000000085900000| Untracked 
|  90|0x0000000085a00000, 0x0000000085b00000, 0x0000000085b00000|100%| O|  |TAMS 0x0000000085b00000, 0x0000000085a00000| Untracked 
|  91|0x0000000085b00000, 0x0000000085c00000, 0x0000000085c00000|100%| O|  |TAMS 0x0000000085c00000, 0x0000000085b00000| Untracked 
|  92|0x0000000085c00000, 0x0000000085d00000, 0x0000000085d00000|100%| O|  |TAMS 0x0000000085c00000, 0x0000000085c00000| Untracked 
|  93|0x0000000085d00000, 0x0000000085e00000, 0x0000000085e00000|100%| O|  |TAMS 0x0000000085e00000, 0x0000000085d00000| Untracked 
|  94|0x0000000085e00000, 0x0000000085f00000, 0x0000000085f00000|100%|HS|  |TAMS 0x0000000085f00000, 0x0000000085e00000| Complete 
|  95|0x0000000085f00000, 0x0000000086000000, 0x0000000086000000|100%|HC|  |TAMS 0x0000000086000000, 0x0000000085f00000| Complete 
|  96|0x0000000086000000, 0x0000000086100000, 0x0000000086100000|100%|HC|  |TAMS 0x0000000086100000, 0x0000000086000000| Complete 
|  97|0x0000000086100000, 0x0000000086200000, 0x0000000086200000|100%| O|  |TAMS 0x0000000086200000, 0x0000000086100000| Untracked 
|  98|0x0000000086200000, 0x0000000086300000, 0x0000000086300000|100%|HS|  |TAMS 0x0000000086300000, 0x0000000086200000| Complete 
|  99|0x0000000086300000, 0x0000000086400000, 0x0000000086400000|100%| O|  |TAMS 0x0000000086400000, 0x0000000086300000| Untracked 
| 100|0x0000000086400000, 0x0000000086500000, 0x0000000086500000|100%| O|  |TAMS 0x0000000086500000, 0x0000000086400000| Untracked 
| 101|0x0000000086500000, 0x0000000086600000, 0x0000000086600000|100%| O|  |TAMS 0x0000000086600000, 0x0000000086500000| Untracked 
| 102|0x0000000086600000, 0x0000000086700000, 0x0000000086700000|100%| O|  |TAMS 0x0000000086700000, 0x0000000086600000| Untracked 
| 103|0x0000000086700000, 0x0000000086800000, 0x0000000086800000|100%| O|  |TAMS 0x0000000086800000, 0x0000000086700000| Untracked 
| 104|0x0000000086800000, 0x0000000086900000, 0x0000000086900000|100%| O|  |TAMS 0x0000000086900000, 0x0000000086800000| Untracked 
| 105|0x0000000086900000, 0x0000000086a00000, 0x0000000086a00000|100%| O|  |TAMS 0x0000000086a00000, 0x0000000086900000| Untracked 
| 106|0x0000000086a00000, 0x0000000086b00000, 0x0000000086b00000|100%| O|  |TAMS 0x0000000086b00000, 0x0000000086a00000| Untracked 
| 107|0x0000000086b00000, 0x0000000086c00000, 0x0000000086c00000|100%| O|  |TAMS 0x0000000086c00000, 0x0000000086b00000| Untracked 
| 108|0x0000000086c00000, 0x0000000086d00000, 0x0000000086d00000|100%| O|  |TAMS 0x0000000086d00000, 0x0000000086c00000| Untracked 
| 109|0x0000000086d00000, 0x0000000086e00000, 0x0000000086e00000|100%| O|  |TAMS 0x0000000086e00000, 0x0000000086d00000| Untracked 
| 110|0x0000000086e00000, 0x0000000086f00000, 0x0000000086f00000|100%| O|  |TAMS 0x0000000086f00000, 0x0000000086e00000| Untracked 
| 111|0x0000000086f00000, 0x0000000087000000, 0x0000000087000000|100%| O|  |TAMS 0x0000000087000000, 0x0000000086f00000| Untracked 
| 112|0x0000000087000000, 0x0000000087100000, 0x0000000087100000|100%| O|  |TAMS 0x0000000087100000, 0x0000000087000000| Untracked 
| 113|0x0000000087100000, 0x0000000087200000, 0x0000000087200000|100%| O|  |TAMS 0x0000000087200000, 0x0000000087100000| Untracked 
| 114|0x0000000087200000, 0x0000000087300000, 0x0000000087300000|100%| O|  |TAMS 0x0000000087300000, 0x0000000087200000| Untracked 
| 115|0x0000000087300000, 0x0000000087400000, 0x0000000087400000|100%| O|  |TAMS 0x0000000087400000, 0x0000000087300000| Untracked 
| 116|0x0000000087400000, 0x0000000087500000, 0x0000000087500000|100%| O|  |TAMS 0x0000000087500000, 0x0000000087400000| Untracked 
| 117|0x0000000087500000, 0x0000000087600000, 0x0000000087600000|100%| O|  |TAMS 0x0000000087600000, 0x0000000087500000| Untracked 
| 118|0x0000000087600000, 0x0000000087700000, 0x0000000087700000|100%| O|  |TAMS 0x0000000087700000, 0x0000000087600000| Untracked 
| 119|0x0000000087700000, 0x0000000087800000, 0x0000000087800000|100%| O|  |TAMS 0x0000000087800000, 0x0000000087700000| Untracked 
| 120|0x0000000087800000, 0x0000000087900000, 0x0000000087900000|100%| O|  |TAMS 0x0000000087900000, 0x0000000087800000| Untracked 
| 121|0x0000000087900000, 0x0000000087a00000, 0x0000000087a00000|100%| O|  |TAMS 0x0000000087a00000, 0x0000000087900000| Untracked 
| 122|0x0000000087a00000, 0x0000000087b00000, 0x0000000087b00000|100%| O|  |TAMS 0x0000000087b00000, 0x0000000087a00000| Untracked 
| 123|0x0000000087b00000, 0x0000000087c00000, 0x0000000087c00000|100%| O|  |TAMS 0x0000000087c00000, 0x0000000087b00000| Untracked 
| 124|0x0000000087c00000, 0x0000000087d00000, 0x0000000087d00000|100%| O|  |TAMS 0x0000000087d00000, 0x0000000087c00000| Untracked 
| 125|0x0000000087d00000, 0x0000000087e00000, 0x0000000087e00000|100%| O|  |TAMS 0x0000000087e00000, 0x0000000087d00000| Untracked 
| 126|0x0000000087e00000, 0x0000000087f00000, 0x0000000087f00000|100%| O|  |TAMS 0x0000000087f00000, 0x0000000087e00000| Untracked 
| 127|0x0000000087f00000, 0x0000000088000000, 0x0000000088000000|100%| O|  |TAMS 0x0000000088000000, 0x0000000087f00000| Untracked 
| 128|0x0000000088000000, 0x0000000088100000, 0x0000000088100000|100%| O|  |TAMS 0x0000000088100000, 0x0000000088000000| Untracked 
| 129|0x0000000088100000, 0x0000000088200000, 0x0000000088200000|100%| O|  |TAMS 0x0000000088200000, 0x0000000088100000| Untracked 
| 130|0x0000000088200000, 0x0000000088300000, 0x0000000088300000|100%| O|  |TAMS 0x0000000088300000, 0x0000000088200000| Untracked 
| 131|0x0000000088300000, 0x0000000088400000, 0x0000000088400000|100%| O|  |TAMS 0x0000000088400000, 0x0000000088300000| Untracked 
| 132|0x0000000088400000, 0x0000000088500000, 0x0000000088500000|100%| O|  |TAMS 0x0000000088500000, 0x0000000088400000| Untracked 
| 133|0x0000000088500000, 0x0000000088600000, 0x0000000088600000|100%| O|  |TAMS 0x0000000088600000, 0x0000000088500000| Untracked 
| 134|0x0000000088600000, 0x0000000088700000, 0x0000000088700000|100%|HS|  |TAMS 0x0000000088700000, 0x0000000088600000| Complete 
| 135|0x0000000088700000, 0x0000000088800000, 0x0000000088800000|100%|HS|  |TAMS 0x0000000088800000, 0x0000000088700000| Complete 
| 136|0x0000000088800000, 0x0000000088900000, 0x0000000088900000|100%|HS|  |TAMS 0x0000000088900000, 0x0000000088800000| Complete 
| 137|0x0000000088900000, 0x0000000088a00000, 0x0000000088a00000|100%|HC|  |TAMS 0x0000000088a00000, 0x0000000088900000| Complete 
| 138|0x0000000088a00000, 0x0000000088b00000, 0x0000000088b00000|100%| O|  |TAMS 0x0000000088b00000, 0x0000000088a00000| Untracked 
| 139|0x0000000088b00000, 0x0000000088c00000, 0x0000000088c00000|100%| O|  |TAMS 0x0000000088c00000, 0x0000000088b00000| Untracked 
| 140|0x0000000088c00000, 0x0000000088d00000, 0x0000000088d00000|100%| O|  |TAMS 0x0000000088d00000, 0x0000000088c00000| Untracked 
| 141|0x0000000088d00000, 0x0000000088e00000, 0x0000000088e00000|100%| O|  |TAMS 0x0000000088e00000, 0x0000000088d00000| Untracked 
| 142|0x0000000088e00000, 0x0000000088f00000, 0x0000000088f00000|100%| O|  |TAMS 0x0000000088f00000, 0x0000000088e00000| Untracked 
| 143|0x0000000088f00000, 0x0000000089000000, 0x0000000089000000|100%| O|  |TAMS 0x0000000088f00000, 0x0000000088f00000| Untracked 
| 144|0x0000000089000000, 0x0000000089100000, 0x0000000089100000|100%| O|  |TAMS 0x0000000089100000, 0x0000000089000000| Untracked 
| 145|0x0000000089100000, 0x0000000089200000, 0x0000000089200000|100%| O|  |TAMS 0x0000000089200000, 0x0000000089100000| Untracked 
| 146|0x0000000089200000, 0x0000000089300000, 0x0000000089300000|100%| O|  |TAMS 0x0000000089300000, 0x0000000089200000| Untracked 
| 147|0x0000000089300000, 0x0000000089400000, 0x0000000089400000|100%| O|  |TAMS 0x0000000089400000, 0x0000000089300000| Untracked 
| 148|0x0000000089400000, 0x0000000089500000, 0x0000000089500000|100%| O|  |TAMS 0x0000000089500000, 0x0000000089400000| Untracked 
| 149|0x0000000089500000, 0x0000000089600000, 0x0000000089600000|100%| O|  |TAMS 0x0000000089600000, 0x0000000089500000| Untracked 
| 150|0x0000000089600000, 0x0000000089700000, 0x0000000089700000|100%| O|  |TAMS 0x0000000089700000, 0x0000000089600000| Untracked 
| 151|0x0000000089700000, 0x0000000089800000, 0x0000000089800000|100%| O|  |TAMS 0x0000000089700000, 0x0000000089700000| Untracked 
| 152|0x0000000089800000, 0x0000000089900000, 0x0000000089900000|100%| O|  |TAMS 0x0000000089900000, 0x0000000089800000| Untracked 
| 153|0x0000000089900000, 0x0000000089a00000, 0x0000000089a00000|100%| O|  |TAMS 0x000000008991c000, 0x0000000089900000| Untracked 
| 154|0x0000000089a00000, 0x0000000089b00000, 0x0000000089b00000|100%|HS|  |TAMS 0x0000000089b00000, 0x0000000089a00000| Complete 
| 155|0x0000000089b00000, 0x0000000089c00000, 0x0000000089c00000|100%| O|  |TAMS 0x0000000089b00000, 0x0000000089b00000| Untracked 
| 156|0x0000000089c00000, 0x0000000089d00000, 0x0000000089d00000|100%| O|  |TAMS 0x0000000089c00000, 0x0000000089c00000| Untracked 
| 157|0x0000000089d00000, 0x0000000089e00000, 0x0000000089e00000|100%| O|  |TAMS 0x0000000089d00000, 0x0000000089d00000| Untracked 
| 158|0x0000000089e00000, 0x0000000089f00000, 0x0000000089f00000|100%| O|  |TAMS 0x0000000089e00000, 0x0000000089e00000| Untracked 
| 159|0x0000000089f00000, 0x000000008a000000, 0x000000008a000000|100%| O|  |TAMS 0x0000000089f00000, 0x0000000089f00000| Untracked 
| 160|0x000000008a000000, 0x000000008a100000, 0x000000008a100000|100%| O|  |TAMS 0x000000008a000000, 0x000000008a000000| Untracked 
| 161|0x000000008a100000, 0x000000008a200000, 0x000000008a200000|100%| O|  |TAMS 0x000000008a100000, 0x000000008a100000| Untracked 
| 162|0x000000008a200000, 0x000000008a300000, 0x000000008a300000|100%| O|  |TAMS 0x000000008a200000, 0x000000008a200000| Untracked 
| 163|0x000000008a300000, 0x000000008a400000, 0x000000008a400000|100%| O|  |TAMS 0x000000008a300000, 0x000000008a300000| Untracked 
| 164|0x000000008a400000, 0x000000008a500000, 0x000000008a500000|100%| O|  |TAMS 0x000000008a400000, 0x000000008a400000| Untracked 
| 165|0x000000008a500000, 0x000000008a600000, 0x000000008a600000|100%| O|  |TAMS 0x000000008a500000, 0x000000008a500000| Untracked 
| 166|0x000000008a600000, 0x000000008a700000, 0x000000008a700000|100%| O|  |TAMS 0x000000008a600000, 0x000000008a600000| Untracked 
| 167|0x000000008a700000, 0x000000008a800000, 0x000000008a800000|100%| O|  |TAMS 0x000000008a700000, 0x000000008a700000| Untracked 
| 168|0x000000008a800000, 0x000000008a900000, 0x000000008a900000|100%| O|  |TAMS 0x000000008a800000, 0x000000008a800000| Untracked 
| 169|0x000000008a900000, 0x000000008aa00000, 0x000000008aa00000|100%| O|  |TAMS 0x000000008a900000, 0x000000008a900000| Untracked 
| 170|0x000000008aa00000, 0x000000008ab00000, 0x000000008ab00000|100%| O|  |TAMS 0x000000008aa00000, 0x000000008aa00000| Untracked 
| 171|0x000000008ab00000, 0x000000008ac00000, 0x000000008ac00000|100%| O|  |TAMS 0x000000008ab00000, 0x000000008ab00000| Untracked 
| 172|0x000000008ac00000, 0x000000008ad00000, 0x000000008ad00000|100%| O|  |TAMS 0x000000008ac00000, 0x000000008ac00000| Untracked 
| 173|0x000000008ad00000, 0x000000008ae00000, 0x000000008ae00000|100%| O|  |TAMS 0x000000008ad00000, 0x000000008ad00000| Untracked 
| 174|0x000000008ae00000, 0x000000008af00000, 0x000000008af00000|100%| O|  |TAMS 0x000000008ae00000, 0x000000008ae00000| Untracked 
| 175|0x000000008af00000, 0x000000008b000000, 0x000000008b000000|100%| O|  |TAMS 0x000000008af00000, 0x000000008af00000| Untracked 
| 176|0x000000008b000000, 0x000000008b100000, 0x000000008b100000|100%| O|  |TAMS 0x000000008b000000, 0x000000008b000000| Untracked 
| 177|0x000000008b100000, 0x000000008b200000, 0x000000008b200000|100%| O|  |TAMS 0x000000008b100000, 0x000000008b100000| Untracked 
| 178|0x000000008b200000, 0x000000008b300000, 0x000000008b300000|100%|HS|  |TAMS 0x000000008b200000, 0x000000008b200000| Complete 
| 179|0x000000008b300000, 0x000000008b400000, 0x000000008b400000|100%|HC|  |TAMS 0x000000008b300000, 0x000000008b300000| Complete 
| 180|0x000000008b400000, 0x000000008b500000, 0x000000008b500000|100%|HS|  |TAMS 0x000000008b400000, 0x000000008b400000| Complete 
| 181|0x000000008b500000, 0x000000008b600000, 0x000000008b600000|100%|HC|  |TAMS 0x000000008b500000, 0x000000008b500000| Complete 
| 182|0x000000008b600000, 0x000000008b700000, 0x000000008b700000|100%| O|  |TAMS 0x000000008b600000, 0x000000008b600000| Untracked 
| 183|0x000000008b700000, 0x000000008b800000, 0x000000008b800000|100%| O|  |TAMS 0x000000008b700000, 0x000000008b700000| Untracked 
| 184|0x000000008b800000, 0x000000008b900000, 0x000000008b900000|100%| O|  |TAMS 0x000000008b800000, 0x000000008b800000| Untracked 
| 185|0x000000008b900000, 0x000000008ba00000, 0x000000008ba00000|100%| O|  |TAMS 0x000000008b900000, 0x000000008b900000| Untracked 
| 186|0x000000008ba00000, 0x000000008bb00000, 0x000000008bb00000|100%| O|  |TAMS 0x000000008ba00000, 0x000000008ba00000| Untracked 
| 187|0x000000008bb00000, 0x000000008bc00000, 0x000000008bc00000|100%| O|  |TAMS 0x000000008bb00000, 0x000000008bb00000| Untracked 
| 188|0x000000008bc00000, 0x000000008bd00000, 0x000000008bd00000|100%| O|  |TAMS 0x000000008bc00000, 0x000000008bc00000| Untracked 
| 189|0x000000008bd00000, 0x000000008be00000, 0x000000008be00000|100%| O|  |TAMS 0x000000008bd00000, 0x000000008bd00000| Untracked 
| 190|0x000000008be00000, 0x000000008bf00000, 0x000000008bf00000|100%| O|  |TAMS 0x000000008be00000, 0x000000008be00000| Untracked 
| 191|0x000000008bf00000, 0x000000008c000000, 0x000000008c000000|100%| O|  |TAMS 0x000000008bf00000, 0x000000008bf00000| Untracked 
| 192|0x000000008c000000, 0x000000008c100000, 0x000000008c100000|100%| O|  |TAMS 0x000000008c000000, 0x000000008c000000| Untracked 
| 193|0x000000008c100000, 0x000000008c200000, 0x000000008c200000|100%| O|  |TAMS 0x000000008c100000, 0x000000008c100000| Untracked 
| 194|0x000000008c200000, 0x000000008c300000, 0x000000008c300000|100%| O|  |TAMS 0x000000008c200000, 0x000000008c200000| Untracked 
| 195|0x000000008c300000, 0x000000008c400000, 0x000000008c400000|100%| O|  |TAMS 0x000000008c300000, 0x000000008c300000| Untracked 
| 196|0x000000008c400000, 0x000000008c500000, 0x000000008c500000|100%| O|  |TAMS 0x000000008c400000, 0x000000008c400000| Untracked 
| 197|0x000000008c500000, 0x000000008c600000, 0x000000008c600000|100%| O|  |TAMS 0x000000008c500000, 0x000000008c500000| Untracked 
| 198|0x000000008c600000, 0x000000008c700000, 0x000000008c700000|100%| O|  |TAMS 0x000000008c600000, 0x000000008c600000| Untracked 
| 199|0x000000008c700000, 0x000000008c800000, 0x000000008c800000|100%| O|  |TAMS 0x000000008c700000, 0x000000008c700000| Untracked 
| 200|0x000000008c800000, 0x000000008c900000, 0x000000008c900000|100%| O|  |TAMS 0x000000008c800000, 0x000000008c800000| Untracked 
| 201|0x000000008c900000, 0x000000008ca00000, 0x000000008ca00000|100%| O|  |TAMS 0x000000008c900000, 0x000000008c900000| Untracked 
| 202|0x000000008ca00000, 0x000000008cb00000, 0x000000008cb00000|100%| O|  |TAMS 0x000000008ca00000, 0x000000008ca00000| Untracked 
| 203|0x000000008cb00000, 0x000000008cc00000, 0x000000008cc00000|100%| O|  |TAMS 0x000000008cb00000, 0x000000008cb00000| Untracked 
| 204|0x000000008cc00000, 0x000000008cd00000, 0x000000008cd00000|100%| O|  |TAMS 0x000000008cc00000, 0x000000008cc00000| Untracked 
| 205|0x000000008cd00000, 0x000000008ce00000, 0x000000008ce00000|100%| O|  |TAMS 0x000000008cd00000, 0x000000008cd00000| Untracked 
| 206|0x000000008ce00000, 0x000000008cf00000, 0x000000008cf00000|100%| O|  |TAMS 0x000000008ce00000, 0x000000008ce00000| Untracked 
| 207|0x000000008cf00000, 0x000000008d000000, 0x000000008d000000|100%| O|  |TAMS 0x000000008cf00000, 0x000000008cf00000| Untracked 
| 208|0x000000008d000000, 0x000000008d100000, 0x000000008d100000|100%| O|  |TAMS 0x000000008d000000, 0x000000008d000000| Untracked 
| 209|0x000000008d100000, 0x000000008d200000, 0x000000008d200000|100%| O|  |TAMS 0x000000008d100000, 0x000000008d100000| Untracked 
| 210|0x000000008d200000, 0x000000008d300000, 0x000000008d300000|100%| O|  |TAMS 0x000000008d200000, 0x000000008d200000| Untracked 
| 211|0x000000008d300000, 0x000000008d400000, 0x000000008d400000|100%| O|  |TAMS 0x000000008d300000, 0x000000008d300000| Untracked 
| 212|0x000000008d400000, 0x000000008d500000, 0x000000008d500000|100%| O|  |TAMS 0x000000008d400000, 0x000000008d400000| Untracked 
| 213|0x000000008d500000, 0x000000008d600000, 0x000000008d600000|100%| O|  |TAMS 0x000000008d500000, 0x000000008d500000| Untracked 
| 214|0x000000008d600000, 0x000000008d700000, 0x000000008d700000|100%| O|  |TAMS 0x000000008d600000, 0x000000008d600000| Untracked 
| 215|0x000000008d700000, 0x000000008d800000, 0x000000008d800000|100%| O|  |TAMS 0x000000008d700000, 0x000000008d700000| Untracked 
| 216|0x000000008d800000, 0x000000008d900000, 0x000000008d900000|100%| O|  |TAMS 0x000000008d800000, 0x000000008d800000| Untracked 
| 217|0x000000008d900000, 0x000000008da00000, 0x000000008da00000|100%|HS|  |TAMS 0x000000008d900000, 0x000000008d900000| Complete 
| 218|0x000000008da00000, 0x000000008db00000, 0x000000008db00000|100%| O|  |TAMS 0x000000008da00000, 0x000000008da00000| Untracked 
| 219|0x000000008db00000, 0x000000008dc00000, 0x000000008dc00000|100%| O|  |TAMS 0x000000008db00000, 0x000000008db00000| Untracked 
| 220|0x000000008dc00000, 0x000000008dd00000, 0x000000008dd00000|100%| O|  |TAMS 0x000000008dc00000, 0x000000008dc00000| Untracked 
| 221|0x000000008dd00000, 0x000000008de00000, 0x000000008de00000|100%| O|  |TAMS 0x000000008dd00000, 0x000000008dd00000| Untracked 
| 222|0x000000008de00000, 0x000000008df00000, 0x000000008df00000|100%| O|  |TAMS 0x000000008de00000, 0x000000008de00000| Untracked 
| 223|0x000000008df00000, 0x000000008e000000, 0x000000008e000000|100%| O|  |TAMS 0x000000008df00000, 0x000000008df00000| Untracked 
| 224|0x000000008e000000, 0x000000008e100000, 0x000000008e100000|100%| O|  |TAMS 0x000000008e000000, 0x000000008e000000| Untracked 
| 225|0x000000008e100000, 0x000000008e200000, 0x000000008e200000|100%| O|  |TAMS 0x000000008e100000, 0x000000008e100000| Untracked 
| 226|0x000000008e200000, 0x000000008e300000, 0x000000008e300000|100%| O|  |TAMS 0x000000008e200000, 0x000000008e200000| Untracked 
| 227|0x000000008e300000, 0x000000008e400000, 0x000000008e400000|100%| O|  |TAMS 0x000000008e300000, 0x000000008e300000| Untracked 
| 228|0x000000008e400000, 0x000000008e500000, 0x000000008e500000|100%| O|  |TAMS 0x000000008e400000, 0x000000008e400000| Untracked 
| 229|0x000000008e500000, 0x000000008e600000, 0x000000008e600000|100%| O|  |TAMS 0x000000008e500000, 0x000000008e500000| Untracked 
| 230|0x000000008e600000, 0x000000008e700000, 0x000000008e700000|100%|HS|  |TAMS 0x000000008e600000, 0x000000008e600000| Complete 
| 231|0x000000008e700000, 0x000000008e800000, 0x000000008e800000|100%|HS|  |TAMS 0x000000008e700000, 0x000000008e700000| Complete 
| 232|0x000000008e800000, 0x000000008e900000, 0x000000008e900000|100%|HS|  |TAMS 0x000000008e800000, 0x000000008e800000| Complete 
| 233|0x000000008e900000, 0x000000008ea00000, 0x000000008ea00000|100%|HS|  |TAMS 0x000000008e900000, 0x000000008e900000| Complete 
| 234|0x000000008ea00000, 0x000000008eb00000, 0x000000008eb00000|100%| O|  |TAMS 0x000000008ea00000, 0x000000008ea00000| Untracked 
| 235|0x000000008eb00000, 0x000000008ec00000, 0x000000008ec00000|100%| O|  |TAMS 0x000000008eb00000, 0x000000008eb00000| Untracked 
| 236|0x000000008ec00000, 0x000000008ed00000, 0x000000008ed00000|100%| O|  |TAMS 0x000000008ec00000, 0x000000008ec00000| Untracked 
| 237|0x000000008ed00000, 0x000000008ee00000, 0x000000008ee00000|100%| O|  |TAMS 0x000000008ed00000, 0x000000008ed00000| Untracked 
| 238|0x000000008ee00000, 0x000000008ef00000, 0x000000008ef00000|100%| O|  |TAMS 0x000000008ee00000, 0x000000008ee00000| Untracked 
| 239|0x000000008ef00000, 0x000000008f000000, 0x000000008f000000|100%| O|  |TAMS 0x000000008ef00000, 0x000000008ef00000| Untracked 
| 240|0x000000008f000000, 0x000000008f100000, 0x000000008f100000|100%| O|  |TAMS 0x000000008f000000, 0x000000008f000000| Untracked 
| 241|0x000000008f100000, 0x000000008f200000, 0x000000008f200000|100%| O|  |TAMS 0x000000008f100000, 0x000000008f100000| Untracked 
| 242|0x000000008f200000, 0x000000008f300000, 0x000000008f300000|100%| O|  |TAMS 0x000000008f200000, 0x000000008f200000| Untracked 
| 243|0x000000008f300000, 0x000000008f400000, 0x000000008f400000|100%| O|  |TAMS 0x000000008f300000, 0x000000008f300000| Untracked 
| 244|0x000000008f400000, 0x000000008f500000, 0x000000008f500000|100%| O|  |TAMS 0x000000008f400000, 0x000000008f400000| Untracked 
| 245|0x000000008f500000, 0x000000008f600000, 0x000000008f600000|100%| O|  |TAMS 0x000000008f500000, 0x000000008f500000| Untracked 
| 246|0x000000008f600000, 0x000000008f700000, 0x000000008f700000|100%| O|  |TAMS 0x000000008f600000, 0x000000008f600000| Untracked 
| 247|0x000000008f700000, 0x000000008f800000, 0x000000008f800000|100%| O|  |TAMS 0x000000008f700000, 0x000000008f700000| Untracked 
| 248|0x000000008f800000, 0x000000008f900000, 0x000000008f900000|100%| O|  |TAMS 0x000000008f800000, 0x000000008f800000| Untracked 
| 249|0x000000008f900000, 0x000000008fa00000, 0x000000008fa00000|100%| O|  |TAMS 0x000000008f900000, 0x000000008f900000| Untracked 
| 250|0x000000008fa00000, 0x000000008fb00000, 0x000000008fb00000|100%| O|  |TAMS 0x000000008fa00000, 0x000000008fa00000| Untracked 
| 251|0x000000008fb00000, 0x000000008fc00000, 0x000000008fc00000|100%| O|  |TAMS 0x000000008fb00000, 0x000000008fb00000| Untracked 
| 252|0x000000008fc00000, 0x000000008fd00000, 0x000000008fd00000|100%| O|  |TAMS 0x000000008fc00000, 0x000000008fc00000| Untracked 
| 253|0x000000008fd00000, 0x000000008fe00000, 0x000000008fe00000|100%| O|  |TAMS 0x000000008fd00000, 0x000000008fd00000| Untracked 
| 254|0x000000008fe00000, 0x000000008ff00000, 0x000000008ff00000|100%| O|  |TAMS 0x000000008fe00000, 0x000000008fe00000| Untracked 
| 255|0x000000008ff00000, 0x0000000090000000, 0x0000000090000000|100%| O|  |TAMS 0x000000008ff00000, 0x000000008ff00000| Untracked 
| 256|0x0000000090000000, 0x0000000090100000, 0x0000000090100000|100%| O|  |TAMS 0x0000000090000000, 0x0000000090000000| Untracked 
| 257|0x0000000090100000, 0x0000000090200000, 0x0000000090200000|100%| O|  |TAMS 0x0000000090100000, 0x0000000090100000| Untracked 
| 258|0x0000000090200000, 0x0000000090300000, 0x0000000090300000|100%| O|  |TAMS 0x0000000090200000, 0x0000000090200000| Untracked 
| 259|0x0000000090300000, 0x0000000090400000, 0x0000000090400000|100%|HS|  |TAMS 0x0000000090300000, 0x0000000090300000| Complete 
| 260|0x0000000090400000, 0x0000000090500000, 0x0000000090500000|100%|HS|  |TAMS 0x0000000090400000, 0x0000000090400000| Complete 
| 261|0x0000000090500000, 0x0000000090600000, 0x0000000090600000|100%|HS|  |TAMS 0x0000000090500000, 0x0000000090500000| Complete 
| 262|0x0000000090600000, 0x0000000090700000, 0x0000000090700000|100%| O|  |TAMS 0x0000000090600000, 0x0000000090600000| Untracked 
| 263|0x0000000090700000, 0x0000000090800000, 0x0000000090800000|100%| O|  |TAMS 0x0000000090700000, 0x0000000090700000| Untracked 
| 264|0x0000000090800000, 0x0000000090900000, 0x0000000090900000|100%| O|  |TAMS 0x0000000090800000, 0x0000000090800000| Untracked 
| 265|0x0000000090900000, 0x0000000090a00000, 0x0000000090a00000|100%| O|  |TAMS 0x0000000090900000, 0x0000000090900000| Untracked 
| 266|0x0000000090a00000, 0x0000000090b00000, 0x0000000090b00000|100%| O|  |TAMS 0x0000000090a00000, 0x0000000090a00000| Untracked 
| 267|0x0000000090b00000, 0x0000000090c00000, 0x0000000090c00000|100%| O|  |TAMS 0x0000000090b00000, 0x0000000090b00000| Untracked 
| 268|0x0000000090c00000, 0x0000000090d00000, 0x0000000090d00000|100%| O|  |TAMS 0x0000000090c00000, 0x0000000090c00000| Untracked 
| 269|0x0000000090d00000, 0x0000000090e00000, 0x0000000090e00000|100%| O|  |TAMS 0x0000000090d00000, 0x0000000090d00000| Untracked 
| 270|0x0000000090e00000, 0x0000000090f00000, 0x0000000090f00000|100%| O|  |TAMS 0x0000000090e00000, 0x0000000090e00000| Untracked 
| 271|0x0000000090f00000, 0x0000000091000000, 0x0000000091000000|100%| O|  |TAMS 0x0000000090f00000, 0x0000000090f00000| Untracked 
| 272|0x0000000091000000, 0x0000000091100000, 0x0000000091100000|100%| O|  |TAMS 0x0000000091000000, 0x0000000091000000| Untracked 
| 273|0x0000000091100000, 0x0000000091200000, 0x0000000091200000|100%| O|  |TAMS 0x0000000091100000, 0x0000000091100000| Untracked 
| 274|0x0000000091200000, 0x0000000091300000, 0x0000000091300000|100%| O|  |TAMS 0x0000000091200000, 0x0000000091200000| Untracked 
| 275|0x0000000091300000, 0x0000000091400000, 0x0000000091400000|100%| O|  |TAMS 0x0000000091300000, 0x0000000091300000| Untracked 
| 276|0x0000000091400000, 0x0000000091500000, 0x0000000091500000|100%| O|  |TAMS 0x0000000091400000, 0x0000000091400000| Untracked 
| 277|0x0000000091500000, 0x0000000091600000, 0x0000000091600000|100%| O|  |TAMS 0x0000000091500000, 0x0000000091500000| Untracked 
| 278|0x0000000091600000, 0x0000000091700000, 0x0000000091700000|100%| O|  |TAMS 0x0000000091600000, 0x0000000091600000| Untracked 
| 279|0x0000000091700000, 0x0000000091800000, 0x0000000091800000|100%| O|  |TAMS 0x0000000091700000, 0x0000000091700000| Untracked 
| 280|0x0000000091800000, 0x0000000091900000, 0x0000000091900000|100%| O|  |TAMS 0x0000000091800000, 0x0000000091800000| Untracked 
| 281|0x0000000091900000, 0x0000000091a00000, 0x0000000091a00000|100%| O|  |TAMS 0x0000000091900000, 0x0000000091900000| Untracked 
| 282|0x0000000091a00000, 0x0000000091b00000, 0x0000000091b00000|100%| O|  |TAMS 0x0000000091a00000, 0x0000000091a00000| Untracked 
| 283|0x0000000091b00000, 0x0000000091c00000, 0x0000000091c00000|100%| O|  |TAMS 0x0000000091b00000, 0x0000000091b00000| Untracked 
| 284|0x0000000091c00000, 0x0000000091d00000, 0x0000000091d00000|100%| O|  |TAMS 0x0000000091c00000, 0x0000000091c00000| Untracked 
| 285|0x0000000091d00000, 0x0000000091e00000, 0x0000000091e00000|100%| O|  |TAMS 0x0000000091d00000, 0x0000000091d00000| Untracked 
| 286|0x0000000091e00000, 0x0000000091f00000, 0x0000000091f00000|100%| O|  |TAMS 0x0000000091e00000, 0x0000000091e00000| Untracked 
| 287|0x0000000091f00000, 0x0000000092000000, 0x0000000092000000|100%| O|  |TAMS 0x0000000091f00000, 0x0000000091f00000| Untracked 
| 288|0x0000000092000000, 0x0000000092100000, 0x0000000092100000|100%| O|  |TAMS 0x0000000092000000, 0x0000000092000000| Untracked 
| 289|0x0000000092100000, 0x0000000092200000, 0x0000000092200000|100%| O|  |TAMS 0x0000000092100000, 0x0000000092100000| Untracked 
| 290|0x0000000092200000, 0x0000000092300000, 0x0000000092300000|100%| O|  |TAMS 0x0000000092200000, 0x0000000092200000| Untracked 
| 291|0x0000000092300000, 0x0000000092400000, 0x0000000092400000|100%|HS|  |TAMS 0x0000000092300000, 0x0000000092300000| Complete 
| 292|0x0000000092400000, 0x0000000092500000, 0x0000000092500000|100%|HS|  |TAMS 0x0000000092400000, 0x0000000092400000| Complete 
| 293|0x0000000092500000, 0x0000000092600000, 0x0000000092600000|100%| O|  |TAMS 0x0000000092500000, 0x0000000092500000| Untracked 
| 294|0x0000000092600000, 0x0000000092700000, 0x0000000092700000|100%| O|  |TAMS 0x0000000092600000, 0x0000000092600000| Untracked 
| 295|0x0000000092700000, 0x0000000092800000, 0x0000000092800000|100%| O|  |TAMS 0x0000000092700000, 0x0000000092700000| Untracked 
| 296|0x0000000092800000, 0x0000000092900000, 0x0000000092900000|100%| O|  |TAMS 0x0000000092800000, 0x0000000092800000| Untracked 
| 297|0x0000000092900000, 0x0000000092a00000, 0x0000000092a00000|100%| O|  |TAMS 0x0000000092900000, 0x0000000092900000| Untracked 
| 298|0x0000000092a00000, 0x0000000092b00000, 0x0000000092b00000|100%| O|  |TAMS 0x0000000092a00000, 0x0000000092a00000| Untracked 
| 299|0x0000000092b00000, 0x0000000092c00000, 0x0000000092c00000|100%| O|  |TAMS 0x0000000092b00000, 0x0000000092b00000| Untracked 
| 300|0x0000000092c00000, 0x0000000092d00000, 0x0000000092d00000|100%| O|  |TAMS 0x0000000092c00000, 0x0000000092c00000| Untracked 
| 301|0x0000000092d00000, 0x0000000092e00000, 0x0000000092e00000|100%| O|  |TAMS 0x0000000092d00000, 0x0000000092d00000| Untracked 
| 302|0x0000000092e00000, 0x0000000092f00000, 0x0000000092f00000|100%| O|  |TAMS 0x0000000092e00000, 0x0000000092e00000| Untracked 
| 303|0x0000000092f00000, 0x0000000093000000, 0x0000000093000000|100%|HS|  |TAMS 0x0000000092f00000, 0x0000000092f00000| Complete 
| 304|0x0000000093000000, 0x0000000093100000, 0x0000000093100000|100%|HS|  |TAMS 0x0000000093000000, 0x0000000093000000| Complete 
| 305|0x0000000093100000, 0x0000000093200000, 0x0000000093200000|100%| O|  |TAMS 0x0000000093100000, 0x0000000093100000| Untracked 
| 306|0x0000000093200000, 0x0000000093300000, 0x0000000093300000|100%| O|  |TAMS 0x0000000093200000, 0x0000000093200000| Untracked 
| 307|0x0000000093300000, 0x0000000093400000, 0x0000000093400000|100%| O|  |TAMS 0x0000000093300000, 0x0000000093300000| Untracked 
| 308|0x0000000093400000, 0x0000000093500000, 0x0000000093500000|100%| O|  |TAMS 0x0000000093400000, 0x0000000093400000| Untracked 
| 309|0x0000000093500000, 0x0000000093600000, 0x0000000093600000|100%| O|  |TAMS 0x0000000093500000, 0x0000000093500000| Untracked 
| 310|0x0000000093600000, 0x0000000093700000, 0x0000000093700000|100%| O|  |TAMS 0x0000000093600000, 0x0000000093600000| Untracked 
| 311|0x0000000093700000, 0x0000000093800000, 0x0000000093800000|100%| O|  |TAMS 0x0000000093700000, 0x0000000093700000| Untracked 
| 312|0x0000000093800000, 0x0000000093900000, 0x0000000093900000|100%| O|  |TAMS 0x0000000093800000, 0x0000000093800000| Untracked 
| 313|0x0000000093900000, 0x0000000093a00000, 0x0000000093a00000|100%|HS|  |TAMS 0x0000000093900000, 0x0000000093900000| Complete 
| 314|0x0000000093a00000, 0x0000000093b00000, 0x0000000093b00000|100%|HS|  |TAMS 0x0000000093a00000, 0x0000000093a00000| Complete 
| 315|0x0000000093b00000, 0x0000000093c00000, 0x0000000093c00000|100%| O|  |TAMS 0x0000000093b00000, 0x0000000093b00000| Untracked 
| 316|0x0000000093c00000, 0x0000000093d00000, 0x0000000093d00000|100%| O|  |TAMS 0x0000000093c00000, 0x0000000093c00000| Untracked 
| 317|0x0000000093d00000, 0x0000000093e00000, 0x0000000093e00000|100%| O|  |TAMS 0x0000000093d00000, 0x0000000093d00000| Untracked 
| 318|0x0000000093e00000, 0x0000000093f00000, 0x0000000093f00000|100%| O|  |TAMS 0x0000000093e00000, 0x0000000093e00000| Untracked 
| 319|0x0000000093f00000, 0x0000000094000000, 0x0000000094000000|100%| O|  |TAMS 0x0000000093f00000, 0x0000000093f00000| Untracked 
| 320|0x0000000094000000, 0x0000000094100000, 0x0000000094100000|100%| O|  |TAMS 0x0000000094000000, 0x0000000094000000| Untracked 
| 321|0x0000000094100000, 0x0000000094200000, 0x0000000094200000|100%| O|  |TAMS 0x0000000094100000, 0x0000000094100000| Untracked 
| 322|0x0000000094200000, 0x0000000094300000, 0x0000000094300000|100%| O|  |TAMS 0x0000000094200000, 0x0000000094200000| Untracked 
| 323|0x0000000094300000, 0x0000000094400000, 0x0000000094400000|100%| O|  |TAMS 0x0000000094300000, 0x0000000094300000| Untracked 
| 324|0x0000000094400000, 0x0000000094500000, 0x0000000094500000|100%| O|  |TAMS 0x0000000094400000, 0x0000000094400000| Untracked 
| 325|0x0000000094500000, 0x0000000094600000, 0x0000000094600000|100%| O|  |TAMS 0x0000000094500000, 0x0000000094500000| Untracked 
| 326|0x0000000094600000, 0x0000000094700000, 0x0000000094700000|100%| O|  |TAMS 0x0000000094600000, 0x0000000094600000| Untracked 
| 327|0x0000000094700000, 0x0000000094800000, 0x0000000094800000|100%| O|  |TAMS 0x0000000094700000, 0x0000000094700000| Untracked 
| 328|0x0000000094800000, 0x0000000094900000, 0x0000000094900000|100%| O|  |TAMS 0x0000000094800000, 0x0000000094800000| Untracked 
| 329|0x0000000094900000, 0x0000000094a00000, 0x0000000094a00000|100%| O|  |TAMS 0x0000000094900000, 0x0000000094900000| Untracked 
| 330|0x0000000094a00000, 0x0000000094b00000, 0x0000000094b00000|100%| O|  |TAMS 0x0000000094a00000, 0x0000000094a00000| Untracked 
| 331|0x0000000094b00000, 0x0000000094c00000, 0x0000000094c00000|100%| O|  |TAMS 0x0000000094b00000, 0x0000000094b00000| Untracked 
| 332|0x0000000094c00000, 0x0000000094d00000, 0x0000000094d00000|100%| O|  |TAMS 0x0000000094c00000, 0x0000000094c00000| Untracked 
| 333|0x0000000094d00000, 0x0000000094e00000, 0x0000000094e00000|100%| O|  |TAMS 0x0000000094d00000, 0x0000000094d00000| Untracked 
| 334|0x0000000094e00000, 0x0000000094f00000, 0x0000000094f00000|100%| O|  |TAMS 0x0000000094e00000, 0x0000000094e00000| Untracked 
| 335|0x0000000094f00000, 0x0000000095000000, 0x0000000095000000|100%| O|  |TAMS 0x0000000094f00000, 0x0000000094f00000| Untracked 
| 336|0x0000000095000000, 0x0000000095100000, 0x0000000095100000|100%| O|  |TAMS 0x0000000095000000, 0x0000000095000000| Untracked 
| 337|0x0000000095100000, 0x0000000095200000, 0x0000000095200000|100%| O|  |TAMS 0x0000000095100000, 0x0000000095100000| Untracked 
| 338|0x0000000095200000, 0x0000000095300000, 0x0000000095300000|100%| O|  |TAMS 0x0000000095200000, 0x0000000095200000| Untracked 
| 339|0x0000000095300000, 0x0000000095400000, 0x0000000095400000|100%| O|  |TAMS 0x0000000095300000, 0x0000000095300000| Untracked 
| 340|0x0000000095400000, 0x0000000095500000, 0x0000000095500000|100%|HS|  |TAMS 0x0000000095400000, 0x0000000095400000| Complete 
| 341|0x0000000095500000, 0x0000000095600000, 0x0000000095600000|100%|HS|  |TAMS 0x0000000095500000, 0x0000000095500000| Complete 
| 342|0x0000000095600000, 0x0000000095700000, 0x0000000095700000|100%| O|  |TAMS 0x0000000095600000, 0x0000000095600000| Untracked 
| 343|0x0000000095700000, 0x0000000095800000, 0x0000000095800000|100%| O|  |TAMS 0x0000000095700000, 0x0000000095700000| Untracked 
| 344|0x0000000095800000, 0x0000000095900000, 0x0000000095900000|100%|HS|  |TAMS 0x0000000095800000, 0x0000000095800000| Complete 
| 345|0x0000000095900000, 0x0000000095a00000, 0x0000000095a00000|100%|HS|  |TAMS 0x0000000095900000, 0x0000000095900000| Complete 
| 346|0x0000000095a00000, 0x0000000095b00000, 0x0000000095b00000|100%|HS|  |TAMS 0x0000000095a00000, 0x0000000095a00000| Complete 
| 347|0x0000000095b00000, 0x0000000095c00000, 0x0000000095c00000|100%|HS|  |TAMS 0x0000000095b00000, 0x0000000095b00000| Complete 
| 348|0x0000000095c00000, 0x0000000095d00000, 0x0000000095d00000|100%| O|  |TAMS 0x0000000095c00000, 0x0000000095c00000| Untracked 
| 349|0x0000000095d00000, 0x0000000095e00000, 0x0000000095e00000|100%| O|  |TAMS 0x0000000095d00000, 0x0000000095d00000| Untracked 
| 350|0x0000000095e00000, 0x0000000095f00000, 0x0000000095f00000|100%| O|  |TAMS 0x0000000095e00000, 0x0000000095e00000| Untracked 
| 351|0x0000000095f00000, 0x0000000096000000, 0x0000000096000000|100%|HS|  |TAMS 0x0000000095f00000, 0x0000000095f00000| Complete 
| 352|0x0000000096000000, 0x0000000096100000, 0x0000000096100000|100%| O|  |TAMS 0x0000000096000000, 0x0000000096000000| Untracked 
| 353|0x0000000096100000, 0x0000000096200000, 0x0000000096200000|100%| O|  |TAMS 0x0000000096100000, 0x0000000096100000| Untracked 
| 354|0x0000000096200000, 0x0000000096300000, 0x0000000096300000|100%| O|  |TAMS 0x0000000096200000, 0x0000000096200000| Untracked 
| 355|0x0000000096300000, 0x0000000096400000, 0x0000000096400000|100%| O|  |TAMS 0x0000000096300000, 0x0000000096300000| Untracked 
| 356|0x0000000096400000, 0x0000000096500000, 0x0000000096500000|100%| O|  |TAMS 0x0000000096400000, 0x0000000096400000| Untracked 
| 357|0x0000000096500000, 0x0000000096600000, 0x0000000096600000|100%| O|  |TAMS 0x0000000096500000, 0x0000000096500000| Untracked 
| 358|0x0000000096600000, 0x0000000096700000, 0x0000000096700000|100%| O|  |TAMS 0x0000000096600000, 0x0000000096600000| Untracked 
| 359|0x0000000096700000, 0x0000000096800000, 0x0000000096800000|100%| O|  |TAMS 0x0000000096700000, 0x0000000096700000| Untracked 
| 360|0x0000000096800000, 0x0000000096900000, 0x0000000096900000|100%| O|  |TAMS 0x0000000096800000, 0x0000000096800000| Untracked 
| 361|0x0000000096900000, 0x0000000096a00000, 0x0000000096a00000|100%| O|  |TAMS 0x0000000096900000, 0x0000000096900000| Untracked 
| 362|0x0000000096a00000, 0x0000000096b00000, 0x0000000096b00000|100%| O|  |TAMS 0x0000000096a00000, 0x0000000096a00000| Untracked 
| 363|0x0000000096b00000, 0x0000000096c00000, 0x0000000096c00000|100%| O|  |TAMS 0x0000000096b00000, 0x0000000096b00000| Untracked 
| 364|0x0000000096c00000, 0x0000000096d00000, 0x0000000096d00000|100%| O|  |TAMS 0x0000000096c00000, 0x0000000096c00000| Untracked 
| 365|0x0000000096d00000, 0x0000000096e00000, 0x0000000096e00000|100%| O|  |TAMS 0x0000000096d00000, 0x0000000096d00000| Untracked 
| 366|0x0000000096e00000, 0x0000000096f00000, 0x0000000096f00000|100%| O|  |TAMS 0x0000000096e00000, 0x0000000096e00000| Untracked 
| 367|0x0000000096f00000, 0x0000000097000000, 0x0000000097000000|100%| O|  |TAMS 0x0000000096f00000, 0x0000000096f00000| Untracked 
| 368|0x0000000097000000, 0x0000000097100000, 0x0000000097100000|100%| O|  |TAMS 0x0000000097000000, 0x0000000097000000| Untracked 
| 369|0x0000000097100000, 0x0000000097200000, 0x0000000097200000|100%| O|  |TAMS 0x0000000097100000, 0x0000000097100000| Untracked 
| 370|0x0000000097200000, 0x0000000097300000, 0x0000000097300000|100%| O|  |TAMS 0x0000000097200000, 0x0000000097200000| Untracked 
| 371|0x0000000097300000, 0x0000000097400000, 0x0000000097400000|100%| O|  |TAMS 0x0000000097300000, 0x0000000097300000| Untracked 
| 372|0x0000000097400000, 0x0000000097500000, 0x0000000097500000|100%| O|  |TAMS 0x0000000097400000, 0x0000000097400000| Untracked 
| 373|0x0000000097500000, 0x0000000097600000, 0x0000000097600000|100%| O|  |TAMS 0x0000000097500000, 0x0000000097500000| Untracked 
| 374|0x0000000097600000, 0x0000000097700000, 0x0000000097700000|100%| O|  |TAMS 0x0000000097600000, 0x0000000097600000| Untracked 
| 375|0x0000000097700000, 0x0000000097800000, 0x0000000097800000|100%| O|  |TAMS 0x0000000097700000, 0x0000000097700000| Untracked 
| 376|0x0000000097800000, 0x0000000097900000, 0x0000000097900000|100%| O|  |TAMS 0x0000000097800000, 0x0000000097800000| Untracked 
| 377|0x0000000097900000, 0x0000000097a00000, 0x0000000097a00000|100%| O|  |TAMS 0x0000000097900000, 0x0000000097900000| Untracked 
| 378|0x0000000097a00000, 0x0000000097b00000, 0x0000000097b00000|100%| O|  |TAMS 0x0000000097a00000, 0x0000000097a00000| Untracked 
| 379|0x0000000097b00000, 0x0000000097c00000, 0x0000000097c00000|100%| O|  |TAMS 0x0000000097b00000, 0x0000000097b00000| Untracked 
| 380|0x0000000097c00000, 0x0000000097d00000, 0x0000000097d00000|100%| O|  |TAMS 0x0000000097c00000, 0x0000000097c00000| Untracked 
| 381|0x0000000097d00000, 0x0000000097e00000, 0x0000000097e00000|100%| O|  |TAMS 0x0000000097d00000, 0x0000000097d00000| Untracked 
| 382|0x0000000097e00000, 0x0000000097f00000, 0x0000000097f00000|100%| O|  |TAMS 0x0000000097e00000, 0x0000000097e00000| Untracked 
| 383|0x0000000097f00000, 0x0000000098000000, 0x0000000098000000|100%| O|  |TAMS 0x0000000097f00000, 0x0000000097f00000| Untracked 
| 384|0x0000000098000000, 0x0000000098100000, 0x0000000098100000|100%| O|  |TAMS 0x0000000098000000, 0x0000000098000000| Untracked 
| 385|0x0000000098100000, 0x0000000098200000, 0x0000000098200000|100%| O|  |TAMS 0x0000000098100000, 0x0000000098100000| Untracked 
| 386|0x0000000098200000, 0x0000000098300000, 0x0000000098300000|100%| O|  |TAMS 0x0000000098200000, 0x0000000098200000| Untracked 
| 387|0x0000000098300000, 0x0000000098400000, 0x0000000098400000|100%| O|  |TAMS 0x0000000098300000, 0x0000000098300000| Untracked 
| 388|0x0000000098400000, 0x0000000098500000, 0x0000000098500000|100%| O|  |TAMS 0x0000000098400000, 0x0000000098400000| Untracked 
| 389|0x0000000098500000, 0x0000000098600000, 0x0000000098600000|100%| O|  |TAMS 0x0000000098500000, 0x0000000098500000| Untracked 
| 390|0x0000000098600000, 0x0000000098700000, 0x0000000098700000|100%| O|  |TAMS 0x0000000098600000, 0x0000000098600000| Untracked 
| 391|0x0000000098700000, 0x0000000098800000, 0x0000000098800000|100%| O|  |TAMS 0x0000000098700000, 0x0000000098700000| Untracked 
| 392|0x0000000098800000, 0x0000000098900000, 0x0000000098900000|100%| O|  |TAMS 0x0000000098800000, 0x0000000098800000| Untracked 
| 393|0x0000000098900000, 0x0000000098a00000, 0x0000000098a00000|100%| O|  |TAMS 0x0000000098900000, 0x0000000098900000| Untracked 
| 394|0x0000000098a00000, 0x0000000098b00000, 0x0000000098b00000|100%| O|  |TAMS 0x0000000098a00000, 0x0000000098a00000| Untracked 
| 395|0x0000000098b00000, 0x0000000098c00000, 0x0000000098c00000|100%| O|  |TAMS 0x0000000098b00000, 0x0000000098b00000| Untracked 
| 396|0x0000000098c00000, 0x0000000098d00000, 0x0000000098d00000|100%| O|  |TAMS 0x0000000098c00000, 0x0000000098c00000| Untracked 
| 397|0x0000000098d00000, 0x0000000098e00000, 0x0000000098e00000|100%| O|  |TAMS 0x0000000098d00000, 0x0000000098d00000| Untracked 
| 398|0x0000000098e00000, 0x0000000098f00000, 0x0000000098f00000|100%| O|  |TAMS 0x0000000098e00000, 0x0000000098e00000| Untracked 
| 399|0x0000000098f00000, 0x0000000099000000, 0x0000000099000000|100%| O|  |TAMS 0x0000000098f00000, 0x0000000098f00000| Untracked 
| 400|0x0000000099000000, 0x0000000099100000, 0x0000000099100000|100%| O|  |TAMS 0x0000000099000000, 0x0000000099000000| Untracked 
| 401|0x0000000099100000, 0x0000000099200000, 0x0000000099200000|100%| O|  |TAMS 0x0000000099100000, 0x0000000099100000| Untracked 
| 402|0x0000000099200000, 0x0000000099300000, 0x0000000099300000|100%| O|  |TAMS 0x0000000099200000, 0x0000000099200000| Untracked 
| 403|0x0000000099300000, 0x0000000099400000, 0x0000000099400000|100%| O|  |TAMS 0x0000000099300000, 0x0000000099300000| Untracked 
| 404|0x0000000099400000, 0x0000000099500000, 0x0000000099500000|100%| O|  |TAMS 0x0000000099400000, 0x0000000099400000| Untracked 
| 405|0x0000000099500000, 0x0000000099600000, 0x0000000099600000|100%| O|  |TAMS 0x0000000099500000, 0x0000000099500000| Untracked 
| 406|0x0000000099600000, 0x0000000099700000, 0x0000000099700000|100%| O|  |TAMS 0x0000000099600000, 0x0000000099600000| Untracked 
| 407|0x0000000099700000, 0x0000000099800000, 0x0000000099800000|100%| O|  |TAMS 0x0000000099700000, 0x0000000099700000| Untracked 
| 408|0x0000000099800000, 0x0000000099900000, 0x0000000099900000|100%| O|  |TAMS 0x0000000099800000, 0x0000000099800000| Untracked 
| 409|0x0000000099900000, 0x0000000099a00000, 0x0000000099a00000|100%| O|  |TAMS 0x0000000099900000, 0x0000000099900000| Untracked 
| 410|0x0000000099a00000, 0x0000000099b00000, 0x0000000099b00000|100%| O|  |TAMS 0x0000000099a00000, 0x0000000099a00000| Untracked 
| 411|0x0000000099b00000, 0x0000000099c00000, 0x0000000099c00000|100%| O|  |TAMS 0x0000000099b00000, 0x0000000099b00000| Untracked 
| 412|0x0000000099c00000, 0x0000000099d00000, 0x0000000099d00000|100%| O|  |TAMS 0x0000000099c00000, 0x0000000099c00000| Untracked 
| 413|0x0000000099d00000, 0x0000000099e00000, 0x0000000099e00000|100%| O|  |TAMS 0x0000000099d00000, 0x0000000099d00000| Untracked 
| 414|0x0000000099e00000, 0x0000000099f00000, 0x0000000099f00000|100%| O|  |TAMS 0x0000000099e00000, 0x0000000099e00000| Untracked 
| 415|0x0000000099f00000, 0x000000009a000000, 0x000000009a000000|100%| O|  |TAMS 0x0000000099f00000, 0x0000000099f00000| Untracked 
| 416|0x000000009a000000, 0x000000009a100000, 0x000000009a100000|100%| O|  |TAMS 0x000000009a000000, 0x000000009a000000| Untracked 
| 417|0x000000009a100000, 0x000000009a200000, 0x000000009a200000|100%| O|  |TAMS 0x000000009a100000, 0x000000009a100000| Untracked 
| 418|0x000000009a200000, 0x000000009a300000, 0x000000009a300000|100%| O|  |TAMS 0x000000009a200000, 0x000000009a200000| Untracked 
| 419|0x000000009a300000, 0x000000009a400000, 0x000000009a400000|100%| O|  |TAMS 0x000000009a300000, 0x000000009a300000| Untracked 
| 420|0x000000009a400000, 0x000000009a500000, 0x000000009a500000|100%| O|  |TAMS 0x000000009a400000, 0x000000009a400000| Untracked 
| 421|0x000000009a500000, 0x000000009a600000, 0x000000009a600000|100%| O|  |TAMS 0x000000009a500000, 0x000000009a500000| Untracked 
| 422|0x000000009a600000, 0x000000009a700000, 0x000000009a700000|100%| O|  |TAMS 0x000000009a600000, 0x000000009a600000| Untracked 
| 423|0x000000009a700000, 0x000000009a800000, 0x000000009a800000|100%| O|  |TAMS 0x000000009a700000, 0x000000009a700000| Untracked 
| 424|0x000000009a800000, 0x000000009a900000, 0x000000009a900000|100%| O|  |TAMS 0x000000009a800000, 0x000000009a800000| Untracked 
| 425|0x000000009a900000, 0x000000009aa00000, 0x000000009aa00000|100%| O|  |TAMS 0x000000009a900000, 0x000000009a900000| Untracked 
| 426|0x000000009aa00000, 0x000000009ab00000, 0x000000009ab00000|100%| O|  |TAMS 0x000000009aa00000, 0x000000009aa00000| Untracked 
| 427|0x000000009ab00000, 0x000000009ac00000, 0x000000009ac00000|100%| O|  |TAMS 0x000000009ab00000, 0x000000009ab00000| Untracked 
| 428|0x000000009ac00000, 0x000000009ad00000, 0x000000009ad00000|100%| O|  |TAMS 0x000000009ac00000, 0x000000009ac00000| Untracked 
| 429|0x000000009ad00000, 0x000000009ae00000, 0x000000009ae00000|100%| O|  |TAMS 0x000000009ad00000, 0x000000009ad00000| Untracked 
| 430|0x000000009ae00000, 0x000000009af00000, 0x000000009af00000|100%| O|  |TAMS 0x000000009ae00000, 0x000000009ae00000| Untracked 
| 431|0x000000009af00000, 0x000000009b000000, 0x000000009b000000|100%| O|  |TAMS 0x000000009af00000, 0x000000009af00000| Untracked 
| 432|0x000000009b000000, 0x000000009b100000, 0x000000009b100000|100%| O|  |TAMS 0x000000009b000000, 0x000000009b000000| Untracked 
| 433|0x000000009b100000, 0x000000009b200000, 0x000000009b200000|100%| O|  |TAMS 0x000000009b100000, 0x000000009b100000| Untracked 
| 434|0x000000009b200000, 0x000000009b300000, 0x000000009b300000|100%| O|  |TAMS 0x000000009b200000, 0x000000009b200000| Untracked 
| 435|0x000000009b300000, 0x000000009b400000, 0x000000009b400000|100%| O|  |TAMS 0x000000009b300000, 0x000000009b300000| Untracked 
| 436|0x000000009b400000, 0x000000009b500000, 0x000000009b500000|100%| O|  |TAMS 0x000000009b400000, 0x000000009b400000| Untracked 
| 437|0x000000009b500000, 0x000000009b600000, 0x000000009b600000|100%| O|  |TAMS 0x000000009b500000, 0x000000009b500000| Untracked 
| 438|0x000000009b600000, 0x000000009b700000, 0x000000009b700000|100%| O|  |TAMS 0x000000009b600000, 0x000000009b600000| Untracked 
| 439|0x000000009b700000, 0x000000009b800000, 0x000000009b800000|100%| O|  |TAMS 0x000000009b700000, 0x000000009b700000| Untracked 
| 440|0x000000009b800000, 0x000000009b900000, 0x000000009b900000|100%| O|  |TAMS 0x000000009b800000, 0x000000009b800000| Untracked 
| 441|0x000000009b900000, 0x000000009ba00000, 0x000000009ba00000|100%| O|  |TAMS 0x000000009b900000, 0x000000009b900000| Untracked 
| 442|0x000000009ba00000, 0x000000009bb00000, 0x000000009bb00000|100%| O|  |TAMS 0x000000009ba00000, 0x000000009ba00000| Untracked 
| 443|0x000000009bb00000, 0x000000009bc00000, 0x000000009bc00000|100%| O|  |TAMS 0x000000009bb00000, 0x000000009bb00000| Untracked 
| 444|0x000000009bc00000, 0x000000009bd00000, 0x000000009bd00000|100%| O|  |TAMS 0x000000009bc00000, 0x000000009bc00000| Untracked 
| 445|0x000000009bd00000, 0x000000009be00000, 0x000000009be00000|100%| O|  |TAMS 0x000000009bd00000, 0x000000009bd00000| Untracked 
| 446|0x000000009be00000, 0x000000009bf00000, 0x000000009bf00000|100%| O|  |TAMS 0x000000009be00000, 0x000000009be00000| Untracked 
| 447|0x000000009bf00000, 0x000000009c000000, 0x000000009c000000|100%| O|  |TAMS 0x000000009bf00000, 0x000000009bf00000| Untracked 
| 448|0x000000009c000000, 0x000000009c100000, 0x000000009c100000|100%| O|  |TAMS 0x000000009c000000, 0x000000009c000000| Untracked 
| 449|0x000000009c100000, 0x000000009c200000, 0x000000009c200000|100%| O|  |TAMS 0x000000009c100000, 0x000000009c100000| Untracked 
| 450|0x000000009c200000, 0x000000009c300000, 0x000000009c300000|100%| O|  |TAMS 0x000000009c200000, 0x000000009c200000| Untracked 
| 451|0x000000009c300000, 0x000000009c400000, 0x000000009c400000|100%| O|  |TAMS 0x000000009c300000, 0x000000009c300000| Untracked 
| 452|0x000000009c400000, 0x000000009c500000, 0x000000009c500000|100%| O|  |TAMS 0x000000009c400000, 0x000000009c400000| Untracked 
| 453|0x000000009c500000, 0x000000009c600000, 0x000000009c600000|100%| O|  |TAMS 0x000000009c500000, 0x000000009c500000| Untracked 
| 454|0x000000009c600000, 0x000000009c700000, 0x000000009c700000|100%| O|  |TAMS 0x000000009c600000, 0x000000009c600000| Untracked 
| 455|0x000000009c700000, 0x000000009c800000, 0x000000009c800000|100%| O|  |TAMS 0x000000009c700000, 0x000000009c700000| Untracked 
| 456|0x000000009c800000, 0x000000009c8e8e00, 0x000000009c900000| 90%| O|  |TAMS 0x000000009c800000, 0x000000009c800000| Untracked 
| 457|0x000000009c900000, 0x000000009ca00000, 0x000000009ca00000|100%|HS|  |TAMS 0x000000009c900000, 0x000000009c900000| Complete 
| 458|0x000000009ca00000, 0x000000009cb00000, 0x000000009cb00000|100%|HS|  |TAMS 0x000000009ca00000, 0x000000009ca00000| Complete 
| 459|0x000000009cb00000, 0x000000009cc00000, 0x000000009cc00000|100%|HS|  |TAMS 0x000000009cb00000, 0x000000009cb00000| Complete 
| 460|0x000000009cc00000, 0x000000009cd00000, 0x000000009cd00000|100%|HS|  |TAMS 0x000000009cc00000, 0x000000009cc00000| Complete 
| 461|0x000000009cd00000, 0x000000009ce00000, 0x000000009ce00000|100%|HS|  |TAMS 0x000000009cd00000, 0x000000009cd00000| Complete 
| 462|0x000000009ce00000, 0x000000009ce00000, 0x000000009cf00000|  0%| F|  |TAMS 0x000000009ce00000, 0x000000009ce00000| Untracked 
| 463|0x000000009cf00000, 0x000000009cf00000, 0x000000009d000000|  0%| F|  |TAMS 0x000000009cf00000, 0x000000009cf00000| Untracked 
| 464|0x000000009d000000, 0x000000009d000000, 0x000000009d100000|  0%| F|  |TAMS 0x000000009d000000, 0x000000009d000000| Untracked 
| 465|0x000000009d100000, 0x000000009d100000, 0x000000009d200000|  0%| F|  |TAMS 0x000000009d100000, 0x000000009d100000| Untracked 
| 466|0x000000009d200000, 0x000000009d200000, 0x000000009d300000|  0%| F|  |TAMS 0x000000009d200000, 0x000000009d200000| Untracked 
| 467|0x000000009d300000, 0x000000009d300000, 0x000000009d400000|  0%| F|  |TAMS 0x000000009d300000, 0x000000009d300000| Untracked 
| 468|0x000000009d400000, 0x000000009d400000, 0x000000009d500000|  0%| F|  |TAMS 0x000000009d400000, 0x000000009d400000| Untracked 
| 469|0x000000009d500000, 0x000000009d500000, 0x000000009d600000|  0%| F|  |TAMS 0x000000009d500000, 0x000000009d500000| Untracked 
| 470|0x000000009d600000, 0x000000009d600000, 0x000000009d700000|  0%| F|  |TAMS 0x000000009d600000, 0x000000009d600000| Untracked 
| 471|0x000000009d700000, 0x000000009d700000, 0x000000009d800000|  0%| F|  |TAMS 0x000000009d700000, 0x000000009d700000| Untracked 
| 472|0x000000009d800000, 0x000000009d800000, 0x000000009d900000|  0%| F|  |TAMS 0x000000009d800000, 0x000000009d800000| Untracked 
| 473|0x000000009d900000, 0x000000009d900000, 0x000000009da00000|  0%| F|  |TAMS 0x000000009d900000, 0x000000009d900000| Untracked 
| 474|0x000000009da00000, 0x000000009da00000, 0x000000009db00000|  0%| F|  |TAMS 0x000000009da00000, 0x000000009da00000| Untracked 
| 475|0x000000009db00000, 0x000000009db00000, 0x000000009dc00000|  0%| F|  |TAMS 0x000000009db00000, 0x000000009db00000| Untracked 
| 476|0x000000009dc00000, 0x000000009dc00000, 0x000000009dd00000|  0%| F|  |TAMS 0x000000009dc00000, 0x000000009dc00000| Untracked 
| 477|0x000000009dd00000, 0x000000009dd00000, 0x000000009de00000|  0%| F|  |TAMS 0x000000009dd00000, 0x000000009dd00000| Untracked 
| 478|0x000000009de00000, 0x000000009de00000, 0x000000009df00000|  0%| F|  |TAMS 0x000000009de00000, 0x000000009de00000| Untracked 
| 479|0x000000009df00000, 0x000000009df00000, 0x000000009e000000|  0%| F|  |TAMS 0x000000009df00000, 0x000000009df00000| Untracked 
| 480|0x000000009e000000, 0x000000009e000000, 0x000000009e100000|  0%| F|  |TAMS 0x000000009e000000, 0x000000009e000000| Untracked 
| 481|0x000000009e100000, 0x000000009e100000, 0x000000009e200000|  0%| F|  |TAMS 0x000000009e100000, 0x000000009e100000| Untracked 
| 482|0x000000009e200000, 0x000000009e200000, 0x000000009e300000|  0%| F|  |TAMS 0x000000009e200000, 0x000000009e200000| Untracked 
| 483|0x000000009e300000, 0x000000009e300000, 0x000000009e400000|  0%| F|  |TAMS 0x000000009e300000, 0x000000009e300000| Untracked 
| 484|0x000000009e400000, 0x000000009e400000, 0x000000009e500000|  0%| F|  |TAMS 0x000000009e400000, 0x000000009e400000| Untracked 
| 485|0x000000009e500000, 0x000000009e500000, 0x000000009e600000|  0%| F|  |TAMS 0x000000009e500000, 0x000000009e500000| Untracked 
| 486|0x000000009e600000, 0x000000009e600000, 0x000000009e700000|  0%| F|  |TAMS 0x000000009e600000, 0x000000009e600000| Untracked 
| 487|0x000000009e700000, 0x000000009e700000, 0x000000009e800000|  0%| F|  |TAMS 0x000000009e700000, 0x000000009e700000| Untracked 
| 488|0x000000009e800000, 0x000000009e800000, 0x000000009e900000|  0%| F|  |TAMS 0x000000009e800000, 0x000000009e800000| Untracked 
| 489|0x000000009e900000, 0x000000009e900000, 0x000000009ea00000|  0%| F|  |TAMS 0x000000009e900000, 0x000000009e900000| Untracked 
| 490|0x000000009ea00000, 0x000000009ea00000, 0x000000009eb00000|  0%| F|  |TAMS 0x000000009ea00000, 0x000000009ea00000| Untracked 
| 491|0x000000009eb00000, 0x000000009eb00000, 0x000000009ec00000|  0%| F|  |TAMS 0x000000009eb00000, 0x000000009eb00000| Untracked 
| 492|0x000000009ec00000, 0x000000009ec00000, 0x000000009ed00000|  0%| F|  |TAMS 0x000000009ec00000, 0x000000009ec00000| Untracked 
| 493|0x000000009ed00000, 0x000000009ed00000, 0x000000009ee00000|  0%| F|  |TAMS 0x000000009ed00000, 0x000000009ed00000| Untracked 
| 494|0x000000009ee00000, 0x000000009ee00000, 0x000000009ef00000|  0%| F|  |TAMS 0x000000009ee00000, 0x000000009ee00000| Untracked 
| 495|0x000000009ef00000, 0x000000009ef00000, 0x000000009f000000|  0%| F|  |TAMS 0x000000009ef00000, 0x000000009ef00000| Untracked 
| 496|0x000000009f000000, 0x000000009f000000, 0x000000009f100000|  0%| F|  |TAMS 0x000000009f000000, 0x000000009f000000| Untracked 
| 497|0x000000009f100000, 0x000000009f100000, 0x000000009f200000|  0%| F|  |TAMS 0x000000009f100000, 0x000000009f100000| Untracked 
| 498|0x000000009f200000, 0x000000009f200000, 0x000000009f300000|  0%| F|  |TAMS 0x000000009f200000, 0x000000009f200000| Untracked 
| 499|0x000000009f300000, 0x000000009f300000, 0x000000009f400000|  0%| F|  |TAMS 0x000000009f300000, 0x000000009f300000| Untracked 
| 500|0x000000009f400000, 0x000000009f400000, 0x000000009f500000|  0%| F|  |TAMS 0x000000009f400000, 0x000000009f400000| Untracked 
| 501|0x000000009f500000, 0x000000009f500000, 0x000000009f600000|  0%| F|  |TAMS 0x000000009f500000, 0x000000009f500000| Untracked 
| 502|0x000000009f600000, 0x000000009f600000, 0x000000009f700000|  0%| F|  |TAMS 0x000000009f600000, 0x000000009f600000| Untracked 
| 503|0x000000009f700000, 0x000000009f700000, 0x000000009f800000|  0%| F|  |TAMS 0x000000009f700000, 0x000000009f700000| Untracked 
| 504|0x000000009f800000, 0x000000009f800000, 0x000000009f900000|  0%| F|  |TAMS 0x000000009f800000, 0x000000009f800000| Untracked 
| 505|0x000000009f900000, 0x000000009f900000, 0x000000009fa00000|  0%| F|  |TAMS 0x000000009f900000, 0x000000009f900000| Untracked 
| 506|0x000000009fa00000, 0x000000009fa00000, 0x000000009fb00000|  0%| F|  |TAMS 0x000000009fa00000, 0x000000009fa00000| Untracked 
| 507|0x000000009fb00000, 0x000000009fb00000, 0x000000009fc00000|  0%| F|  |TAMS 0x000000009fb00000, 0x000000009fb00000| Untracked 
| 508|0x000000009fc00000, 0x000000009fc00000, 0x000000009fd00000|  0%| F|  |TAMS 0x000000009fc00000, 0x000000009fc00000| Untracked 
| 509|0x000000009fd00000, 0x000000009fd00000, 0x000000009fe00000|  0%| F|  |TAMS 0x000000009fd00000, 0x000000009fd00000| Untracked 
| 510|0x000000009fe00000, 0x000000009fe00000, 0x000000009ff00000|  0%| F|  |TAMS 0x000000009fe00000, 0x000000009fe00000| Untracked 
| 511|0x000000009ff00000, 0x000000009ff00000, 0x00000000a0000000|  0%| F|  |TAMS 0x000000009ff00000, 0x000000009ff00000| Untracked 
| 512|0x00000000a0000000, 0x00000000a0000000, 0x00000000a0100000|  0%| F|  |TAMS 0x00000000a0000000, 0x00000000a0000000| Untracked 
| 513|0x00000000a0100000, 0x00000000a0100000, 0x00000000a0200000|  0%| F|  |TAMS 0x00000000a0100000, 0x00000000a0100000| Untracked 
| 514|0x00000000a0200000, 0x00000000a0200000, 0x00000000a0300000|  0%| F|  |TAMS 0x00000000a0200000, 0x00000000a0200000| Untracked 
| 515|0x00000000a0300000, 0x00000000a0300000, 0x00000000a0400000|  0%| F|  |TAMS 0x00000000a0300000, 0x00000000a0300000| Untracked 
| 516|0x00000000a0400000, 0x00000000a0400000, 0x00000000a0500000|  0%| F|  |TAMS 0x00000000a0400000, 0x00000000a0400000| Untracked 
| 517|0x00000000a0500000, 0x00000000a0500000, 0x00000000a0600000|  0%| F|  |TAMS 0x00000000a0500000, 0x00000000a0500000| Untracked 
| 518|0x00000000a0600000, 0x00000000a0600000, 0x00000000a0700000|  0%| F|  |TAMS 0x00000000a0600000, 0x00000000a0600000| Untracked 
| 519|0x00000000a0700000, 0x00000000a0700000, 0x00000000a0800000|  0%| F|  |TAMS 0x00000000a0700000, 0x00000000a0700000| Untracked 
| 520|0x00000000a0800000, 0x00000000a0800000, 0x00000000a0900000|  0%| F|  |TAMS 0x00000000a0800000, 0x00000000a0800000| Untracked 
| 521|0x00000000a0900000, 0x00000000a0900000, 0x00000000a0a00000|  0%| F|  |TAMS 0x00000000a0900000, 0x00000000a0900000| Untracked 
| 522|0x00000000a0a00000, 0x00000000a0a00000, 0x00000000a0b00000|  0%| F|  |TAMS 0x00000000a0a00000, 0x00000000a0a00000| Untracked 
| 523|0x00000000a0b00000, 0x00000000a0b00000, 0x00000000a0c00000|  0%| F|  |TAMS 0x00000000a0b00000, 0x00000000a0b00000| Untracked 
| 524|0x00000000a0c00000, 0x00000000a0c00000, 0x00000000a0d00000|  0%| F|  |TAMS 0x00000000a0c00000, 0x00000000a0c00000| Untracked 
| 525|0x00000000a0d00000, 0x00000000a0d00000, 0x00000000a0e00000|  0%| F|  |TAMS 0x00000000a0d00000, 0x00000000a0d00000| Untracked 
| 526|0x00000000a0e00000, 0x00000000a0e00000, 0x00000000a0f00000|  0%| F|  |TAMS 0x00000000a0e00000, 0x00000000a0e00000| Untracked 
| 527|0x00000000a0f00000, 0x00000000a0f00000, 0x00000000a1000000|  0%| F|  |TAMS 0x00000000a0f00000, 0x00000000a0f00000| Untracked 
| 528|0x00000000a1000000, 0x00000000a1094fc0, 0x00000000a1100000| 58%| S|CS|TAMS 0x00000000a1000000, 0x00000000a1000000| Complete 
| 529|0x00000000a1100000, 0x00000000a1200000, 0x00000000a1200000|100%| S|CS|TAMS 0x00000000a1100000, 0x00000000a1100000| Complete 
| 530|0x00000000a1200000, 0x00000000a1300000, 0x00000000a1300000|100%| S|CS|TAMS 0x00000000a1200000, 0x00000000a1200000| Complete 
| 531|0x00000000a1300000, 0x00000000a1300000, 0x00000000a1400000|  0%| F|  |TAMS 0x00000000a1300000, 0x00000000a1300000| Untracked 
| 532|0x00000000a1400000, 0x00000000a1400000, 0x00000000a1500000|  0%| F|  |TAMS 0x00000000a1400000, 0x00000000a1400000| Untracked 
| 533|0x00000000a1500000, 0x00000000a1500000, 0x00000000a1600000|  0%| F|  |TAMS 0x00000000a1500000, 0x00000000a1500000| Untracked 
| 534|0x00000000a1600000, 0x00000000a1600000, 0x00000000a1700000|  0%| F|  |TAMS 0x00000000a1600000, 0x00000000a1600000| Untracked 
| 535|0x00000000a1700000, 0x00000000a1700000, 0x00000000a1800000|  0%| F|  |TAMS 0x00000000a1700000, 0x00000000a1700000| Untracked 
| 536|0x00000000a1800000, 0x00000000a1800000, 0x00000000a1900000|  0%| F|  |TAMS 0x00000000a1800000, 0x00000000a1800000| Untracked 
| 537|0x00000000a1900000, 0x00000000a1900000, 0x00000000a1a00000|  0%| F|  |TAMS 0x00000000a1900000, 0x00000000a1900000| Untracked 
| 538|0x00000000a1a00000, 0x00000000a1a00000, 0x00000000a1b00000|  0%| F|  |TAMS 0x00000000a1a00000, 0x00000000a1a00000| Untracked 
| 539|0x00000000a1b00000, 0x00000000a1b00000, 0x00000000a1c00000|  0%| F|  |TAMS 0x00000000a1b00000, 0x00000000a1b00000| Untracked 
| 540|0x00000000a1c00000, 0x00000000a1ca6af8, 0x00000000a1d00000| 65%| E|  |TAMS 0x00000000a1c00000, 0x00000000a1c00000| Complete 
| 541|0x00000000a1d00000, 0x00000000a1e00000, 0x00000000a1e00000|100%| E|CS|TAMS 0x00000000a1d00000, 0x00000000a1d00000| Complete 
| 542|0x00000000a1e00000, 0x00000000a1f00000, 0x00000000a1f00000|100%| E|CS|TAMS 0x00000000a1e00000, 0x00000000a1e00000| Complete 
| 543|0x00000000a1f00000, 0x00000000a2000000, 0x00000000a2000000|100%| E|  |TAMS 0x00000000a1f00000, 0x00000000a1f00000| Complete 
| 544|0x00000000a2000000, 0x00000000a2100000, 0x00000000a2100000|100%| E|CS|TAMS 0x00000000a2000000, 0x00000000a2000000| Complete 
| 545|0x00000000a2100000, 0x00000000a2200000, 0x00000000a2200000|100%| E|CS|TAMS 0x00000000a2100000, 0x00000000a2100000| Complete 
| 546|0x00000000a2200000, 0x00000000a2300000, 0x00000000a2300000|100%| E|CS|TAMS 0x00000000a2200000, 0x00000000a2200000| Complete 
| 547|0x00000000a2300000, 0x00000000a2400000, 0x00000000a2400000|100%| E|CS|TAMS 0x00000000a2300000, 0x00000000a2300000| Complete 
| 548|0x00000000a2400000, 0x00000000a2500000, 0x00000000a2500000|100%| E|CS|TAMS 0x00000000a2400000, 0x00000000a2400000| Complete 
| 549|0x00000000a2500000, 0x00000000a2600000, 0x00000000a2600000|100%| E|CS|TAMS 0x00000000a2500000, 0x00000000a2500000| Complete 
| 550|0x00000000a2600000, 0x00000000a2700000, 0x00000000a2700000|100%| E|CS|TAMS 0x00000000a2600000, 0x00000000a2600000| Complete 
| 551|0x00000000a2700000, 0x00000000a2800000, 0x00000000a2800000|100%| E|CS|TAMS 0x00000000a2700000, 0x00000000a2700000| Complete 
| 552|0x00000000a2800000, 0x00000000a2900000, 0x00000000a2900000|100%| E|CS|TAMS 0x00000000a2800000, 0x00000000a2800000| Complete 
| 553|0x00000000a2900000, 0x00000000a2a00000, 0x00000000a2a00000|100%| E|CS|TAMS 0x00000000a2900000, 0x00000000a2900000| Complete 
| 554|0x00000000a2a00000, 0x00000000a2b00000, 0x00000000a2b00000|100%| E|CS|TAMS 0x00000000a2a00000, 0x00000000a2a00000| Complete 
| 555|0x00000000a2b00000, 0x00000000a2c00000, 0x00000000a2c00000|100%| E|CS|TAMS 0x00000000a2b00000, 0x00000000a2b00000| Complete 
| 556|0x00000000a2c00000, 0x00000000a2d00000, 0x00000000a2d00000|100%| E|CS|TAMS 0x00000000a2c00000, 0x00000000a2c00000| Complete 
| 557|0x00000000a2d00000, 0x00000000a2e00000, 0x00000000a2e00000|100%| E|CS|TAMS 0x00000000a2d00000, 0x00000000a2d00000| Complete 
| 558|0x00000000a2e00000, 0x00000000a2f00000, 0x00000000a2f00000|100%| E|CS|TAMS 0x00000000a2e00000, 0x00000000a2e00000| Complete 
| 559|0x00000000a2f00000, 0x00000000a3000000, 0x00000000a3000000|100%| E|CS|TAMS 0x00000000a2f00000, 0x00000000a2f00000| Complete 
| 560|0x00000000a3000000, 0x00000000a3100000, 0x00000000a3100000|100%| E|CS|TAMS 0x00000000a3000000, 0x00000000a3000000| Complete 
| 561|0x00000000a3100000, 0x00000000a3200000, 0x00000000a3200000|100%| E|CS|TAMS 0x00000000a3100000, 0x00000000a3100000| Complete 
| 562|0x00000000a3200000, 0x00000000a3300000, 0x00000000a3300000|100%| E|CS|TAMS 0x00000000a3200000, 0x00000000a3200000| Complete 
| 563|0x00000000a3300000, 0x00000000a3400000, 0x00000000a3400000|100%| E|CS|TAMS 0x00000000a3300000, 0x00000000a3300000| Complete 
| 564|0x00000000a3400000, 0x00000000a3500000, 0x00000000a3500000|100%| E|CS|TAMS 0x00000000a3400000, 0x00000000a3400000| Complete 
| 565|0x00000000a3500000, 0x00000000a3600000, 0x00000000a3600000|100%| E|CS|TAMS 0x00000000a3500000, 0x00000000a3500000| Complete 
| 566|0x00000000a3600000, 0x00000000a3700000, 0x00000000a3700000|100%| E|CS|TAMS 0x00000000a3600000, 0x00000000a3600000| Complete 
| 567|0x00000000a3700000, 0x00000000a3800000, 0x00000000a3800000|100%| E|CS|TAMS 0x00000000a3700000, 0x00000000a3700000| Complete 
| 568|0x00000000a3800000, 0x00000000a3900000, 0x00000000a3900000|100%| E|CS|TAMS 0x00000000a3800000, 0x00000000a3800000| Complete 
| 569|0x00000000a3900000, 0x00000000a3a00000, 0x00000000a3a00000|100%| E|CS|TAMS 0x00000000a3900000, 0x00000000a3900000| Complete 
| 570|0x00000000a3a00000, 0x00000000a3b00000, 0x00000000a3b00000|100%| E|CS|TAMS 0x00000000a3a00000, 0x00000000a3a00000| Complete 
| 571|0x00000000a3b00000, 0x00000000a3c00000, 0x00000000a3c00000|100%| E|CS|TAMS 0x00000000a3b00000, 0x00000000a3b00000| Complete 
| 572|0x00000000a3c00000, 0x00000000a3d00000, 0x00000000a3d00000|100%| E|CS|TAMS 0x00000000a3c00000, 0x00000000a3c00000| Complete 

Card table byte_map: [0x000001d2c6270000,0x000001d2c6670000] _byte_map_base: 0x000001d2c5e70000

Marking Bits (Prev, Next): (CMBitMap*) 0x000001d2ace2aaa0, (CMBitMap*) 0x000001d2ace2aa60
 Prev Bits: [0x000001d2c8a70000, 0x000001d2caa70000)
 Next Bits: [0x000001d2c6a70000, 0x000001d2c8a70000)

Polling page: 0x000001d2acf70000

Metaspace:

Usage:
  Non-class:    106.59 MB used.
      Class:     17.16 MB used.
       Both:    123.76 MB used.

Virtual space:
  Non-class space:      128.00 MB reserved,     108.00 MB ( 84%) committed,  2 nodes.
      Class space:      416.00 MB reserved,      18.31 MB (  4%) committed,  1 nodes.
             Both:      544.00 MB reserved,     126.31 MB ( 23%) committed. 

Chunk freelists:
   Non-Class:  3.22 MB
       Class:  13.73 MB
        Both:  16.95 MB

MaxMetaspaceSize: 512.00 MB
CompressedClassSpaceSize: 416.00 MB
Initial GC threshold: 21.00 MB
Current GC threshold: 174.38 MB
CDS: on
MetaspaceReclaimPolicy: balanced
 - commit_granule_bytes: 65536.
 - commit_granule_words: 8192.
 - virtual_space_node_default_size: 8388608.
 - enlarge_chunks_in_place: 1.
 - new_chunks_are_fully_committed: 0.
 - uncommit_free_chunks: 1.
 - use_allocation_guard: 0.
 - handle_deallocations: 1.


Internal statistics:

num_allocs_failed_limit: 9.
num_arena_births: 3088.
num_arena_deaths: 0.
num_vsnodes_births: 3.
num_vsnodes_deaths: 0.
num_space_committed: 2020.
num_space_uncommitted: 0.
num_chunks_returned_to_freelist: 9.
num_chunks_taken_from_freelist: 9585.
num_chunk_merges: 9.
num_chunk_splits: 5779.
num_chunks_enlarged: 3164.
num_inconsistent_stats: 0.

CodeHeap 'non-profiled nmethods': size=120000Kb used=16080Kb max_used=16080Kb free=103920Kb
 bounds [0x000001d2be610000, 0x000001d2bf5d0000, 0x000001d2c5b40000]
CodeHeap 'profiled nmethods': size=120000Kb used=35417Kb max_used=35417Kb free=84583Kb
 bounds [0x000001d2b6b40000, 0x000001d2b8de0000, 0x000001d2be070000]
CodeHeap 'non-nmethods': size=5760Kb used=2484Kb max_used=2558Kb free=3275Kb
 bounds [0x000001d2be070000, 0x000001d2be300000, 0x000001d2be610000]
 total_blobs=19752 nmethods=18735 adapters=927
 compilation: enabled
              stopped_count=0, restarted_count=0
 full_count=0

Compilation events (20 events):
Event: 139.362 Thread 0x000001d2cd53d3c0 23087       1       org.gradle.internal.execution.history.changes.ExecutionStateChanges$2::getChangeDescriptions (5 bytes)
Event: 139.362 Thread 0x000001d2cd53d3c0 nmethod 23087 0x000001d2bf5b8210 code [0x000001d2bf5b83a0, 0x000001d2bf5b8478]
Event: 139.387 Thread 0x000001d2cd53d3c0 23089       3       org.gradle.api.internal.provider.AbstractProperty::beforeRead (21 bytes)
Event: 139.388 Thread 0x000001d2cd53d3c0 nmethod 23089 0x000001d2b8db5490 code [0x000001d2b8db56e0, 0x000001d2b8db61a8]
Event: 139.388 Thread 0x000001d2cd53d3c0 23090   !   3       org.gradle.api.internal.provider.AbstractProperty::calculateOwnValue (54 bytes)
Event: 139.389 Thread 0x000001d2cd53d3c0 nmethod 23090 0x000001d2b7842b90 code [0x000001d2b7842de0, 0x000001d2b7843688]
Event: 139.389 Thread 0x000001d2cd53d3c0 23091       3       java.util.TreeSet::spliterator (8 bytes)
Event: 139.389 Thread 0x000001d2cd53d3c0 nmethod 23091 0x000001d2b8db6510 code [0x000001d2b8db66c0, 0x000001d2b8db6808]
Event: 139.389 Thread 0x000001d2cd53d3c0 23092       3       java.util.TreeMap::keySpliteratorFor (59 bytes)
Event: 139.390 Thread 0x000001d2cd53d3c0 nmethod 23092 0x000001d2b8db6890 code [0x000001d2b8db6ac0, 0x000001d2b8db7308]
Event: 139.390 Thread 0x000001d2cd53d3c0 23093       3       org.gradle.tooling.internal.provider.runner.OperationDependenciesResolver$$Lambda$1739/0x000001d2cfa24000::test (8 bytes)
Event: 139.390 Thread 0x000001d2cd53d3c0 nmethod 23093 0x000001d2b8db7510 code [0x000001d2b8db76c0, 0x000001d2b8db7998]
Event: 139.403 Thread 0x000001d2cd53d3c0 23094       3       org.gradle.internal.execution.caching.impl.DefaultCachingStateFactory$$Lambda$2562/0x000001d2d0209c90::accept (20 bytes)
Event: 139.404 Thread 0x000001d2cd53d3c0 nmethod 23094 0x000001d2b8db7a90 code [0x000001d2b8db7c40, 0x000001d2b8db7fa8]
Event: 139.404 Thread 0x000001d2cd53d3c0 23095       3       org.gradle.internal.execution.caching.impl.DefaultCachingStateFactory::lambda$calculateCacheKey$2 (43 bytes)
Event: 139.406 Thread 0x000001d2cd53d3c0 nmethod 23095 0x000001d2b8db8090 code [0x000001d2b8db8460, 0x000001d2b8dba1a8]
Event: 139.421 Thread 0x000001d2cd53d3c0 23097       1       java.util.concurrent.ThreadPoolExecutor::getThreadFactory (5 bytes)
Event: 139.421 Thread 0x000001d2cd53d3c0 nmethod 23097 0x000001d2bf5b8510 code [0x000001d2bf5b86a0, 0x000001d2bf5b8778]
Event: 140.450 Thread 0x000001d2cd53d3c0 23098       3       java.lang.invoke.StringConcatFactory::parseRecipe (198 bytes)
Event: 140.453 Thread 0x000001d2cd53d3c0 nmethod 23098 0x000001d2b8dbad90 code [0x000001d2b8dbb220, 0x000001d2b8dbd6f8]

GC Heap History (20 events):
Event: 65.662 GC heap before
{Heap before GC invocations=95 (full 0):
 garbage-first heap   total 586752K, used 503010K [0x0000000080000000, 0x0000000100000000)
  region size 1024K, 141 young (144384K), 17 survivors (17408K)
 Metaspace       used 115032K, committed 117312K, reserved 557056K
  class space    used 16083K, committed 17088K, reserved 425984K
}
Event: 65.673 GC heap after
{Heap after GC invocations=96 (full 0):
 garbage-first heap   total 586752K, used 387245K [0x0000000080000000, 0x0000000100000000)
  region size 1024K, 13 young (13312K), 13 survivors (13312K)
 Metaspace       used 115032K, committed 117312K, reserved 557056K
  class space    used 16083K, committed 17088K, reserved 425984K
}
Event: 68.605 GC heap before
{Heap before GC invocations=96 (full 0):
 garbage-first heap   total 586752K, used 499885K [0x0000000080000000, 0x0000000100000000)
  region size 1024K, 122 young (124928K), 13 survivors (13312K)
 Metaspace       used 119707K, committed 121984K, reserved 557056K
  class space    used 16762K, committed 17728K, reserved 425984K
}
Event: 68.624 GC heap after
{Heap after GC invocations=97 (full 0):
 garbage-first heap   total 586752K, used 396203K [0x0000000080000000, 0x0000000100000000)
  region size 1024K, 11 young (11264K), 11 survivors (11264K)
 Metaspace       used 119707K, committed 121984K, reserved 557056K
  class space    used 16762K, committed 17728K, reserved 425984K
}
Event: 70.614 GC heap before
{Heap before GC invocations=97 (full 0):
 garbage-first heap   total 586752K, used 498603K [0x0000000080000000, 0x0000000100000000)
  region size 1024K, 111 young (113664K), 11 survivors (11264K)
 Metaspace       used 121579K, committed 123968K, reserved 557056K
  class space    used 16989K, committed 18048K, reserved 425984K
}
Event: 70.648 GC heap after
{Heap after GC invocations=98 (full 0):
 garbage-first heap   total 586752K, used 417316K [0x0000000080000000, 0x0000000100000000)
  region size 1024K, 14 young (14336K), 14 survivors (14336K)
 Metaspace       used 121579K, committed 123968K, reserved 557056K
  class space    used 16989K, committed 18048K, reserved 425984K
}
Event: 76.664 GC heap before
{Heap before GC invocations=98 (full 0):
 garbage-first heap   total 586752K, used 494116K [0x0000000080000000, 0x0000000100000000)
  region size 1024K, 89 young (91136K), 14 survivors (14336K)
 Metaspace       used 122762K, committed 125120K, reserved 557056K
  class space    used 17142K, committed 18176K, reserved 425984K
}
Event: 76.710 GC heap after
{Heap after GC invocations=99 (full 0):
 garbage-first heap   total 586752K, used 434022K [0x0000000080000000, 0x0000000100000000)
  region size 1024K, 12 young (12288K), 12 survivors (12288K)
 Metaspace       used 122762K, committed 125120K, reserved 557056K
  class space    used 17142K, committed 18176K, reserved 425984K
}
Event: 79.579 GC heap before
{Heap before GC invocations=99 (full 0):
 garbage-first heap   total 586752K, used 497510K [0x0000000080000000, 0x0000000100000000)
  region size 1024K, 74 young (75776K), 12 survivors (12288K)
 Metaspace       used 123335K, committed 125760K, reserved 557056K
  class space    used 17201K, committed 18304K, reserved 425984K
}
Event: 79.630 GC heap after
{Heap after GC invocations=100 (full 0):
 garbage-first heap   total 586752K, used 443663K [0x0000000080000000, 0x0000000100000000)
  region size 1024K, 8 young (8192K), 8 survivors (8192K)
 Metaspace       used 123335K, committed 125760K, reserved 557056K
  class space    used 17201K, committed 18304K, reserved 425984K
}
Event: 81.245 GC heap before
{Heap before GC invocations=100 (full 0):
 garbage-first heap   total 586752K, used 501007K [0x0000000080000000, 0x0000000100000000)
  region size 1024K, 64 young (65536K), 8 survivors (8192K)
 Metaspace       used 123480K, committed 125952K, reserved 557056K
  class space    used 17222K, committed 18304K, reserved 425984K
}
Event: 81.262 GC heap after
{Heap after GC invocations=101 (full 0):
 garbage-first heap   total 586752K, used 448990K [0x0000000080000000, 0x0000000100000000)
  region size 1024K, 5 young (5120K), 5 survivors (5120K)
 Metaspace       used 123480K, committed 125952K, reserved 557056K
  class space    used 17222K, committed 18304K, reserved 425984K
}
Event: 82.879 GC heap before
{Heap before GC invocations=101 (full 0):
 garbage-first heap   total 586752K, used 505310K [0x0000000080000000, 0x0000000100000000)
  region size 1024K, 60 young (61440K), 5 survivors (5120K)
 Metaspace       used 123610K, committed 126144K, reserved 557056K
  class space    used 17227K, committed 18368K, reserved 425984K
}
Event: 82.891 GC heap after
{Heap after GC invocations=102 (full 0):
 garbage-first heap   total 586752K, used 454598K [0x0000000080000000, 0x0000000100000000)
  region size 1024K, 6 young (6144K), 6 survivors (6144K)
 Metaspace       used 123610K, committed 126144K, reserved 557056K
  class space    used 17227K, committed 18368K, reserved 425984K
}
Event: 83.773 GC heap before
{Heap before GC invocations=102 (full 0):
 garbage-first heap   total 586752K, used 506822K [0x0000000080000000, 0x0000000100000000)
  region size 1024K, 57 young (58368K), 6 survivors (6144K)
 Metaspace       used 123895K, committed 126400K, reserved 557056K
  class space    used 17266K, committed 18368K, reserved 425984K
}
Event: 83.799 GC heap after
{Heap after GC invocations=103 (full 0):
 garbage-first heap   total 586752K, used 460516K [0x0000000080000000, 0x0000000100000000)
  region size 1024K, 6 young (6144K), 6 survivors (6144K)
 Metaspace       used 123895K, committed 126400K, reserved 557056K
  class space    used 17266K, committed 18368K, reserved 425984K
}
Event: 85.196 GC heap before
{Heap before GC invocations=103 (full 0):
 garbage-first heap   total 586752K, used 508644K [0x0000000080000000, 0x0000000100000000)
  region size 1024K, 53 young (54272K), 6 survivors (6144K)
 Metaspace       used 124843K, committed 127360K, reserved 557056K
  class space    used 17435K, committed 18560K, reserved 425984K
}
Event: 85.211 GC heap after
{Heap after GC invocations=104 (full 0):
 garbage-first heap   total 586752K, used 467699K [0x0000000080000000, 0x0000000100000000)
  region size 1024K, 7 young (7168K), 7 survivors (7168K)
 Metaspace       used 124843K, committed 127360K, reserved 557056K
  class space    used 17435K, committed 18560K, reserved 425984K
}
Event: 122.058 GC heap before
{Heap before GC invocations=104 (full 0):
 garbage-first heap   total 586752K, used 509683K [0x0000000080000000, 0x0000000100000000)
  region size 1024K, 49 young (50176K), 7 survivors (7168K)
 Metaspace       used 125332K, committed 127936K, reserved 557056K
  class space    used 17489K, committed 18624K, reserved 425984K
}
Event: 122.070 GC heap after
{Heap after GC invocations=105 (full 0):
 garbage-first heap   total 586752K, used 470365K [0x0000000080000000, 0x0000000100000000)
  region size 1024K, 3 young (3072K), 3 survivors (3072K)
 Metaspace       used 125332K, committed 127936K, reserved 557056K
  class space    used 17489K, committed 18624K, reserved 425984K
}

Dll operation events (15 events):
Event: 0.016 Loaded shared library C:\Program Files\Microsoft\jdk-17.0.18.8-hotspot\bin\java.dll
Event: 0.096 Loaded shared library C:\Program Files\Microsoft\jdk-17.0.18.8-hotspot\bin\jsvml.dll
Event: 0.162 Loaded shared library C:\Program Files\Microsoft\jdk-17.0.18.8-hotspot\bin\zip.dll
Event: 0.166 Loaded shared library C:\Program Files\Microsoft\jdk-17.0.18.8-hotspot\bin\instrument.dll
Event: 0.171 Loaded shared library C:\Program Files\Microsoft\jdk-17.0.18.8-hotspot\bin\net.dll
Event: 0.173 Loaded shared library C:\Program Files\Microsoft\jdk-17.0.18.8-hotspot\bin\nio.dll
Event: 0.176 Loaded shared library C:\Program Files\Microsoft\jdk-17.0.18.8-hotspot\bin\zip.dll
Event: 0.666 Loaded shared library C:\Program Files\Microsoft\jdk-17.0.18.8-hotspot\bin\jimage.dll
Event: 1.191 Loaded shared library C:\Program Files\Microsoft\jdk-17.0.18.8-hotspot\bin\verify.dll
Event: 1.351 Loaded shared library C:\Users\Sudharani-ITS130\.gradle\native\1def1411415f61bf3af743bc5b6707747c0891f09f0c88961ee8f79bc544acac\windows-amd64\native-platform.dll
Event: 1.372 Loaded shared library C:\Users\Sudharani-ITS130\.gradle\native\0.2.7\x86_64-windows-gnu\gradle-fileevents.dll
Event: 3.752 Loaded shared library C:\Program Files\Microsoft\jdk-17.0.18.8-hotspot\bin\management.dll
Event: 3.792 Loaded shared library C:\Program Files\Microsoft\jdk-17.0.18.8-hotspot\bin\management_ext.dll
Event: 4.404 Loaded shared library C:\Program Files\Microsoft\jdk-17.0.18.8-hotspot\bin\extnet.dll
Event: 4.903 Loaded shared library C:\Program Files\Microsoft\jdk-17.0.18.8-hotspot\bin\sunmscapi.dll

Deoptimization events (20 events):
Event: 139.360 Thread 0x000001d2fd674100 Uncommon trap: trap_request=0xfffffff4 fr.pc=0x000001d2be810428 relative=0x00000000000004a8
Event: 139.360 Thread 0x000001d2fd6778b0 Uncommon trap: trap_request=0xfffffff4 fr.pc=0x000001d2be810428 relative=0x00000000000004a8
Event: 139.360 Thread 0x000001d2fd674100 Uncommon trap: reason=null_check action=make_not_entrant pc=0x000001d2be810428 method=org.gradle.internal.operations.DefaultBuildOperationRunner.getCurrentBuildOperation()Lorg/gradle/internal/operations/BuildOperationState; @ 7 c2
Event: 139.360 Thread 0x000001d2fd6778b0 Uncommon trap: reason=null_check action=make_not_entrant pc=0x000001d2be810428 method=org.gradle.internal.operations.DefaultBuildOperationRunner.getCurrentBuildOperation()Lorg/gradle/internal/operations/BuildOperationState; @ 7 c2
Event: 139.360 Thread 0x000001d2fd674100 DEOPT PACKING pc=0x000001d2be810428 sp=0x00000006b39fec40
Event: 139.360 Thread 0x000001d2fd6778b0 DEOPT PACKING pc=0x000001d2be810428 sp=0x00000006ae3fecf0
Event: 139.360 Thread 0x000001d2fd6778b0 DEOPT UNPACKING pc=0x000001d2be0ca1a3 sp=0x00000006ae3fec80 mode 2
Event: 139.360 Thread 0x000001d2fd674100 DEOPT UNPACKING pc=0x000001d2be0ca1a3 sp=0x00000006b39febd0 mode 2
Event: 139.361 Thread 0x000001d2fd6778b0 Uncommon trap: trap_request=0xffffff54 fr.pc=0x000001d2bec133ec relative=0x00000000000000ac
Event: 139.361 Thread 0x000001d2fd674100 Uncommon trap: trap_request=0xffffff54 fr.pc=0x000001d2bec133ec relative=0x00000000000000ac
Event: 139.361 Thread 0x000001d2fd6778b0 Uncommon trap: reason=speculate_null_assert action=make_not_entrant pc=0x000001d2bec133ec method=org.gradle.internal.operations.DefaultBuildOperationRunner.execute(Lorg/gradle/internal/operations/BuildOperationDescriptor$Builder;Lorg/gradle/internal/opera
Event: 139.361 Thread 0x000001d2fd674100 Uncommon trap: reason=speculate_null_assert action=make_not_entrant pc=0x000001d2bec133ec method=org.gradle.internal.operations.DefaultBuildOperationRunner.execute(Lorg/gradle/internal/operations/BuildOperationDescriptor$Builder;Lorg/gradle/internal/opera
Event: 139.361 Thread 0x000001d2fd6778b0 DEOPT PACKING pc=0x000001d2bec133ec sp=0x00000006ae3fec00
Event: 139.361 Thread 0x000001d2fd674100 DEOPT PACKING pc=0x000001d2bec133ec sp=0x00000006b39feb50
Event: 139.361 Thread 0x000001d2fd674100 DEOPT UNPACKING pc=0x000001d2be0ca1a3 sp=0x00000006b39feb10 mode 2
Event: 139.361 Thread 0x000001d2fd6778b0 DEOPT UNPACKING pc=0x000001d2be0ca1a3 sp=0x00000006ae3febc0 mode 2
Event: 139.388 Thread 0x000001d2fd677dc0 Uncommon trap: trap_request=0xffffff54 fr.pc=0x000001d2bec6ded0 relative=0x0000000000000070
Event: 139.388 Thread 0x000001d2fd677dc0 Uncommon trap: reason=speculate_null_assert action=make_not_entrant pc=0x000001d2bec6ded0 method=org.gradle.internal.operations.DefaultBuildOperationRunner.execute(Lorg/gradle/internal/operations/BuildOperationDescriptor$Builder;Lorg/gradle/internal/opera
Event: 139.388 Thread 0x000001d2fd677dc0 DEOPT PACKING pc=0x000001d2bec6ded0 sp=0x00000006b3bfead0
Event: 139.388 Thread 0x000001d2fd677dc0 DEOPT UNPACKING pc=0x000001d2be0ca1a3 sp=0x00000006b3bfeb18 mode 2

Classes loaded (20 events):
Event: 68.935 Loading class com/sun/org/apache/xerces/internal/dom/CharacterDataImpl$1
Event: 68.935 Loading class com/sun/org/apache/xerces/internal/dom/CharacterDataImpl$1 done
Event: 68.944 Loading class org/w3c/dom/Comment
Event: 68.944 Loading class org/w3c/dom/Comment done
Event: 84.144 Loading class java/util/HashSetBeanInfo
Event: 84.144 Loading class java/util/HashSetBeanInfo done
Event: 84.144 Loading class java/util/HashSetBeanInfo
Event: 84.144 Loading class java/util/HashSetBeanInfo done
Event: 84.145 Loading class java/util/HashSetCustomizer
Event: 84.145 Loading class java/util/HashSetCustomizer done
Event: 84.145 Loading class java/util/HashSetCustomizer
Event: 84.145 Loading class java/util/HashSetCustomizer done
Event: 114.603 Loading class java/time/Instant$1
Event: 114.604 Loading class java/time/Instant$1 done
Event: 119.449 Loading class java/nio/file/FileTreeWalker$1
Event: 119.451 Loading class java/nio/file/FileTreeWalker$1 done
Event: 139.015 Loading class java/util/concurrent/ConcurrentSkipListMap$KeySet
Event: 139.016 Loading class java/util/concurrent/ConcurrentSkipListMap$KeySet done
Event: 139.016 Loading class java/util/concurrent/ConcurrentSkipListMap$KeyIterator
Event: 139.016 Loading class java/util/concurrent/ConcurrentSkipListMap$KeyIterator done

Classes unloaded (0 events):
No events

Classes redefined (0 events):
No events

Internal exceptions (20 events):
Event: 84.556 Thread 0x000001d2ee7697f0 Exception <a 'java/lang/ClassNotFoundException'{0x00000000a177e238}: org/gradle/api/tasks/DeleteCustomizer> (0x00000000a177e238) 
thrown [s\src\hotspot\share\classfile\systemDictionary.cpp, line 256]
Event: 84.557 Thread 0x000001d2ee7697f0 Exception <a 'java/lang/ClassNotFoundException'{0x00000000a179d658}: org/gradle/api/tasks/Delete_DecoratedCustomizer> (0x00000000a179d658) 
thrown [s\src\hotspot\share\classfile\systemDictionary.cpp, line 256]
Event: 84.558 Thread 0x000001d2ee7697f0 Implicit null exception at 0x000001d2bf44045e to 0x000001d2bf442458
Event: 84.569 Thread 0x000001d2ee7697f0 Exception <a 'java/lang/ClassNotFoundException'{0x00000000a17fb5b8}: org/gradle/api/internal/model/DefaultObjectFactoryBeanInfo> (0x00000000a17fb5b8) 
thrown [s\src\hotspot\share\classfile\systemDictionary.cpp, line 256]
Event: 84.570 Thread 0x000001d2ee7697f0 Exception <a 'java/lang/ClassNotFoundException'{0x00000000a16090e8}: org/gradle/api/internal/model/DefaultObjectFactoryCustomizer> (0x00000000a16090e8) 
thrown [s\src\hotspot\share\classfile\systemDictionary.cpp, line 256]
Event: 118.218 Thread 0x000001d2f166cec0 Exception <a 'java/lang/ClassNotFoundException'{0x00000000a1d1d340}: org/gradle/process/internal/DefaultExecHandle$ExecResultImplBeanInfo> (0x00000000a1d1d340) 
thrown [s\src\hotspot\share\classfile\systemDictionary.cpp, line 256]
Event: 118.220 Thread 0x000001d2f166cec0 Exception <a 'java/lang/ClassNotFoundException'{0x00000000a1d38a20}: org/gradle/process/internal/DefaultExecHandle$ExecResultImplCustomizer> (0x00000000a1d38a20) 
thrown [s\src\hotspot\share\classfile\systemDictionary.cpp, line 256]
Event: 139.019 Thread 0x000001d2f166c9b0 Exception <a 'java/lang/NoSuchMethodError'{0x00000000a2661520}: static Lcom/android/build/api/variant/BuildConfigField;.<clinit>()V> (0x00000000a2661520) 
thrown [s\src\hotspot\share\prims\jni.cpp, line 1112]
Event: 139.290 Thread 0x000001d2fd6731d0 Exception <a 'sun/nio/fs/WindowsException'{0x00000000a22e9be8}> (0x00000000a22e9be8) 
thrown [s\src\hotspot\share\prims\jni.cpp, line 516]
Event: 139.291 Thread 0x000001d2fd6731d0 Exception <a 'sun/nio/fs/WindowsException'{0x00000000a22eaf08}> (0x00000000a22eaf08) 
thrown [s\src\hotspot\share\prims\jni.cpp, line 516]
Event: 139.291 Thread 0x000001d2fd6731d0 Exception <a 'sun/nio/fs/WindowsException'{0x00000000a22eb0f0}> (0x00000000a22eb0f0) 
thrown [s\src\hotspot\share\prims\jni.cpp, line 516]
Event: 139.344 Thread 0x000001d2f166c4a0 Exception <a 'sun/nio/fs/WindowsException'{0x00000000a2069168}> (0x00000000a2069168) 
thrown [s\src\hotspot\share\prims\jni.cpp, line 516]
Event: 139.344 Thread 0x000001d2f166c4a0 Exception <a 'sun/nio/fs/WindowsException'{0x00000000a206a068}> (0x00000000a206a068) 
thrown [s\src\hotspot\share\prims\jni.cpp, line 516]
Event: 139.344 Thread 0x000001d2f166c4a0 Exception <a 'sun/nio/fs/WindowsException'{0x00000000a206a230}> (0x00000000a206a230) 
thrown [s\src\hotspot\share\prims\jni.cpp, line 516]
Event: 139.387 Thread 0x000001d2f166e300 Exception <a 'sun/nio/fs/WindowsException'{0x00000000a1f47088}> (0x00000000a1f47088) 
thrown [s\src\hotspot\share\prims\jni.cpp, line 516]
Event: 139.387 Thread 0x000001d2f166e300 Exception <a 'sun/nio/fs/WindowsException'{0x00000000a1f485a8}> (0x00000000a1f485a8) 
thrown [s\src\hotspot\share\prims\jni.cpp, line 516]
Event: 139.387 Thread 0x000001d2f166e300 Exception <a 'sun/nio/fs/WindowsException'{0x00000000a1f48770}> (0x00000000a1f48770) 
thrown [s\src\hotspot\share\prims\jni.cpp, line 516]
Event: 139.420 Thread 0x000001d2f166c9b0 Exception <a 'sun/nio/fs/WindowsException'{0x00000000a1f82320}> (0x00000000a1f82320) 
thrown [s\src\hotspot\share\prims\jni.cpp, line 516]
Event: 139.420 Thread 0x000001d2f166c9b0 Exception <a 'sun/nio/fs/WindowsException'{0x00000000a1f83330}> (0x00000000a1f83330) 
thrown [s\src\hotspot\share\prims\jni.cpp, line 516]
Event: 139.420 Thread 0x000001d2f166c9b0 Exception <a 'sun/nio/fs/WindowsException'{0x00000000a1f838e0}> (0x00000000a1f838e0) 
thrown [s\src\hotspot\share\prims\jni.cpp, line 516]

VM Operations (20 events):
Event: 125.083 Executing VM operation: Cleanup done
Event: 125.170 Executing VM operation: HandshakeAllThreads
Event: 125.170 Executing VM operation: HandshakeAllThreads done
Event: 126.181 Executing VM operation: Cleanup
Event: 126.182 Executing VM operation: Cleanup done
Event: 127.379 Executing VM operation: HandshakeAllThreads
Event: 127.380 Executing VM operation: HandshakeAllThreads done
Event: 127.380 Executing VM operation: Cleanup
Event: 127.380 Executing VM operation: Cleanup done
Event: 128.383 Executing VM operation: Cleanup
Event: 128.383 Executing VM operation: Cleanup done
Event: 130.396 Executing VM operation: Cleanup
Event: 130.396 Executing VM operation: Cleanup done
Event: 136.428 Executing VM operation: Cleanup
Event: 136.428 Executing VM operation: Cleanup done
Event: 137.436 Executing VM operation: Cleanup
Event: 137.436 Executing VM operation: Cleanup done
Event: 138.446 Executing VM operation: Cleanup
Event: 138.447 Executing VM operation: Cleanup done
Event: 139.448 Executing VM operation: Cleanup

Memory protections (0 events):
No events

Nmethod flushes (20 events):
Event: 82.482 Thread 0x000001d2cd54dcf0 flushing  nmethod 0x000001d2b8b71010
Event: 82.482 Thread 0x000001d2cd54dcf0 flushing  nmethod 0x000001d2b8b83790
Event: 125.175 Thread 0x000001d2cd54dcf0 flushing  nmethod 0x000001d2bf1d2b90
Event: 125.190 Thread 0x000001d2cd54dcf0 flushing  nmethod 0x000001d2b79ba310
Event: 125.190 Thread 0x000001d2cd54dcf0 flushing  nmethod 0x000001d2b7a08e90
Event: 125.191 Thread 0x000001d2cd54dcf0 flushing  nmethod 0x000001d2b7a95690
Event: 125.191 Thread 0x000001d2cd54dcf0 flushing  nmethod 0x000001d2b7a95b10
Event: 125.191 Thread 0x000001d2cd54dcf0 flushing  nmethod 0x000001d2b7aac090
Event: 125.194 Thread 0x000001d2cd54dcf0 flushing  nmethod 0x000001d2b7ca6690
Event: 125.199 Thread 0x000001d2cd54dcf0 flushing  nmethod 0x000001d2b8114090
Event: 125.203 Thread 0x000001d2cd54dcf0 flushing  nmethod 0x000001d2b8449d10
Event: 125.207 Thread 0x000001d2cd54dcf0 flushing  nmethod 0x000001d2b88fe010
Event: 125.207 Thread 0x000001d2cd54dcf0 flushing  nmethod 0x000001d2b8907890
Event: 125.207 Thread 0x000001d2cd54dcf0 flushing  nmethod 0x000001d2b8939910
Event: 125.207 Thread 0x000001d2cd54dcf0 flushing  nmethod 0x000001d2b8972110
Event: 125.207 Thread 0x000001d2cd54dcf0 flushing  nmethod 0x000001d2b89a3490
Event: 125.207 Thread 0x000001d2cd54dcf0 flushing  nmethod 0x000001d2b89a4710
Event: 125.207 Thread 0x000001d2cd54dcf0 flushing  nmethod 0x000001d2b89a4b90
Event: 125.210 Thread 0x000001d2cd54dcf0 flushing  nmethod 0x000001d2b8d0b890
Event: 125.210 Thread 0x000001d2cd54dcf0 flushing  nmethod 0x000001d2b8d0bf10

Events (20 events):
Event: 31.818 Thread 0x000001d2ee7697f0 Thread added: 0x000001d2ee9cea40
Event: 34.331 Thread 0x000001d2ef909840 Thread exited: 0x000001d2ef909840
Event: 45.009 Thread 0x000001d2ee7697f0 Thread added: 0x000001d2ee9d08a0
Event: 45.018 Thread 0x000001d2ee9d08a0 Thread added: 0x000001d2ee9cd0f0
Event: 45.018 Thread 0x000001d2ee9d08a0 Thread added: 0x000001d2ee9d3120
Event: 46.771 Thread 0x000001d2cd53d3c0 Thread added: 0x000001d2f82519e0
Event: 47.248 Thread 0x000001d2f82519e0 Thread exited: 0x000001d2f82519e0
Event: 47.624 Thread 0x000001d2cd53d3c0 Thread added: 0x000001d2f82519e0
Event: 47.960 Thread 0x000001d2f82519e0 Thread exited: 0x000001d2f82519e0
Event: 48.479 Thread 0x000001d2cd529950 Thread added: 0x000001d2f82519e0
Event: 48.894 Thread 0x000001d2f82519e0 Thread exited: 0x000001d2f82519e0
Event: 49.070 Thread 0x000001d2cd529950 Thread added: 0x000001d2f82519e0
Event: 55.679 Thread 0x000001d2f82519e0 Thread exited: 0x000001d2f82519e0
Event: 83.854 Thread 0x000001d2f166ba80 Thread exited: 0x000001d2f166ba80
Event: 84.598 Thread 0x000001d2ee7697f0 Thread added: 0x000001d2fd6731d0
Event: 84.622 Thread 0x000001d2f166d3d0 Thread added: 0x000001d2fd676470
Event: 127.034 Thread 0x000001d2f1757500 Thread exited: 0x000001d2f1757500
Event: 139.334 Thread 0x000001d2fd6731d0 Thread added: 0x000001d2fd6778b0
Event: 139.344 Thread 0x000001d2f166c4a0 Thread added: 0x000001d2fd674100
Event: 139.388 Thread 0x000001d2f166e300 Thread added: 0x000001d2fd677dc0


Dynamic libraries:
0x00007ff6489d0000 - 0x00007ff6489de000 	C:\Program Files\Microsoft\jdk-17.0.18.8-hotspot\bin\java.exe
0x00007fffa9fa0000 - 0x00007fffaa206000 	C:\WINDOWS\SYSTEM32\ntdll.dll
0x00007fffa8a30000 - 0x00007fffa8af9000 	C:\WINDOWS\System32\KERNEL32.DLL
0x00007fffa71b0000 - 0x00007fffa75af000 	C:\WINDOWS\System32\KERNELBASE.dll
0x00007fffa7ab0000 - 0x00007fffa7bfc000 	C:\WINDOWS\System32\ucrtbase.dll
0x00007fff815c0000 - 0x00007fff815de000 	C:\Program Files\Microsoft\jdk-17.0.18.8-hotspot\bin\VCRUNTIME140.dll
0x00007fff815e0000 - 0x00007fff815f8000 	C:\Program Files\Microsoft\jdk-17.0.18.8-hotspot\bin\jli.dll
0x00007fffa7cd0000 - 0x00007fffa7e96000 	C:\WINDOWS\System32\USER32.dll
0x00007fffa79d0000 - 0x00007fffa79f7000 	C:\WINDOWS\System32\win32u.dll
0x00007fffa8c30000 - 0x00007fffa8c5b000 	C:\WINDOWS\System32\GDI32.dll
0x00007fff89720000 - 0x00007fff899b1000 	C:\WINDOWS\WinSxS\amd64_microsoft.windows.common-controls_6595b64144ccf1df_6.0.26100.8972_none_3e0da176e32f9d4b\COMCTL32.dll
0x00007fffa77e0000 - 0x00007fffa7909000 	C:\WINDOWS\System32\gdi32full.dll
0x00007fffa7a00000 - 0x00007fffa7aa3000 	C:\WINDOWS\System32\msvcp_win.dll
0x00007fffa8ec0000 - 0x00007fffa8f69000 	C:\WINDOWS\System32\msvcrt.dll
0x00007fffa8210000 - 0x00007fffa8242000 	C:\WINDOWS\System32\IMM32.DLL
0x00007fff9e4f0000 - 0x00007fff9e4fc000 	C:\Program Files\Microsoft\jdk-17.0.18.8-hotspot\bin\vcruntime140_1.dll
0x00007fff08d50000 - 0x00007fff08dd9000 	C:\Program Files\Microsoft\jdk-17.0.18.8-hotspot\bin\msvcp140.dll
0x00007fff07ef0000 - 0x00007fff08b6a000 	C:\Program Files\Microsoft\jdk-17.0.18.8-hotspot\bin\server\jvm.dll
0x00007fffa9460000 - 0x00007fffa951c000 	C:\WINDOWS\System32\ADVAPI32.dll
0x00007fffa8c60000 - 0x00007fffa8d0a000 	C:\WINDOWS\System32\sechost.dll
0x00007fffa8350000 - 0x00007fffa8468000 	C:\WINDOWS\System32\RPCRT4.dll
0x00007fffa9d50000 - 0x00007fffa9dd2000 	C:\WINDOWS\System32\WS2_32.dll
0x00007fffa7010000 - 0x00007fffa706e000 	C:\WINDOWS\SYSTEM32\POWRPROF.dll
0x00007fff9b930000 - 0x00007fff9b966000 	C:\WINDOWS\SYSTEM32\WINMM.dll
0x00007fff9b770000 - 0x00007fff9b77b000 	C:\WINDOWS\SYSTEM32\VERSION.dll
0x00007fffa6ff0000 - 0x00007fffa7005000 	C:\WINDOWS\SYSTEM32\UMPDC.dll
0x00007fffa5ea0000 - 0x00007fffa5ebb000 	C:\WINDOWS\SYSTEM32\kernel.appcore.dll
0x00007fff815b0000 - 0x00007fff815ba000 	C:\Program Files\Microsoft\jdk-17.0.18.8-hotspot\bin\jimage.dll
0x00007fffa47a0000 - 0x00007fffa49e2000 	C:\WINDOWS\SYSTEM32\DBGHELP.DLL
0x00007fffa8550000 - 0x00007fffa88d5000 	C:\WINDOWS\System32\combase.dll
0x00007fffa8470000 - 0x00007fffa8549000 	C:\WINDOWS\System32\OLEAUT32.dll
0x00007fff7f080000 - 0x00007fff7f0bb000 	C:\WINDOWS\SYSTEM32\dbgcore.DLL
0x00007fffa7910000 - 0x00007fffa79bc000 	C:\WINDOWS\System32\bcryptPrimitives.dll
0x00007fff43c50000 - 0x00007fff43c5f000 	C:\Program Files\Microsoft\jdk-17.0.18.8-hotspot\bin\instrument.dll
0x00007fff08d20000 - 0x00007fff08d46000 	C:\Program Files\Microsoft\jdk-17.0.18.8-hotspot\bin\java.dll
0x00007fff08c40000 - 0x00007fff08d16000 	C:\Program Files\Microsoft\jdk-17.0.18.8-hotspot\bin\jsvml.dll
0x00007fffa95c0000 - 0x00007fffa9d48000 	C:\WINDOWS\System32\SHELL32.dll
0x00007fffa4c80000 - 0x00007fffa551b000 	C:\WINDOWS\SYSTEM32\windows.storage.dll
0x00007fffa8b00000 - 0x00007fffa8bf9000 	C:\WINDOWS\System32\SHCORE.dll
0x00007fffa89b0000 - 0x00007fffa8a16000 	C:\WINDOWS\System32\shlwapi.dll
0x00007fffa70d0000 - 0x00007fffa70f9000 	C:\WINDOWS\SYSTEM32\profapi.dll
0x00007fff08be0000 - 0x00007fff08bf8000 	C:\Program Files\Microsoft\jdk-17.0.18.8-hotspot\bin\zip.dll
0x00007fff08c20000 - 0x00007fff08c3b000 	C:\Program Files\Microsoft\jdk-17.0.18.8-hotspot\bin\net.dll
0x00007fff9ea30000 - 0x00007fff9eb58000 	C:\WINDOWS\SYSTEM32\WINHTTP.dll
0x00007fffa6450000 - 0x00007fffa64bc000 	C:\WINDOWS\system32\mswsock.dll
0x00007fff08c00000 - 0x00007fff08c16000 	C:\Program Files\Microsoft\jdk-17.0.18.8-hotspot\bin\nio.dll
0x00007fff75100000 - 0x00007fff75110000 	C:\Program Files\Microsoft\jdk-17.0.18.8-hotspot\bin\verify.dll
0x00007fff07ec0000 - 0x00007fff07ee7000 	C:\Users\Sudharani-ITS130\.gradle\native\1def1411415f61bf3af743bc5b6707747c0891f09f0c88961ee8f79bc544acac\windows-amd64\native-platform.dll
0x00007fff84a50000 - 0x00007fff84ac8000 	C:\Users\Sudharani-ITS130\.gradle\native\0.2.7\x86_64-windows-gnu\gradle-fileevents.dll
0x00007fff5d950000 - 0x00007fff5d95a000 	C:\Program Files\Microsoft\jdk-17.0.18.8-hotspot\bin\management.dll
0x00007fff5d540000 - 0x00007fff5d54c000 	C:\Program Files\Microsoft\jdk-17.0.18.8-hotspot\bin\management_ext.dll
0x00007fffa9e70000 - 0x00007fffa9e78000 	C:\WINDOWS\System32\PSAPI.DLL
0x00007fffa58c0000 - 0x00007fffa58f3000 	C:\WINDOWS\SYSTEM32\IPHLPAPI.DLL
0x00007fffa8d10000 - 0x00007fffa8d1a000 	C:\WINDOWS\System32\NSI.dll
0x00007fff9ebb0000 - 0x00007fff9ebcd000 	C:\WINDOWS\SYSTEM32\dhcpcsvc6.DLL
0x00007fff9eb60000 - 0x00007fff9eb85000 	C:\WINDOWS\SYSTEM32\dhcpcsvc.DLL
0x00007fffa5960000 - 0x00007fffa5ab8000 	C:\WINDOWS\SYSTEM32\DNSAPI.dll
0x00007fffa6230000 - 0x00007fffa623d000 	C:\WINDOWS\SYSTEM32\DSPARSE.dll
0x00007fff5c920000 - 0x00007fff5c929000 	C:\Program Files\Microsoft\jdk-17.0.18.8-hotspot\bin\extnet.dll
0x00007fffa6740000 - 0x00007fffa675b000 	C:\WINDOWS\SYSTEM32\CRYPTSP.dll
0x00007fffa5e00000 - 0x00007fffa5e39000 	C:\WINDOWS\system32\rsaenh.dll
0x00007fffa6500000 - 0x00007fffa6532000 	C:\WINDOWS\SYSTEM32\USERENV.dll
0x00007fffa70a0000 - 0x00007fffa70ca000 	C:\WINDOWS\SYSTEM32\bcrypt.dll
0x00007fffa6760000 - 0x00007fffa676c000 	C:\WINDOWS\SYSTEM32\CRYPTBASE.dll
0x00007fff1f400000 - 0x00007fff1f40e000 	C:\Program Files\Microsoft\jdk-17.0.18.8-hotspot\bin\sunmscapi.dll
0x00007fffa75c0000 - 0x00007fffa773e000 	C:\WINDOWS\System32\CRYPT32.dll
0x00007fffa6980000 - 0x00007fffa69b0000 	C:\WINDOWS\SYSTEM32\ncrypt.dll
0x00007fffa6930000 - 0x00007fffa696f000 	C:\WINDOWS\SYSTEM32\NTASN1.dll
0x00007fff858c0000 - 0x00007fff858c8000 	C:\WINDOWS\system32\wshunix.dll

dbghelp: loaded successfully - version: 4.0.5 - missing functions: none
symbol engine: initialized successfully - sym options: 0x614 - pdb path: .;C:\Program Files\Microsoft\jdk-17.0.18.8-hotspot\bin;C:\WINDOWS\SYSTEM32;C:\WINDOWS\WinSxS\amd64_microsoft.windows.common-controls_6595b64144ccf1df_6.0.26100.8972_none_3e0da176e32f9d4b;C:\Program Files\Microsoft\jdk-17.0.18.8-hotspot\bin\server;C:\Users\Sudharani-ITS130\.gradle\native\1def1411415f61bf3af743bc5b6707747c0891f09f0c88961ee8f79bc544acac\windows-amd64;C:\Users\Sudharani-ITS130\.gradle\native\0.2.7\x86_64-windows-gnu

VM Arguments:
jvm_args: --add-opens=java.base/java.lang=ALL-UNNAMED --add-opens=java.base/java.lang.invoke=ALL-UNNAMED --add-opens=java.base/java.util=ALL-UNNAMED --add-opens=java.prefs/java.util.prefs=ALL-UNNAMED --add-exports=jdk.compiler/com.sun.tools.javac.api=ALL-UNNAMED --add-exports=jdk.compiler/com.sun.tools.javac.util=ALL-UNNAMED --add-opens=java.base/java.util=ALL-UNNAMED --add-opens=java.prefs/java.util.prefs=ALL-UNNAMED --add-opens=java.base/java.nio.charset=ALL-UNNAMED --add-opens=java.base/java.net=ALL-UNNAMED --add-opens=java.base/java.util.concurrent.atomic=ALL-UNNAMED --add-opens=java.xml/javax.xml.namespace=ALL-UNNAMED -XX:MaxMetaspaceSize=512m -Xmx2048m -Dfile.encoding=windows-1252 -Duser.country=US -Duser.language=en -Duser.variant -javaagent:C:\Users\Sudharani-ITS130\.gradle\wrapper\dists\gradle-8.13-bin\5xuhj0ry160q40clulazy9h7d\gradle-8.13\lib\agents\gradle-instrumentation-agent-8.13.jar 
java_command: org.gradle.launcher.daemon.bootstrap.GradleDaemon 8.13
java_class_path (initial): C:\Users\Sudharani-ITS130\.gradle\wrapper\dists\gradle-8.13-bin\5xuhj0ry160q40clulazy9h7d\gradle-8.13\lib\gradle-daemon-main-8.13.jar
Launcher Type: SUN_STANDARD

[Global flags]
     intx CICompilerCount                          = 4                                         {product} {ergonomic}
   size_t CompressedClassSpaceSize                 = 436207616                                 {product} {ergonomic}
     uint ConcGCThreads                            = 2                                         {product} {ergonomic}
     uint G1ConcRefinementThreads                  = 8                                         {product} {ergonomic}
   size_t G1HeapRegionSize                         = 1048576                                   {product} {ergonomic}
    uintx GCDrainStackTargetSize                   = 64                                        {product} {ergonomic}
   size_t InitialHeapSize                          = 260046848                                 {product} {ergonomic}
   size_t MarkStackSize                            = 4194304                                   {product} {ergonomic}
   size_t MaxHeapSize                              = 2147483648                                {product} {command line}
   size_t MaxMetaspaceSize                         = 536870912                                 {product} {command line}
   size_t MaxNewSize                               = 1287651328                                {product} {ergonomic}
   size_t MinHeapDeltaBytes                        = 1048576                                   {product} {ergonomic}
   size_t MinHeapSize                              = 8388608                                   {product} {ergonomic}
    uintx NonNMethodCodeHeapSize                   = 5839372                                {pd product} {ergonomic}
    uintx NonProfiledCodeHeapSize                  = 122909434                              {pd product} {ergonomic}
    uintx ProfiledCodeHeapSize                     = 122909434                              {pd product} {ergonomic}
    uintx ReservedCodeCacheSize                    = 251658240                              {pd product} {ergonomic}
     bool SegmentedCodeCache                       = true                                      {product} {ergonomic}
   size_t SoftMaxHeapSize                          = 2147483648                             {manageable} {ergonomic}
     bool UseCompressedClassPointers               = true                           {product lp64_product} {ergonomic}
     bool UseCompressedOops                        = true                           {product lp64_product} {ergonomic}
     bool UseG1GC                                  = true                                      {product} {ergonomic}
     bool UseLargePagesIndividualAllocation        = false                                  {pd product} {ergonomic}

Logging:
Log output configuration:
 #0: stdout all=warning uptime,level,tags
 #1: stderr all=off uptime,level,tags

Environment Variables:
JAVA_HOME=C:\Program Files\Microsoft\jdk-17.0.18.8-hotspot\
PATH=D:\DelPart\delivery_partner_frontend\node_modules\.bin;D:\DelPart\delivery_partner_frontend\node_modules\.bin;D:\DelPart\node_modules\.bin;D:\node_modules\.bin;C:\Program Files\nodejs\node_modules\npm\node_modules\@npmcli\run-script\lib\node-gyp-bin;%PATH%;C:\Users\Sudharani-ITS130\AppData\Local\Android\Sdk\platform-tools;C:\Users\Sudharani-ITS130\AppData\Local\Android\Sdk\emulator;C:\Users\Sudharani-ITS130\AppData\Local\Android\Sdk\platform-tools;C:\Users\Sudharani-ITS130\AppData\Local\Android\Sdk\emulator;;C:\WINDOWS\system32;C:\WINDOWS;C:\WINDOWS\System32\Wbem;C:\WINDOWS\System32\WindowsPowerShell\v1.0\;C:\WINDOWS\System32\OpenSSH\;C:\Program Files\Microsoft\jdk-17.0.18.8-hotspot\bin;C:\Python314\Scripts\;C:\Python314\;C:\Windows\system32;C:\Windows;C:\Windows\System32\Wbem;C:\Windows\System32\WindowsPowerShell\v1.0\;C:\Windows\System32\OpenSSH\;C:\Program Files\nodejs\;C:\ProgramData\chocolatey\bin;C:\Program Files\Git\cmd;C:\Users\Sudharani-ITS130\AppData\Local\Microsoft\WindowsApps;C:\Users\Sudharani-ITS130\AppData\Roaming\npm;C:\Users\Sudharani-ITS130\AppData\Local\Programs\Microsoft VS Code\bin;C:\Users\Sudharani-ITS130\AppData\Local\Microsoft\WindowsApps
USERNAME=Sudharani-ITS130
LANG=en_US.UTF-8
OS=Windows_NT
PROCESSOR_IDENTIFIER=Intel64 Family 6 Model 140 Stepping 1, GenuineIntel
TMP=C:\Users\SUDHAR~1\AppData\Local\Temp
TEMP=C:\Users\SUDHAR~1\AppData\Local\Temp



Periodic native trim disabled


---------------  S Y S T E M  ---------------

OS:
 Windows 11 , 64 bit Build 26100 (10.0.26100.9168)
OS uptime: 0 days 0:09 hours

CPU: total 8 (initial active 8) (4 cores per cpu, 2 threads per core) family 6 model 140 stepping 1 microcode 0xbe, cx8, cmov, fxsr, ht, mmx, 3dnowpref, sse, sse2, sse3, ssse3, sse4.1, sse4.2, popcnt, lzcnt, tsc, tscinvbit, avx, avx2, aes, erms, clmul, bmi1, bmi2, adx, avx512f, avx512dq, avx512cd, avx512bw, avx512vl, sha, fma, vzeroupper, avx512_vpopcntdq, avx512_vpclmulqdq, avx512_vaes, avx512_vnni, clflush, clflushopt, clwb, avx512_vbmi2, avx512_vbmi
Processor Information for the first 8 processors :
  Max Mhz: 1382, Current Mhz: 1382, Mhz Limit: 1382

Memory: 4k page, system-wide physical 15781M (471M free)
TotalPageFile size 40646M (AvailPageFile size 3M)
current process WorkingSet (physical memory assigned to process): 463M, peak: 983M
current process commit charge ("private bytes"): 1053M, peak: 1060M

vm_info: OpenJDK 64-Bit Server VM (17.0.18+8-LTS) for windows-amd64 JRE (17.0.18+8-LTS), built on Jan 15 2026 18:50:45 by "MicrosoftCorporation" with MS VC++ 17.14 (VS2022)

END.
